CASE_ID,ACCIDENT_YEAR,PROC_DATE,JURIS,COLLISION_DATE,COLLISION_TIME,OFFICER_ID,REPORTING_DISTRICT,DAY_OF_WEEK,CHP_SHIFT,POPULATION,CNTY_CITY_LOC,SPECIAL_COND,BEAT_TYPE,CHP_BEAT_TYPE,CITY_DIVISION_LAPD,CHP_BEAT_CLASS,BEAT_NUMBER,PRIMARY_RD,SECONDARY_RD,DISTANCE,DIRECTION,INTERSECTION,WEATHER_1,WEATHER_2,STATE_HWY_IND,CALTRANS_COUNTY,CALTRANS_DISTRICT,STATE_ROUTE,ROUTE_SUFFIX,POSTMILE_PREFIX,POSTMILE,LOCATION_TYPE,RAMP_INTERSECTION,SIDE_OF_HWY,TOW_AWAY,COLLISION_SEVERITY,NUMBER_KILLED,NUMBER_INJURED,PARTY_COUNT,PRIMARY_COLL_FACTOR,PCF_CODE_OF_VIOL,PCF_VIOL_CATEGORY,PCF_VIOLATION,PCF_VIOL_SUBSECTION,HIT_AND_RUN,TYPE_OF_COLLISION,MVIW,PED_ACTION,ROAD_SURFACE,ROAD_COND_1,ROAD_COND_2,LIGHTING,CONTROL_DEVICE,CHP_ROAD_TYPE,PEDESTRIAN_ACCIDENT,BICYCLE_ACCIDENT,MOTORCYCLE_ACCIDENT,TRUCK_ACCIDENT,NOT_PRIVATE_PROPERTY,ALCOHOL_INVOLVED,STWD_VEHTYPE_AT_FAULT,CHP_VEHTYPE_AT_FAULT,COUNT_SEVERE_INJ,COUNT_VISIBLE_INJ,COUNT_COMPLAINT_PAIN,COUNT_PED_KILLED,COUNT_PED_INJURED,COUNT_BICYCLIST_KILLED,COUNT_BICYCLIST_INJURED,COUNT_MC_KILLED,COUNT_MC_INJURED,PRIMARY_RAMP,SECONDARY_RAMP,LATITUDE,LONGITUDE,COUNTY,CITY,POINT_X,POINT_Y
6678384,2017,2018-01-23,1304,2017-09-23,2112,344,EAST,6,5,4,1304,0,0,0,,0,,"6TH ST","VINE ST",43.00,S,N,A,-,N,,,,,,,,,,N,1,1,0,2,A,-,03,22350,,F,G,B,D,A,H,-,C,D,0,Y,,,,Y,,-,,0,0,0,1,0,0,0,0,0,"- ","- ",,,IMPERIAL,"EL CENTRO",-115.55688747000001,32.784842500000003
6682642,2014,2014-12-08,9625,2014-10-21,0530,18207,,2,3,9,1300,0,3,5,,2,010,"MARTIN RD","BAUGHMAN RD",215.00,N,N,A,-,N,,,,,,,,,,Y,3,0,1,1,A,-,08,22107,,N,E,I,A,A,H,-,D,D,0,,,,,Y,,D,22,0,1,0,0,0,0,0,0,0,"- ","- ",33.03013,-115.63021000000001,IMPERIAL,UNINCORPORATED,-115.63015394999999,33.030677650000001
6682646,2014,2014-12-30,9625,2014-10-19,1450,018773,,7,2,9,1300,0,3,5,,2,050,"WARE RD","WILLOUGHBY RD",43.00,N,N,A,-,N,,,,,,,,,,N,4,0,1,2,A,-,08,22107,,N,E,C,A,A,H,-,A,A,0,,,,,Y,,A,01,0,0,1,0,0,0,0,0,0,"- ","- ",32.70852,-115.5254,IMPERIAL,UNINCORPORATED,-115.52544503999999,32.708607739999998
6682686,2014,2014-12-30,9625,2014-10-18,1735,018773,,6,2,9,1300,0,1,3,,2,056,"RT 115","EVAN HEWES HWY",0.00,,Y,A,-,Y,,,115,,,,,,,Y,2,0,3,2,A,-,09,21802,A,N,D,C,A,A,H,-,A,A,0,,,,,Y,,A,01,1,2,0,0,0,0,0,0,0,"- ","- ",32.805869999999999,-115.40619,IMPERIAL,UNINCORPORATED,-115.40612400000001,32.80587019
6682694,2014,2014-12-10,9625,2014-10-03,2300,17958,,5,3,9,1300,0,1,3,,1,011,"RT 86","AVALON DR",49.00,S,N,A,-,Y,,,86,,,,,,,Y,3,0,1,2,A,-,03,22350,,N,C,C,A,A,H,-,D,D,0,,,,Y,Y,,A,01,0,1,0,0,0,0,0,0,0,"- ","- ",33.359960000000001,-116.01967,IMPERIAL,UNINCORPORATED,-116.01962832,33.359972810000002
6682918,2014,2014-12-24,9625,2014-10-16,1445,013781,,4,2,9,1300,0,1,1,,2,001,"RT 8","RT 98",9504.00,W,N,A,-,Y,,,8,,,,,,,Y,4,0,1,1,A,-,08,22107,,N,F,A,A,A,H,-,A,D,0,,,,,Y,,A,01,0,0,1,0,0,0,0,0,0,"- ","- ",32.720440000000004,-116.04592,IMPERIAL,UNINCORPORATED,-116.04593414,32.720493949999998
6682926,2014,2014-12-26,9625,2014-10-17,1745,018468,,5,2,9,1300,0,1,3,,2,053,"RT 111","MCCABE RD",600.00,N,N,A,-,Y,,,111,,,,,,,Y,4,0,1,2,A,-,03,22350,,N,C,C,A,A,H,-,A,D,0,,,,,Y,,A,01,0,0,1,0,0,0,0,0,0,"- ","- ",32.754429999999999,-115.50094,IMPERIAL,UNINCORPORATED,-115.50078916,32.754432309999999
6683285,2014,2015-06-02,9625,2014-10-16,1520,018464,,4,2,3,1301,0,3,5,,2,010,"NILES AV","CORAL SEA AV",0.00,,Y,A,-,N,,,,,,,,,,Y,4,0,2,2,A,-,09,21800,A,M,D,C,A,A,H,-,A,D,0,,,,,Y,,A,01,0,0,2,0,0,0,0,0,0,"- ","- ",33.332650000000001,-115.96277000000001,IMPERIAL,BRAWLEY,-115.96276005,33.332670069999999
6688019,2014,2016-03-01,1301,2014-10-18,1235,,,6,5,3,1301,0,0,0,,0,,"RT 78","2ND ST",200.00,E,N,A,-,N,,,,,,,,,,N,4,0,2,2,A,-,03,22350,,N,C,C,A,A,H,-,A,D,0,,,,,Y,,J,48,0,0,2,0,0,0,0,0,0,"- ","- ",32.978630000000003,-115.53915000000001,IMPERIAL,BRAWLEY,-115.53915000000001,32.978630000000003
6689624,2014,2015-01-07,1304,2014-10-30,1408,348,,4,5,4,1304,0,0,0,,0,,DOGWOOD,AURORA,219.00,S,N,A,-,N,,,,,,,,,,Y,4,0,1,3,A,-,03,22350,,N,C,C,A,A,H,-,A,D,0,,,,,Y,,-,,0,0,1,0,0,0,0,0,0,"- ","- ",,,IMPERIAL,"EL CENTRO",-115.53530000000001,32.777830000000002
6689625,2014,2015-01-06,1304,2014-10-30,1015,347,ECPD,4,5,4,1304,0,0,0,,0,EAST,4TH,ORANGE,0.00,,Y,A,-,N,,,,,,,,,,N,4,0,1,2,A,-,09,21802,A,M,D,C,A,A,H,-,A,D,0,,,,,Y,,-,,0,0,1,0,0,0,0,0,0,"- ","- ",,,IMPERIAL,"EL CENTRO",-115.55251002,32.788770079999999
6689626,2014,2015-01-06,1304,2014-10-29,1111,360,,3,5,4,1304,0,0,0,,0,,IMPERIAL,BRIGHTON,0.00,,Y,A,-,N,,,,,,,,,,Y,2,0,4,2,A,-,09,21802,A,N,D,C,A,A,H,-,A,A,0,,,,,Y,,A,01,1,0,3,0,0,0,0,0,0,"- ","- ",,,IMPERIAL,"EL CENTRO",-115.56984011,32.78970005
6689627,2014,2015-01-07,1304,2014-10-30,2221,368,,4,5,4,1304,0,0,0,,0,EAST,"3RD ST",JACKRABBIT,0.00,,Y,A,-,N,,,,,,,,,,N,3,0,1,2,A,-,09,21803,A,N,D,C,A,A,H,-,C,D,0,,,,,Y,,-,,0,1,0,0,0,0,0,0,0,"- ","- ",,,IMPERIAL,"EL CENTRO",-115.54772007,32.761550100000001
6689634,2014,2015-01-06,1304,2014-10-20,0742,353,1304,1,5,4,1304,0,0,0,,0,,COMMERCIAL,FAIRFIELD,0.00,,Y,A,-,N,,,,,,,,,,Y,3,0,1,2,A,-,09,21801,A,N,B,D,A,A,H,-,A,D,0,,,,,Y,,-,,0,1,0,0,0,0,0,0,0,"- ","- ",,,IMPERIAL,"EL CENTRO",-115.54142011,32.794880050000003
6689635,2014,2015-01-06,1304,2014-10-24,1600,360,,5,5,4,1304,0,0,0,,0,,"LA RUCHERIE","ROSS AV",0.00,,Y,A,-,N,,,,,,,,,,Y,4,0,1,2,A,-,03,22350,,F,C,C,A,A,H,-,A,A,0,,,,,Y,,A,01,0,0,1,0,0,0,0,0,0,"- ","- ",,,IMPERIAL,"EL CENTRO",-115.5784815,32.781474000000003
6689636,2014,2015-01-21,1304,2014-10-22,1148,347,ECPD,3,5,4,1304,0,0,0,,0,EAST,COMMERCIAL,"4TH ST",0.00,,Y,A,-,N,,,,,,,,,,N,4,0,1,2,A,-,09,21802,B,F,D,C,A,-,H,-,A,A,0,,,,,Y,,-,,0,0,1,0,0,0,0,0,0,"- ","- ",,,IMPERIAL,"EL CENTRO",-115.55258003,32.794890070000001
6691793,2014,2015-01-15,1304,2014-09-16,1341,345,,2,5,4,1304,0,0,0,,0,,"8TH ST",EUCLID,0.00,,N,-,-,N,,,,,,,,,,Y,4,0,1,2,A,-,09,21801,A,N,D,C,A,A,H,-,A,D,0,,,,,Y,,-,,0,0,1,0,0,0,0,0,0,"- ","- ",32.798400000000001,-115.9614,IMPERIAL,"EL CENTRO",-115.56146003000001,32.798380080000001
6691797,2014,2014-11-20,1304,2014-09-15,0948,345,,1,5,4,1304,0,0,0,,0,,"10TH ST",VINE,7.00,S,N,A,-,N,,,,,,,,,,Y,3,0,1,1,A,-,05,21650,,M,A,I,A,A,H,-,A,D,0,,,,,Y,,-,,0,1,0,0,0,0,0,0,0,"- ","- ",,,IMPERIAL,"EL CENTRO",-115.56344,32.78494087
6691914,2014,2014-11-20,1301,2014-06-30,1927,910,BRWLY,1,5,3,1301,0,0,0,,0,004,"CESAR CHAVEZ","J ST",0.00,,Y,A,-,N,,,,,,,,,,Y,3,0,2,2,A,-,09,21803,A,N,D,C,A,A,H,-,A,A,0,,,,,Y,,A,07,0,2,0,0,0,0,0,0,0,"- ","- ",,,IMPERIAL,BRAWLEY,-115.52639005,32.974210069999998
6692755,2014,2015-01-23,9625,2014-11-01,0210,020111,,6,3,3,1301,0,1,3,,1,012,"RT 86","AIR PARK DR",9504.00,S,N,G,-,Y,,,,,,,,,,Y,3,0,1,1,A,-,08,22107,,N,F,A,A,A,H,-,D,D,0,,,,Y,Y,,G,25,0,1,0,0,0,0,0,0,0,"- ","- ",33.230559999999997,-115.92621,IMPERIAL,BRAWLEY,-115.92659037,33.230465359999997
6692763,2014,2016-02-23,9625,2014-10-27,1320,13627,,1,1,9,1300,0,2,4,,2,057,"EVAN HEWES HWY","MELOLAND RD",0.00,,Y,A,-,N,,,,,,,,,,Y,4,0,2,2,A,-,09,21801,A,N,D,C,A,A,H,-,A,D,0,,,,,Y,,D,22,0,0,2,0,0,0,0,0,0,"- ","- ",32.803269999999998,-115.44795000000001,IMPERIAL,UNINCORPORATED,-115.44799007,32.803330039999999
6694103,2014,2014-11-19,9625,2014-10-27,1340,017809,,1,1,9,1300,1,3,5,,2,010,"AZURE ST","SUNRISE DR",0.00,,Y,A,-,N,,,,,,,,,,Y,4,0,1,2,A,-,09,21802,A,N,D,C,A,A,H,-,A,A,0,,,,,Y,,A,01,0,0,1,0,0,0,0,0,0,"- ","- ",33.289960000000001,-115.97074000000001,IMPERIAL,UNINCORPORATED,-115.97073004000001,33.289880060000002
6694107,2014,2014-11-18,9625,2014-10-22,0830,017727,,3,1,9,1300,0,1,1,,2,005,"RT 8","RT 98",15312.00,W,N,A,-,Y,,,,,,,,,,Y,2,0,2,1,A,-,08,22107,,N,F,A,A,A,H,-,A,D,0,,,,,Y,,D,22,1,1,0,0,0,0,0,0,0,"- ","- ",,,IMPERIAL,UNINCORPORATED,-115.13571727,32.725230740000001
6694175,2014,2014-12-31,9625,2014-10-23,0400,020111,,4,3,9,1300,0,1,3,,1,011,"RT 86","RT 78",0.00,,Y,A,-,Y,,,86,,,,,,,Y,4,0,1,2,A,-,12,21457,A,N,D,C,A,A,H,-,C,A,0,,,,,Y,,A,01,0,0,1,0,0,0,0,0,0,"- ","- ",32.999130000000001,-115.58853000000001,IMPERIAL,UNINCORPORATED,-115.5886264,32.999055439999999
6694179,2014,2014-12-31,9625,2014-10-22,1120,018933,,3,1,9,1300,0,1,1,,2,003,"RT 8","AUSTIN RD",4752.00,W,N,A,-,Y,,,,,,,,,,Y,3,0,3,1,A,-,08,22107,,N,F,A,A,A,H,-,A,D,0,,,,,Y,,A,07,0,3,0,0,0,0,0,0,0,"- ","- ",32.780419999999999,-115.59375,IMPERIAL,UNINCORPORATED,-115.61039431,32.773990849999997
6694848,2014,2015-01-06,1301,2014-10-24,0915,924,BRWLY,5,5,3,1301,0,0,0,,0,002,"RT 86","MALAN ST",312.00,N,N,A,-,Y,,,,,,,,,,N,4,0,1,2,A,-,04,21703,,N,C,C,A,A,D,-,A,D,0,,,,,Y,,A,01,0,0,1,0,0,0,0,0,0,"- ","- ",,,IMPERIAL,BRAWLEY,,
6695356,2014,2015-01-02,1301,2014-10-17,0750,915,BRWLY,5,5,3,1301,0,0,0,,0,001,"WESTERN AV","RIVER DR",17.00,E,N,A,-,N,,,,,,,,,,N,4,0,1,2,A,-,05,21650,1,N,H,G,A,A,H,-,A,A,0,,Y,,,Y,,L,04,0,0,1,0,0,0,1,0,0,"- ","- ",,,IMPERIAL,BRAWLEY,-115.54364,32.986510000000003
6695360,2014,2015-01-02,1301,2014-10-10,1107,924,BRWLY,5,5,3,1301,0,0,0,,0,002,"EAST PLAZA","MAIN ST",5.00,S,N,A,-,N,,,,,,,,,,N,3,0,1,2,A,-,05,21650,1,N,H,G,A,A,H,-,A,A,0,,Y,,,Y,,L,04,0,1,0,0,0,0,1,0,0,"- ","- ",,,IMPERIAL,BRAWLEY,-115.53616,32.978630000000003
6702201,2014,2014-12-09,9625,2014-10-31,1407,018978,,5,2,9,1300,0,3,5,,2,020,"EDDINS RD","BRANDT RD",624.00,E,N,A,-,N,,,,,,,,,,Y,3,0,2,1,A,-,08,22107,,N,F,A,A,A,H,-,A,D,0,,,,,Y,,A,07,0,2,0,0,0,0,0,0,0,"- ","- ",33.125749999999996,-115.56074,IMPERIAL,UNINCORPORATED,-115.56056316999999,33.125748979999997
6702314,2014,2015-01-07,9625,2014-11-01,0258,020830,,6,3,9,1300,0,2,4,,2,046,"DOGWOOD RD","VILLA RD",173.00,N,N,A,-,N,,,,,,,,,,Y,2,0,1,1,A,-,08,22107,,N,E,I,A,A,H,-,D,D,0,,,,,Y,,A,07,1,0,0,0,0,0,0,0,0,"- ","- ",32.808909999999997,-115.53563,IMPERIAL,UNINCORPORATED,-115.53569019,32.804280839999997
6703471,2014,2015-01-23,1304,2014-11-03,0812,337,,1,5,4,1304,0,0,0,,0,WEST,BROADWAY,10TH,10.00,E,N,A,-,N,,,,,,,,,,N,4,0,1,2,A,-,"- ",,,N,G,B,B,A,H,-,A,A,0,Y,,,,Y,,-,,0,0,1,0,1,0,0,0,0,"- ","- ",,,IMPERIAL,"EL CENTRO",-115.56354764,32.793860000000002
6704655,2014,2015-01-22,9625,2014-11-08,1505,013781,,6,2,9,1300,0,2,4,,2,047,"HACKLEMAN RD","FORRESTER RD",0.00,,Y,A,-,N,,,,,,,,,,Y,3,0,4,2,A,-,09,21802,A,N,D,C,A,A,H,-,A,A,0,,,,Y,Y,,D,22,0,1,3,0,0,0,0,0,0,"- ","- ",32.810989999999997,-115.62063000000001,IMPERIAL,UNINCORPORATED,-115.62066012,32.811100070000002
6707125,2014,2015-01-07,9620,2014-11-05,1015,15647,,3,1,9,1300,0,1,1,,2,081,"RT 8","GORDONS WELL RD",12144.00,E,N,A,-,Y,,,8,,,,,,,Y,3,0,2,1,A,-,08,22107,,N,F,A,A,A,H,-,A,D,0,,,,,Y,,A,07,0,1,1,0,0,0,0,0,0,"- ","- ",32.716000000000001,-114.91934000000001,IMPERIAL,UNINCORPORATED,-114.91940637,32.716058320000002
6715091,2014,2016-02-23,9625,2014-11-05,1550,017809,,3,2,9,1300,0,2,4,,2,057,"EVAN HEWES HWY","RT 115",397.00,W,N,A,-,N,,,,,,,,,,Y,2,0,2,1,A,-,08,22107,,N,F,A,A,A,H,-,A,D,0,,,,,Y,,A,01,2,0,0,0,0,0,0,0,0,"- ","- ",32.80583,-115.40629,IMPERIAL,UNINCORPORATED,-115.40735835,32.805684149999998
6715095,2014,2016-02-23,9625,2014-11-06,2155,020704,,4,2,9,1300,0,3,5,,2,050,"OLD HWY 111","SCHARTZ RD",845.00,N,N,A,-,N,,,,,,,,,,Y,2,0,2,2,A,-,05,21460,A,N,A,C,A,A,H,-,D,D,0,,,,,Y,,A,01,1,0,1,0,0,0,0,0,0,"- ","- ",32.944270000000003,-115.50986,IMPERIAL,UNINCORPORATED,-115.5099493,32.944023139999999
6715099,2014,2015-01-12,9625,2014-11-08,1210,018617,,6,1,9,1300,0,1,3,,1,054,"RT 111","KEYSTONE RD",0.00,,Y,A,-,Y,,,111,,,,,,,Y,4,0,2,2,A,-,12,21453,A,N,D,C,A,A,H,-,A,D,0,,,,,Y,,A,07,0,0,2,0,0,0,0,0,0,"- ","- ",32.912640000000003,-115.50891,IMPERIAL,UNINCORPORATED,-115.50913906,32.912644010000001
6715103,2014,2015-01-12,9625,2014-11-16,0945,013627,,7,1,9,1300,0,1,3,,2,024,"RT 78","OSBORNE PARK RD",1584.00,E,N,G,-,Y,,,,,,,,,,Y,3,0,1,1,C,-,18,,,N,F,A,A,A,B,-,A,D,0,,,Y,,Y,,-,"- ",0,1,0,0,0,0,0,0,1,"- ","- ",,,IMPERIAL,UNINCORPORATED,-115.12995755,32.987141440000002
6716796,2014,2015-01-27,1304,2014-11-22,1600,336,1304,6,5,4,1304,0,0,0,,0,EAST,"SOUTH 6TH ST","VINE ST",0.00,,Y,A,-,N,,,,,,,,,,N,4,0,1,2,A,-,00,20001,,F,D,G,A,A,H,-,A,D,0,,Y,,Y,Y,,F,26,0,0,1,0,0,0,1,0,0,"- ","- ",,,IMPERIAL,"EL CENTRO",-115.55689011,32.784960040000001
6716835,2014,2015-01-16,9625,2014-11-10,1945,19225,,1,2,9,1300,0,2,4,,2,047,"FORRESTER RD","IMLER RD",1168.00,S,N,A,-,N,,,,,,,,,,Y,3,0,1,1,A,-,01,23152,A,N,E,I,A,A,H,-,D,D,0,,,,,Y,Y,D,22,0,1,0,0,0,0,0,0,0,"- ","- ",32.92333,-115.62153000000001,IMPERIAL,UNINCORPORATED,-115.62151548999999,32.923360950000003
6716881,2014,2015-01-12,9625,2014-11-13,0530,015990,,4,3,9,1300,0,1,3,,1,012,"RT 86","AIR PARK DR",14784.00,S,N,A,-,Y,,,,,,,,,,Y,4,0,4,2,A,-,07,21658,A,F,C,C,A,A,H,-,D,D,0,,,,,Y,,A,01,0,0,4,0,0,0,0,0,0,"- ","- ",,,IMPERIAL,UNINCORPORATED,-115.91843851,33.217943830000003
6716941,2014,2016-02-23,1304,2014-11-17,1448,335,1304,1,5,4,1304,0,0,0,,0,WEST,IMPERIAL,COMMERCIAL,36.00,N,N,A,-,N,,,,,,,,,,N,4,0,3,3,A,-,03,22350,,N,C,C,A,A,H,-,A,D,0,,,,,Y,,A,01,0,0,3,0,0,0,0,0,0,"- ","- ",,,IMPERIAL,"EL CENTRO",-115.56996137,32.795228389999998
6716942,2014,2015-01-20,1304,2014-11-17,1453,341,1304,1,5,4,1304,0,0,0,,0,WEST,IMPERIAL,ROSS,0.00,,Y,A,-,Y,,,,,,,,,,Y,4,0,1,2,A,-,09,21800,A,N,D,C,A,A,H,-,A,A,0,,,,,Y,Y,A,07,0,0,1,0,0,0,0,0,0,"- ","- ",,,IMPERIAL,"EL CENTRO",-115.56969006999999,32.781480019999997
6716943,2014,2015-01-09,1304,2014-11-20,2159,326,1304,4,5,4,1304,0,0,0,,0,EAST,EUCLID,"5TH ST",283.00,E,N,A,-,N,,,,,,,,,,Y,2,0,1,1,A,-,08,22107,,N,E,I,A,A,H,-,C,D,0,,,,,Y,,A,01,1,0,0,0,0,0,0,0,0,"- ","- ",,,IMPERIAL,"EL CENTRO",-115.55403422000001,32.798369999999998
6716945,2014,2016-02-23,1304,2014-11-18,0935,341,,2,5,4,1304,0,0,0,,0,,"MAIN ST","MAIN ST 200 BLK",0.00,,N,A,-,N,,,,,,,,,,Y,4,0,1,2,A,-,03,22350,,N,C,C,A,A,H,-,A,A,0,,,,,Y,,-,,0,0,1,0,0,0,0,0,0,"- ","- ",,,IMPERIAL,"EL CENTRO",,
6716946,2014,2015-01-09,1304,2014-11-18,1737,356,ECSC,2,5,4,1304,0,0,0,,0,,"5TH ST",HAMILTON,0.00,,Y,A,-,N,,,,,,,,,,N,3,0,1,2,A,-,12,22450,,N,D,G,A,A,H,-,D,D,0,,Y,,,Y,Y,L,04,0,1,0,0,0,0,1,0,0,"- ","- ",,,IMPERIAL,"EL CENTRO",-115.55468005,32.785820039999997
6716947,2014,2015-01-09,1304,2014-11-13,1709,320,,4,5,4,1304,0,0,0,,0,,OLEANDER,"8TH ST",335.00,W,N,A,-,N,,,,,,,,,,Y,4,0,2,2,A,-,08,22107,,N,C,E,A,A,H,-,C,D,0,,,,,Y,,-,,0,0,2,0,0,0,0,0,0,"- ","- ",,,IMPERIAL,"EL CENTRO",-115.56255412,32.803232600000001
6716948,2014,2015-01-09,1304,2014-11-06,1347,347,ECPD,4,5,4,1304,0,0,0,,0,EAST,4TH,BROADWAY,6.50,N,N,A,-,N,,,,,,,,,,N,4,0,1,2,A,-,09,21802,A,N,A,C,A,A,H,-,A,A,0,,,,,Y,,A,01,0,0,1,0,0,0,0,0,0,"- ","- ",,,IMPERIAL,"EL CENTRO",-115.55251,32.793887769999998
6716949,2014,2015-01-09,1304,2014-11-09,0501,333,,7,5,4,1304,0,0,0,,0,,"8TH ST","ADAMS AV",0.00,,Y,A,-,Y,,,,,,,,,,Y,4,0,1,1,A,-,08,22107,,N,E,I,A,A,H,-,C,A,0,,,,,Y,,-,,0,0,1,0,0,0,0,0,0,"- ","- ",,,IMPERIAL,"EL CENTRO",-115.56148008,32.79655005
6718637,2017,2018-03-06,1304,2017-06-09,0516,326,EEAS,5,5,4,1304,0,0,0,,0,EAST,MAIN,COOLEY,126.00,W,N,A,-,N,,,,,,,,,,Y,1,1,0,2,A,-,11,21954,A,F,G,B,E,A,H,-,D,D,0,Y,,,,Y,,D,22,0,0,0,1,0,0,0,0,0,"- ","- ",,,IMPERIAL,"EL CENTRO",-115.51890134999999,32.795328660000003
6718641,2017,2018-03-01,1304,2017-11-06,1823,365,,1,5,4,1304,0,0,0,,0,WEST,CRUICKSHANK,"CRUICKSHANK 1500 BLK",0.00,,N,A,-,N,,,,,,,,,,N,1,1,0,2,A,-,03,22350,,N,G,B,D,A,H,-,E,D,0,Y,,,,Y,,D,22,0,0,0,1,0,0,0,0,0,"- ","- ",,,IMPERIAL,"EL CENTRO",,
6723689,2014,2015-01-15,9625,2014-11-15,2000,19225,,6,2,9,1300,0,1,1,,2,001,"RT 8","KO PAH RD",5280.00,E,N,A,-,Y,,,8,,,,,,,Y,4,0,2,1,A,-,08,22107,,N,E,I,A,A,H,-,D,D,0,,,,,Y,,A,07,0,0,2,0,0,0,0,0,0,"- ","- ",32.656910000000003,-116.09694,IMPERIAL,UNINCORPORATED,-116.09701920000001,32.656930799999998
6723693,2014,2015-01-15,9625,2014-11-15,2035,017075,,6,2,9,1300,0,1,1,,2,006,"RT 8","ANDERHOLT RD",846.00,W,N,A,-,Y,,,8,,,,,,,Y,4,0,1,1,A,-,08,22107,,N,F,A,A,A,H,-,D,D,0,,,,,Y,,A,01,0,0,1,0,0,0,0,0,0,"- ","- ",32.773389999999999,-115.41656999999999,IMPERIAL,UNINCORPORATED,-115.41657026,32.773280589999999
6723697,2014,2015-01-15,9625,2014-11-14,1900,017809,,5,2,9,1300,0,1,3,,1,054,"RT 111","WORTHINGTON RD",0.00,,Y,A,-,Y,,,111,,,,,,,Y,3,0,1,2,A,-,12,21453,A,N,D,C,A,A,H,-,C,A,0,,,,,Y,,A,01,0,1,0,0,0,0,0,0,0,"- ","- ",32.847540000000002,-115.50754999999999,IMPERIAL,UNINCORPORATED,-115.50767891,32.847490399999998
6726227,2014,2016-03-01,9625,2014-11-16,0750,18773,,7,1,9,1300,0,3,5,,2,040,"CLARK RD","HERBER RD",972.00,N,N,A,-,N,,,,,,,,,,Y,2,0,3,1,A,-,01,23152,A,N,E,I,A,A,H,-,A,D,0,,,,,Y,Y,A,01,1,2,0,0,0,0,0,0,0,"- ","- ",,,IMPERIAL,UNINCORPORATED,-115.56034862999999,32.733324029999999
6726837,2014,2015-01-15,9625,2014-11-09,1720,20830,,7,2,4,1304,0,3,5,,2,040,"EL CENTRO ST","IMPERIAL AV",150.00,W,N,A,-,N,,,,,,,,,,N,3,0,1,2,A,-,08,22107,,F,G,B,E,A,H,-,D,D,0,Y,,,,Y,,A,01,0,1,0,0,1,0,0,0,0,"- ","- ",32.79645,-115.68902,IMPERIAL,"EL CENTRO",-115.68872543000001,32.796546530000001
6728360,2014,2015-01-21,9625,2014-11-24,0442,019668,,1,3,9,1300,0,1,3,,1,042,"RT 98","DREW RD",1056.00,W,N,A,-,Y,,,98,,,,,,,Y,4,0,2,1,A,-,08,22107,,N,E,I,A,A,H,-,D,D,0,,,,,Y,,D,22,0,0,2,0,0,0,0,0,0,"- ","- ",32.677990000000001,-115.67435,IMPERIAL,UNINCORPORATED,-115.67441465,32.678394390000001
6728364,2014,2015-01-21,9625,2014-11-26,1731,018468,,3,2,9,1300,0,1,1,,2,005,"RT 8","RT 111",55.00,W,N,A,-,Y,,,8,,,,,,,Y,4,0,1,2,A,-,03,22350,,N,C,C,A,A,H,-,C,D,0,,,,Y,Y,,G,25,0,0,1,0,0,0,0,0,0,"- ","- ",32.77364,-115.50149999999999,IMPERIAL,UNINCORPORATED,-115.50149983,32.773673780000003
6730498,2014,2015-01-22,9620,2014-11-27,0812,14803,,4,1,9,1300,0,1,1,,2,082,"RT 8","WINTERHAVEN DR",1584.00,E,N,A,-,Y,,,8,,,,,,,N,4,0,1,1,A,-,08,22107,,N,B,I,A,A,H,-,A,D,0,,,,Y,Y,,G,26,0,0,1,0,0,0,0,0,0,"- ","- ",32.728949999999998,-114.61811,IMPERIAL,UNINCORPORATED,-114.61813895,32.728897799999999
6730506,2014,2015-01-16,9620,2014-11-20,1735,18290,,4,2,9,1300,0,1,1,,2,081,"RT 8","GORDONS WELL RD",1584.00,E,N,A,-,Y,,,8,,,,,,,Y,4,0,1,1,C,-,18,,,N,E,J,A,A,H,-,D,D,0,,,,Y,Y,,-,"- ",0,0,1,0,0,0,0,0,0,"- ","- ",32.708930000000002,-114.95103,IMPERIAL,UNINCORPORATED,-114.95103,32.708869329999999
6730647,2014,2015-01-16,9620,2014-11-25,1720,014306,,2,2,9,1300,0,1,1,,2,081,"RT 8","BROCK RESEARCH",528.00,W,N,A,-,Y,,,,,,,,,,Y,4,0,1,1,A,-,08,22107,,N,F,A,A,A,H,-,D,D,0,,,,,Y,,A,01,0,0,1,0,0,0,0,0,0,"- ","- ",,,IMPERIAL,UNINCORPORATED,-115.03873538000001,32.708090009999999
6732433,2014,2015-01-20,1301,2014-11-18,1734,916,BRWLY,2,5,3,1301,0,0,0,,0,002,"MAIN ST",8TH,139.00,E,N,A,-,N,,,,,,,,,,N,4,0,1,2,A,-,03,22350,,N,C,C,A,A,H,-,C,A,0,,,,,Y,,A,01,0,0,1,0,0,0,0,0,0,"- ","- ",,,IMPERIAL,BRAWLEY,-115.53000929,32.978630000000003
6734948,2014,2015-01-29,1304,2014-12-06,1240,327,1304,6,5,4,1304,0,0,0,,0,EAST,4TH,ORANGE,0.00,,Y,A,-,Y,,,86,,,,,,,Y,4,0,1,2,-,-,"- ",,,N,D,C,A,A,H,-,A,A,0,,,,,Y,,-,"- ",0,0,1,0,0,0,0,0,0,"- ","- ",32.788600000000002,-115.5526,IMPERIAL,"EL CENTRO",-115.55252943000001,32.78859954
6738166,2014,2015-01-27,9625,2014-11-11,0239,020516,,2,3,9,1300,0,1,3,,1,054,"RT 111","WILDCAT RD",2933.00,S,N,A,-,Y,,,111,,,,,,,N,2,0,1,1,A,-,08,22107,,N,F,A,A,A,H,-,D,D,0,,,,Y,Y,,G,25,1,0,0,0,0,0,0,0,0,"- ","- ",32.960520000000002,-115.50805,IMPERIAL,UNINCORPORATED,-115.50825501,32.96057733
6738170,2014,2015-01-21,9625,2014-11-24,1530,18464,,1,2,9,1300,0,1,3,,2,024,"RT 78","RT 115",291.00,W,N,A,-,Y,,,78,,,,,,,Y,2,0,2,2,A,-,08,22107,,N,D,C,A,A,H,-,A,D,0,,,,Y,Y,,A,01,1,1,0,0,0,0,0,0,0,"- ","- ",32.974600000000002,-115.44904,IMPERIAL,UNINCORPORATED,-115.44904,32.974596990000002