CASE_ID,ACCIDENT_YEAR,PROC_DATE,JURIS,COLLISION_DATE,COLLISION_TIME,OFFICER_ID,REPORTING_DISTRICT,DAY_OF_WEEK,CHP_SHIFT,POPULATION,CNTY_CITY_LOC,SPECIAL_COND,BEAT_TYPE,CHP_BEAT_TYPE,CITY_DIVISION_LAPD,CHP_BEAT_CLASS,BEAT_NUMBER,PRIMARY_RD,SECONDARY_RD,DISTANCE,DIRECTION,INTERSECTION,WEATHER_1,WEATHER_2,STATE_HWY_IND,CALTRANS_COUNTY,CALTRANS_DISTRICT,STATE_ROUTE,ROUTE_SUFFIX,POSTMILE_PREFIX,POSTMILE,LOCATION_TYPE,RAMP_INTERSECTION,SIDE_OF_HWY,TOW_AWAY,COLLISION_SEVERITY,NUMBER_KILLED,NUMBER_INJURED,PARTY_COUNT,PRIMARY_COLL_FACTOR,PCF_CODE_OF_VIOL,PCF_VIOL_CATEGORY,PCF_VIOLATION,PCF_VIOL_SUBSECTION,HIT_AND_RUN,TYPE_OF_COLLISION,MVIW,PED_ACTION,ROAD_SURFACE,ROAD_COND_1,ROAD_COND_2,LIGHTING,CONTROL_DEVICE,CHP_ROAD_TYPE,PEDESTRIAN_ACCIDENT,BICYCLE_ACCIDENT,MOTORCYCLE_ACCIDENT,TRUCK_ACCIDENT,NOT_PRIVATE_PROPERTY,ALCOHOL_INVOLVED,STWD_VEHTYPE_AT_FAULT,CHP_VEHTYPE_AT_FAULT,COUNT_SEVERE_INJ,COUNT_VISIBLE_INJ,COUNT_COMPLAINT_PAIN,COUNT_PED_KILLED,COUNT_PED_INJURED,COUNT_BICYCLIST_KILLED,COUNT_BICYCLIST_INJURED,COUNT_MC_KILLED,COUNT_MC_INJURED,PRIMARY_RAMP,SECONDARY_RAMP,LATITUDE,LONGITUDE,COUNTY,CITY,POINT_X,POINT_Y
6885666,2015,2015-04-22,9625,2015-04-08,1618,18617,,3,2,9,1300,0,3,5,,2,020,"KERSHAW RD","YOCUM RD",1502.00,S,N,A,-,N,,,,,,,,,,Y,4,0,1,1,A,-,08,22107,,N,E,I,A,A,H,-,A,D,0,,,,,Y,,A,01,0,0,1,0,0,0,0,0,0,"- ","- ",33.10727,-115.50848000000001,IMPERIAL,UNINCORPORATED,-115.50856828000001,33.107095860000001
6887214,2015,2015-05-05,9625,2015-04-10,1655,17809,,5,2,9,1300,0,3,5,,2,010,"SEA VIEW DR","SALTON BAY DR",1055.00,W,N,A,-,N,,,,,,,,,,N,2,0,1,2,A,-,08,22107,,N,D,G,A,A,H,-,A,D,0,,Y,,,Y,,L,04,1,0,0,0,0,0,1,0,0,"- ","- ",33.30912,-115.93368,IMPERIAL,UNINCORPORATED,-115.93295528,33.30914156
6887226,2015,2016-11-03,9625,2015-04-11,1735,013781,,6,2,9,1300,0,1,1,,2,006,"RT 8","RT 111",182.00,E,N,A,-,Y,IMP,11,8,-,R,41.213,R,2,W,Y,4,0,1,1,A,-,01,23152,A,N,F,A,A,A,H,-,A,A,1,,,,,Y,Y,D,22,0,0,1,0,0,0,0,0,0,TO,"- ",32.7746,-115.49974,IMPERIAL,UNINCORPORATED,-115.49661086,32.773913180000001
6887506,2015,2016-11-19,9625,2015-04-16,1719,018792,,4,2,9,1300,0,1,3,,2,053,"RT 111","HEBER RD",732.00,N,N,A,-,Y,IMP,11,111,-,R,4.870,H,-,S,Y,4,0,2,2,A,-,03,22350,,N,E,I,A,A,H,-,A,D,0,,,,,Y,,A,01,0,0,2,0,0,0,0,0,0,"- ","- ",32.732570000000003,-115.50049,IMPERIAL,UNINCORPORATED,-115.50044815,32.732558490000002
6887714,2015,2016-11-03,9620,2015-04-05,0430,19333,,7,3,9,1300,0,1,1,,2,081,"RT 8","BROCK RESEARCH",10032.00,E,N,A,-,Y,IMP,11,8,-,R,70.700,H,-,E,Y,4,0,1,1,A,-,08,22107,,N,F,J,A,A,H,-,D,D,1,,,,,Y,,A,01,0,0,1,0,0,0,0,0,0,"- ","- ",32.70805,-115.00346999999999,IMPERIAL,UNINCORPORATED,-115.00487814,32.707774809999997
6889536,2015,2015-04-29,1301,2015-04-02,1809,905,BRAWL,4,5,3,1301,0,0,0,,0,001,IMPERIAL,"RIVER DR",6.00,N,N,A,-,N,,,,,,,,,,N,3,0,1,2,A,-,12,22450,A,N,H,G,A,A,H,-,A,A,0,,Y,,,Y,,L,04,0,1,0,0,0,0,1,0,0,"- ","- ",,,IMPERIAL,BRAWLEY,-115.53498,32.986626399999999
6892460,2015,2016-11-02,9620,2015-03-24,2030,017051,,2,2,9,1300,0,1,1,,2,082,"WINTERHAVEN DR","RT 8",85.00,N,N,A,-,Y,IMP,11,8,-,R,96.407,R,4,W,N,4,0,1,2,A,-,08,22107,,N,B,C,A,A,H,-,C,D,1,,,,,Y,,A,01,0,0,1,0,0,0,0,0,0,"- ",WF,32.732230000000001,-114.62468,IMPERIAL,UNINCORPORATED,-114.62674714000001,32.732488140000001
6892608,2015,2015-05-19,9625,2015-04-09,0745,20704,,4,1,9,1300,0,3,5,,2,050,"BOWKER RD","CHICK RD",45.00,S,N,A,-,N,,,,,,,,,,Y,4,0,2,2,A,-,03,22350,,N,C,C,A,A,H,-,A,A,0,,,,,Y,,A,01,0,0,2,0,0,0,0,0,0,"- ","- ",32.766599999999997,-115.47333999999999,IMPERIAL,UNINCORPORATED,-115.4734964,32.766477569999999
6892633,2015,2016-06-06,9625,2015-04-10,2320,17958,,5,3,9,1300,0,3,5,,2,050,"BOWKER RD","EVAN HEWES HWY",0.00,,Y,A,-,N,,,,,,,,,,Y,4,0,3,2,A,-,09,21802,A,N,D,C,A,A,H,-,C,A,0,,,,,Y,,A,01,0,0,3,0,0,0,0,0,0,"- ","- ",32.803229999999999,-115.47377,IMPERIAL,UNINCORPORATED,-115.47379011,32.803380009999998
6896981,2015,2016-11-03,9620,2015-04-20,0306,018368,,1,3,9,1300,0,1,1,,2,081,"RT 8","GRAYS WELLS RD",1056.00,W,N,A,-,Y,IMP,11,8,-,R,57.990,H,-,E,Y,2,0,1,1,A,-,01,23152,A,N,E,I,A,A,H,-,C,D,0,,,,,Y,Y,A,01,1,0,0,0,0,0,0,0,0,"- ","- ",,,IMPERIAL,UNINCORPORATED,-115.21445497000001,32.749667709999997
6902496,2015,2015-05-08,1301,2015-02-14,0813,916,BRAWL,6,5,3,1301,0,0,0,,0,001,IMPERIAL,"FLAMMANG AV",0.00,,Y,A,-,N,,,,,,,,,,Y,4,0,1,2,A,-,12,22450,A,N,D,C,A,A,H,-,A,A,0,,,,,Y,,A,01,0,0,1,0,0,0,0,0,0,"- ","- ",,,IMPERIAL,BRAWLEY,-115.535061,32.990157000000004
6902504,2015,2016-11-17,1301,2015-04-01,0852,902,BRAWL,3,5,3,1301,0,0,0,,0,001,"RT 86","RIO VISTA",287.00,W,N,A,-,Y,IMP,11,86,-,-,21.040,H,-,N,Y,4,0,1,2,A,-,09,21804,A,N,D,C,A,A,H,-,A,A,0,,,,,Y,,D,22,0,0,1,0,0,0,0,0,0,"- ","- ",,,IMPERIAL,BRAWLEY,-115.54878565999999,32.978648890000002
6902508,2015,2015-05-13,1301,2015-04-11,0335,928,BRAWL,6,5,3,1301,0,0,0,,0,001,"D ST","LAS FLORES DR",0.00,,Y,A,-,N,,,,,,,,,,Y,3,0,1,1,A,-,01,23152,A,N,E,I,A,A,H,-,C,A,0,,,,Y,Y,Y,F,26,0,1,0,0,0,0,0,0,0,"- ","- ",,,IMPERIAL,BRAWLEY,-115.55228008,32.980860059999998
6902512,2015,2015-05-13,1301,2015-04-12,0247,924,BRAWL,7,5,3,1301,0,0,0,,0,001,"2ND ST","MAIN ST",10.00,N,N,A,-,N,,,,,,,,,,Y,3,0,1,1,A,-,01,23152,A,N,E,I,A,A,H,-,C,D,0,,,,,Y,Y,D,22,0,1,0,0,0,0,0,0,0,"- ","- ",,,IMPERIAL,BRAWLEY,-115.53945,32.978630000000003
6904925,2015,2015-05-20,9625,2015-03-12,1510,13781,,4,2,9,1300,0,1,1,,2,004,"RT 8","IMPERIAL HWY",27456.00,E,N,A,-,Y,IMP,11,8,-,R,16.980,H,-,W,Y,1,1,0,1,A,-,08,22107,,N,E,I,A,A,H,-,A,D,1,,,,,Y,,A,01,0,0,0,0,0,0,0,0,0,"- ","- ",32.750990000000002,-115.91173000000001,IMPERIAL,UNINCORPORATED,-115.90996118,32.75035029
6905803,2015,2015-05-16,9625,2015-04-04,2011,18468,,6,2,9,1300,0,3,5,,2,050,"DEALWOOD RD","CANNON RD",2715.00,W,N,A,-,N,,,,,,,,,,N,1,1,0,2,A,-,03,22350,,F,G,B,E,A,H,-,D,D,0,Y,,,,Y,,A,07,0,0,0,1,0,0,0,0,0,"- ","- ",32.7742,-115.51835,IMPERIAL,UNINCORPORATED,-115.5183024,32.774190220000001
6905827,2015,2017-04-04,9625,2015-04-10,2030,13781,,5,2,9,1300,0,1,1,,2,001,"RT 8","IN-KO-PAH PARK RD",1.19,E,N,A,-,Y,IMP,11,8,-,R,1.010,H,-,E,Y,1,1,0,1,A,-,08,22107,,N,E,I,A,A,H,-,D,D,1,,,,,Y,Y,A,07,0,0,0,0,0,0,0,0,0,"- ","- ",32.657220000000002,-116.09690999999999,IMPERIAL,UNINCORPORATED,-116.09698774,32.657723730000001
6906917,2015,2015-09-18,1305,2015-03-23,0100,667,HOLTV,1,5,2,1305,0,0,0,,0,,"MELON AV","6TH ST",0.00,,Y,A,G,N,,,,,,,,,,Y,4,0,1,1,A,-,01,23152,B,N,E,-,A,A,H,-,C,-,0,,,,,Y,Y,A,,0,0,1,0,0,0,0,0,0,"- ","- ",,,IMPERIAL,HOLTVILLE,-115.38901002999999,32.812790100000001
6907294,2015,2015-05-21,1304,2015-04-09,1141,331,,4,5,4,1304,0,0,0,,0,,OCOTILLO,COTTONWOOD,9.00,E,N,A,-,N,,,,,,,,,,Y,4,0,1,2,A,-,09,21802,A,N,D,C,A,A,H,-,A,D,0,,,Y,,Y,,C,02,0,0,1,0,0,0,0,0,1,"- ","- ",32.777099999999997,-115.571,IMPERIAL,"EL CENTRO",-115.57096088,32.777180000000001
6910210,2014,2015-05-13,9620,2014-04-12,1240,15647,,6,1,9,1300,0,1,1,,2,081,"SAND HILLS REST AREA","RT 8",94.00,N,N,A,-,Y,,,,,,,,,,N,3,0,1,2,A,-,21,22106,,N,G,B,F,A,H,-,A,D,0,Y,,,,Y,,A,01,0,1,0,0,1,0,0,0,0,"- ","- ",32.737220000000001,-114.89019,IMPERIAL,UNINCORPORATED,,
6910938,2015,2016-11-19,9625,2015-04-18,0455,19667,,6,3,9,1300,0,1,3,,1,021,"RT 111","WILKINSON RD",384.00,N,N,A,-,Y,IMP,11,111,-,-,33.700,H,-,S,Y,3,0,1,1,A,-,01,23152,A,N,E,I,A,A,H,-,D,D,0,,,,,Y,Y,D,22,0,1,0,0,0,0,0,0,0,"- ","- ",33.14143,-115.51904999999999,IMPERIAL,UNINCORPORATED,-115.51903303,33.141611410000003
6911259,2015,2016-11-02,9625,2015-03-30,0837,013627,,1,1,9,1300,0,1,3,,2,056,"RT 115","HARRIS RD",641.00,N,N,A,-,Y,IMP,11,115,-,-,15.100,H,-,S,Y,2,0,1,1,A,-,08,22107,,N,F,A,A,A,H,-,A,D,0,,,,Y,Y,,G,25,1,0,0,0,0,0,0,0,0,"- ","- ",32.886960000000002,-115.40628,IMPERIAL,UNINCORPORATED,-115.40623904,32.886563289999998
6911292,2015,2015-05-19,9625,2015-04-18,1304,18773,,6,1,9,1300,0,2,4,,2,046,"DOGWOOD RD","WILLOUGHBY RD",136.00,S,N,A,-,N,,,,,,,,,,Y,4,0,1,1,A,-,08,22107,,N,E,I,A,A,H,-,A,D,0,,,,,Y,,A,01,0,0,1,0,0,0,0,0,0,"- ","- ",32.704740000000001,-115.53403,IMPERIAL,UNINCORPORATED,-115.53407887,32.708078319999998
6911293,2015,2015-05-19,9625,2015-04-08,0633,18207,,3,1,2,1306,0,3,5,,2,040,"IMLER RD","FORRESTER RD",21120.00,W,N,A,-,N,,,,,,,,,,Y,3,0,1,1,A,-,08,22107,,N,F,A,A,A,H,-,B,D,0,,,Y,,Y,,C,02,0,1,0,0,0,0,0,0,1,"- ","- ",32.926369999999999,-115.69168999999999,IMPERIAL,IMPERIAL,-115.69005435,32.926417819999998
6911925,2015,2016-11-03,9625,2015-04-21,1000,012219,,2,1,9,1300,0,1,1,,2,004,"RT 8","FORRESTER RD",2927.00,W,N,A,-,Y,IMP,11,8,-,R,33.440,H,-,W,N,4,0,1,1,C,-,18,,,N,H,A,A,A,H,-,A,D,1,,,,,Y,,-,"- ",0,0,1,0,0,0,0,0,0,"- ","- ",32.774009999999997,-115.63021999999999,IMPERIAL,UNINCORPORATED,-115.63010249,32.773989200000003
6911976,2015,2015-05-14,9625,2015-04-27,1635,18468,,1,2,9,1300,0,3,5,,2,050,"NORRISH RD","SNYDER RD",2112.00,W,N,A,-,N,,,,,,,,,,N,3,0,1,2,A,-,03,22350,,N,B,G,A,A,H,-,A,D,0,,Y,,,Y,,A,01,0,1,0,0,0,0,1,0,0,"- ","- ",32.832599999999999,-115.34412,IMPERIAL,UNINCORPORATED,-115.34406468,32.832790060000001
6921368,2015,2016-11-17,1304,2015-05-04,1059,342,1304,1,5,4,1304,0,0,0,,0,WEST,IMPERIAL,"ADAMS AV",0.00,,N,A,-,Y,IMP,11,86,-,-,7.308,I,6,N,N,4,0,1,2,A,-,03,22350,,N,C,C,A,A,H,-,A,A,0,,,,,Y,,A,01,0,0,1,0,0,0,0,0,0,"- ","- ",32.796199999999999,-115.5699,IMPERIAL,"EL CENTRO",-115.56911597,32.796583439999999
6921371,2015,2015-06-25,1304,2015-05-02,1700,365,1304,6,5,4,1304,0,0,0,,0,WEST,"MAIN ST",WATERMAN,0.00,,Y,A,-,N,,,,,,,,,,N,3,0,1,2,A,-,12,22450,A,N,G,B,D,A,H,-,B,A,0,Y,,,,Y,,-,,0,1,0,0,1,0,0,0,0,"- ","- ",,,IMPERIAL,"EL CENTRO",-115.5742001,32.792800010000001
6921372,2015,2016-06-06,1304,2015-05-01,1230,393,,5,5,4,1304,0,0,0,,0,,"DOGWOOD RD","PLAZA DR",56.00,S,N,A,-,N,,,,,,,,,,N,3,0,3,3,A,-,03,22350,,N,C,C,A,A,H,-,A,A,0,,,,,Y,,-,,0,1,2,0,0,0,0,0,0,"- ","- ",,,IMPERIAL,"EL CENTRO",,
6923341,2015,2017-01-14,9625,2015-08-13,2043,18792,,4,2,9,1300,0,1,1,,2,004,"RT 8","4TH AV",894.00,W,N,A,-,Y,IMP,11,8,-,R,37.850,H,-,W,Y,4,0,2,2,A,-,03,22350,,N,C,D,A,A,H,-,D,D,1,,,,Y,Y,,F,55,0,0,2,0,0,0,0,0,0,"- ","- ",32.773989999999998,-115.55513999999999,IMPERIAL,UNINCORPORATED,-115.5543681,32.773963999999999
6923639,2015,2017-01-25,9625,2015-04-28,0900,015701,,2,1,9,1300,0,3,5,,2,010,"KEYSTONE RD","RT 86",420.00,E,N,A,-,N,,,,,,,,,,Y,4,0,2,3,A,-,"- ",,,N,D,C,A,A,H,-,A,D,0,,,,Y,Y,,D,22,0,0,2,0,0,0,0,0,0,"- ","- ",32.544559999999997,-115.3467,IMPERIAL,UNINCORPORATED,-115.5687995,32.912599749999998
6923647,2015,2016-11-17,9625,2015-05-02,1705,013781,,6,2,9,1300,0,1,3,,1,044,"RT 86","KEYSTONE RD",0.00,,Y,A,-,Y,IMP,11,86,-,-,15.320,I,5,S,Y,4,0,2,2,A,-,12,21453,A,N,D,C,A,A,H,-,A,A,0,,,,,Y,,D,22,0,0,2,0,0,0,0,0,0,"- ","- ",32.91254,-115.5703,IMPERIAL,UNINCORPORATED,-115.57005823,32.913333350000002
6926366,2015,2015-06-18,9620,2015-05-15,1905,19836,,5,2,9,1300,0,2,4,,1,061,"OGILBY RD","HYDUKE MINE RD",1056.00,S,N,B,-,N,,,,,,,,,,Y,4,0,1,1,A,-,08,22107,,N,E,I,A,B,H,-,A,D,0,,,,,Y,,J,48,0,0,1,0,0,0,0,0,0,"- ","- ",32.928379999999997,-114.8428,IMPERIAL,UNINCORPORATED,-114.84278709,32.928402349999999
6926669,2015,2017-01-06,9625,2015-04-28,2249,020830,,2,3,4,1304,0,1,1,,2,002,"RT 8","RT 98",46.00,W,N,A,-,Y,SD,11,8,-,R,10.270,H,-,W,Y,2,0,1,1,A,-,01,23152,A,N,F,I,A,A,H,-,D,D,1,,,,,Y,Y,A,01,1,0,0,0,0,0,0,0,0,"- ","- ",,,IMPERIAL,"EL CENTRO",-117.03569352,32.773767730000003
6926670,2015,2016-06-06,9625,2015-04-30,0625,012219,,4,1,9,1300,0,3,5,,2,040,"KEYSTONE RD","RT 86",5808.00,E,N,A,-,N,,,,,,,,,,Y,3,0,1,2,A,-,03,22350,,N,C,C,A,A,H,-,A,D,0,,,,,Y,,A,01,0,1,0,0,0,0,0,0,0,"- ","- ",32.912730000000003,-115.55063,IMPERIAL,UNINCORPORATED,-115.55134283,32.912653310000003
6928133,2015,2015-06-02,1301,2015-04-29,2136,921,BSC,3,5,3,1301,0,0,0,,0,001,"NORTH IMPERIAL AV","FLAMMANG AV",406.00,S,N,A,-,N,,,,,,,,,,Y,4,0,1,2,A,-,03,22350,,N,C,C,A,A,H,-,C,D,0,,,,,Y,,J,48,0,0,1,0,0,0,0,0,0,"- ","- ",32.591999999999999,-115.32599999999999,IMPERIAL,BRAWLEY,-115.53506969999999,32.989056689999998
6934069,2015,2015-06-30,1301,2015-04-23,2017,920,BRAWL,4,5,3,1301,0,0,0,,0,002,"CATTLE CALL DR",WESTERN,187.00,W,N,A,-,N,,,,,,,,,,N,4,0,1,2,A,-,11,21954,A,N,G,B,D,A,H,-,C,D,0,Y,,,,Y,Y,N,60,0,0,1,0,1,0,0,0,0,"- ","- ",,,IMPERIAL,BRAWLEY,-115.54454327000001,32.970795680000002
6934200,2015,2016-11-03,9625,2015-05-15,1550,013781,,5,2,9,1300,0,1,1,,2,002,"RT 8","IN-KO-PAH PARK RD",1.22,E,N,C,-,Y,IMP,11,8,-,R,1.000,H,-,W,Y,4,0,1,1,A,-,04,21703,,N,E,I,A,B,G,-,A,D,1,,,,,Y,Y,A,01,0,0,1,0,0,0,0,0,0,"- ","- ",32.65849,-116.09855,IMPERIAL,UNINCORPORATED,-116.09835809,32.658119370000001
6934203,2015,2016-11-03,9625,2015-05-09,0635,19225,,6,1,9,1300,0,1,1,,2,006,"RT 8","RT 115",1799.00,E,N,A,-,Y,IMP,11,8,-,R,53.840,H,-,W,Y,4,0,1,1,A,-,08,22107,,N,E,I,A,A,H,-,A,D,1,,,,,Y,,A,01,0,0,1,0,0,0,0,0,0,"- ","- ",32.771549999999998,-115.28071,IMPERIAL,UNINCORPORATED,-115.28025173,32.771225209999997
6935255,2015,2015-07-16,1304,2015-06-05,0514,326,1304,5,5,4,1304,0,0,0,,0,EAST,HOLT,DOGWOOD,12.00,W,N,A,-,N,,,,,,,,,,Y,4,0,1,1,-,-,"- ",,,M,A,I,A,A,H,-,A,D,0,,,,,Y,,-,"- ",0,0,1,0,0,0,0,0,0,"- ","- ",,,IMPERIAL,"EL CENTRO",-115.53556881999999,32.787720190000002
6935259,2015,2015-07-16,1304,2015-06-10,0559,368,,3,5,4,1304,0,0,0,,0,EAST,"3RD ST",CEDAR,18.00,N,N,A,-,N,,,,,,,,,,N,2,0,1,2,A,-,06,21750,,N,B,G,A,A,H,-,B,D,0,,Y,,,Y,,A,01,1,0,0,0,0,0,1,0,0,"- ","- ",,,IMPERIAL,"EL CENTRO",-115.55034108,32.783349190000003
6935334,2015,2015-07-15,9625,2015-06-27,2044,18468,,6,2,9,1300,0,2,4,,2,057,"EVAN HEWES HWY","BOWKER RD",867.00,E,N,A,-,N,,,,,,,,,,Y,3,0,1,1,A,-,08,22107,,N,F,A,A,A,H,-,C,D,0,,,,,Y,,A,07,0,1,0,0,0,0,0,0,0,"- ","- ",32.803179999999998,-115.47141000000001,IMPERIAL,UNINCORPORATED,-115.47098463,32.803373809999997
6935338,2015,2015-07-15,9625,2015-06-15,2026,18978,,1,2,9,1300,0,3,5,,2,050,"WILLOUGHBY RD","KLOKE RD",258.00,W,N,A,-,N,,,,,,,,,,Y,3,0,5,1,A,-,03,22350,,N,F,A,A,A,H,-,C,A,0,,,,,Y,,A,07,0,3,2,0,0,0,0,0,0,"- ","- ",32.708590000000001,-115.51701,IMPERIAL,UNINCORPORATED,-115.51875398999999,32.708509999999997
6935342,2015,2015-07-15,9625,2015-06-15,0950,19225,,1,1,9,1300,0,3,5,,2,040,"WORTHINGTON RD","LATHROP RD",1369.00,W,N,A,-,N,,,,,,,,,,Y,3,0,2,1,A,-,08,22107,,N,F,A,A,A,H,-,A,D,0,,,,,Y,,B,07,0,1,1,0,0,0,0,0,0,"- ","- ",32.847380000000001,-115.54879,IMPERIAL,UNINCORPORATED,-115.54866246,32.847377459999997
6935435,2015,2016-06-07,9620,2015-06-21,1843,18734,,7,2,9,1300,0,2,4,,1,075,"RT 24","SENATOR WASH RD",5280.00,W,N,A,-,N,,,,,,,,,,N,3,0,1,1,C,-,18,,,N,H,A,A,A,H,-,A,D,0,,,,,Y,Y,-,"- ",0,1,0,0,0,0,0,0,0,"- ","- ",32.862850000000002,-114.48904,IMPERIAL,UNINCORPORATED,-114.48909223,32.862888159999997
6937087,2015,2016-11-19,1301,2015-04-18,0707,925,BRAWL,6,5,3,1301,0,0,0,,0,003,"RT 111","BEST RD",948.00,W,N,A,-,Y,IMP,11,78,-,R,13.720,H,-,E,Y,4,0,1,1,A,-,05,21651,A,N,E,I,A,A,H,-,A,D,0,,,,,Y,,D,22,0,0,1,0,0,0,0,0,0,"- ","- ",,,IMPERIAL,BRAWLEY,-116.08093919,33.132189910000001
6940073,2015,2015-08-18,9625,2015-05-10,1825,018933,,7,2,9,1300,0,3,5,,2,040,"CROSS RD","VILLA RD",864.00,N,N,A,-,N,,,,,,,,,,N,4,0,1,2,A,-,08,22107,,N,D,C,A,A,H,-,A,D,0,,,,,Y,,A,01,0,0,1,0,0,0,0,0,0,"- ","- ",32.806260000000002,-115.55280999999999,IMPERIAL,UNINCORPORATED,-115.55278702,32.806181330000001
6940074,2015,2015-08-24,9625,2015-05-12,1000,012219,,2,1,4,1304,0,2,4,,2,057,"EVAN HEWES HWY","GILLETT RD",1219.00,W,N,A,-,N,,,,,,,,,,Y,4,0,1,1,A,-,08,22107,,N,E,I,A,A,H,-,A,D,0,,,,,Y,,A,01,0,0,1,0,0,0,0,0,0,"- ","- ",32.792720000000003,-115.52997000000001,IMPERIAL,"EL CENTRO",-115.53090344,32.792819999999999
6941957,2015,2016-06-06,1304,2015-05-13,1048,339,,3,5,4,1304,0,0,0,,0,EAST,"E MAIN ST","DOGWOOD AV",1395.00,S,N,A,-,N,,,,,,,,,,Y,4,0,1,1,A,-,08,22107,,N,E,J,A,A,H,-,A,D,0,,,,,Y,,A,01,0,0,1,0,0,0,0,0,0,"- ","- ",,,IMPERIAL,"EL CENTRO",-115.53565,32.792819999999999
6941997,2015,2016-11-17,1304,2015-05-12,1715,335,1304,2,5,4,1304,0,0,0,,0,WEST,IMPERIAL,EUCLID,0.00,,Y,A,-,Y,IMP,11,86,-,-,7.430,I,5,S,N,4,0,1,2,A,-,03,22350,,N,C,C,A,A,H,-,A,A,0,,,,,Y,,A,01,0,0,1,0,0,0,0,0,0,"- ","- ",32.798699999999997,-115.56999999999999,IMPERIAL,"EL CENTRO",-115.56996563,32.798384849999998
6943945,2015,2015-06-10,1304,2015-04-23,0655,341,ECPD,4,5,4,1304,0,0,0,,0,,12TH,MAIN,0.00,,Y,A,-,N,,,,,,,,,,N,4,0,1,2,A,-,10,21950,A,F,G,B,B,A,H,-,A,A,0,Y,,,,Y,,-,,0,0,1,0,1,0,0,0,0,"- ","- ",,,IMPERIAL,"EL CENTRO",-115.56554010000001,32.792830039999998
6946587,2015,2016-11-03,9620,2015-06-06,2014,19836,,6,2,9,1300,0,1,1,,2,081,"RT 8","GORDONS WELL RD",4752.00,W,N,A,-,Y,IMP,11,8,-,R,72.590,H,-,E,Y,3,0,1,1,A,-,08,22107,,N,F,I,A,A,H,-,D,B,1,,,,,Y,,D,22,0,1,0,0,0,0,0,0,0,"- ","- ",32.70805,-114.97342999999999,IMPERIAL,UNINCORPORATED,-114.97246689000001,32.708136639999999
6946730,2015,2016-11-19,9625,2015-05-05,1030,20111,,2,1,9,1300,0,1,3,,2,052,"RT 98","HOLDRIDGE RD",5280.00,E,N,A,-,Y,IMP,11,98,-,-,46.500,H,-,W,Y,4,0,1,1,A,-,08,22107,,N,F,A,A,A,H,-,-,D,0,,,,,Y,,A,07,0,0,1,0,0,0,0,0,0,"- ","- ",32.707720000000002,-115.25955999999999,IMPERIAL,UNINCORPORATED,-115.26023646,32.70738712
6946731,2015,2015-06-27,9625,2015-05-04,1805,18464,,1,2,9,1300,0,3,5,,2,010,"AUSTIN RD","WEAVER RD",3168.00,N,N,A,-,N,,,,,,,,,,Y,2,0,1,1,A,-,08,22107,,N,E,I,A,A,H,-,A,D,0,,,,,Y,,A,01,1,0,0,0,0,0,0,0,0,"- ","- ",32.940910000000002,-115.57941,IMPERIAL,UNINCORPORATED,-115.57969138,32.940781479999998
6947899,2015,2016-11-19,9625,2015-05-18,1643,017809,,1,2,9,1300,0,3,5,,2,020,"RT 78","HOVLEY RD",0.00,,Y,A,-,Y,IMP,11,78,-,-,11.832,I,5,W,Y,4,0,2,2,A,-,09,21803,A,N,D,C,A,A,H,-,A,A,0,,,,,Y,,D,22,0,0,2,0,0,0,0,0,0,"- ","- ",33.00224,-115.54398,IMPERIAL,UNINCORPORATED,-115.87833465999999,33.12579066
6955406,2015,2015-06-26,9625,2015-05-23,0620,017958,,6,1,9,1300,0,3,5,,2,040,"CROSS RD","VILLA RD",920.00,N,N,A,-,N,,,,,,,,,,Y,4,0,1,1,A,-,08,22107,,N,E,I,A,A,H,-,A,D,0,,,,,Y,,A,07,0,0,1,0,0,0,0,0,0,"- ","- ",32.805979999999998,-115.55271,IMPERIAL,UNINCORPORATED,-115.55278618,32.806334380000003
6955407,2015,2015-06-26,9625,2015-05-19,1530,013781,,2,2,9,1300,0,2,4,,2,046,"WILLOUGHBY RD","DOGWOOD RD",0.00,,Y,A,-,N,,,,,,,,,,Y,4,0,2,2,A,-,12,22450,A,N,D,C,A,A,H,-,A,A,0,,,,,Y,,A,01,0,0,2,0,0,0,0,0,0,"- ","- ",32.708289999999998,-115.53406,IMPERIAL,UNINCORPORATED,-115.53408,32.708450030000002
6955408,2015,2016-11-03,9625,2015-05-20,0615,012219,,3,1,9,1300,0,1,1,,2,001,"RT 8","IN-KO-PAH PARK RD",34.00,E,N,A,-,Y,IMP,11,8,-,R,0.260,H,-,E,Y,3,0,1,1,A,-,08,22107,,N,F,A,A,A,H,-,A,D,1,,,,,Y,,A,01,0,1,0,0,0,0,0,0,0,"- ","- ",32.648739999999997,-116.10301,IMPERIAL,UNINCORPORATED,-116.10361998,32.648055919999997
6955674,2015,2016-11-03,9625,2015-06-02,2345,020830,,2,3,9,1300,0,1,1,,2,002,"RT 8","KOH PAH PARK RD",2200.00,E,N,A,G,Y,IMP,11,8,-,R,0.290,H,-,W,Y,4,0,1,1,A,-,08,22107,,N,E,I,A,A,H,-,D,D,1,,,,,Y,,D,22,0,0,1,0,0,0,0,0,0,"- ","- ",32.650489999999998,-116.10265,IMPERIAL,UNINCORPORATED,-116.10331727000001,32.649044060000001
6955702,2015,2016-11-19,9625,2015-05-24,1225,020704,,7,1,9,1300,0,1,3,,2,053,"RT 111","HEBER RD",18.00,S,N,A,-,Y,IMP,11,111,-,R,4.730,H,-,N,Y,4,0,2,2,A,-,03,22350,,N,C,C,A,A,H,-,A,A,0,,,,,Y,,A,01,0,0,2,0,0,0,0,0,0,"- ","- ",32.731000000000002,-115.50022,IMPERIAL,UNINCORPORATED,-115.50040522,32.73052964
6955706,2015,2016-11-17,9625,2015-05-25,1420,018464,,1,2,9,1300,0,1,3,,1,012,"RT 86","MONTEREY AV",834.00,S,N,A,-,Y,IMP,11,86,-,-,6.750,H,-,S,Y,2,0,1,1,A,-,01,23152,A,N,E,I,A,A,H,-,A,D,0,,,,,Y,Y,A,01,1,0,0,0,0,0,0,0,0,"- ","- ",33.399659999999997,-116.04489,IMPERIAL,UNINCORPORATED,-115.55248774,32.784645679999997