CASE_ID,ACCIDENT_YEAR,PROC_DATE,JURIS,COLLISION_DATE,COLLISION_TIME,OFFICER_ID,REPORTING_DISTRICT,DAY_OF_WEEK,CHP_SHIFT,POPULATION,CNTY_CITY_LOC,SPECIAL_COND,BEAT_TYPE,CHP_BEAT_TYPE,CITY_DIVISION_LAPD,CHP_BEAT_CLASS,BEAT_NUMBER,PRIMARY_RD,SECONDARY_RD,DISTANCE,DIRECTION,INTERSECTION,WEATHER_1,WEATHER_2,STATE_HWY_IND,CALTRANS_COUNTY,CALTRANS_DISTRICT,STATE_ROUTE,ROUTE_SUFFIX,POSTMILE_PREFIX,POSTMILE,LOCATION_TYPE,RAMP_INTERSECTION,SIDE_OF_HWY,TOW_AWAY,COLLISION_SEVERITY,NUMBER_KILLED,NUMBER_INJURED,PARTY_COUNT,PRIMARY_COLL_FACTOR,PCF_CODE_OF_VIOL,PCF_VIOL_CATEGORY,PCF_VIOLATION,PCF_VIOL_SUBSECTION,HIT_AND_RUN,TYPE_OF_COLLISION,MVIW,PED_ACTION,ROAD_SURFACE,ROAD_COND_1,ROAD_COND_2,LIGHTING,CONTROL_DEVICE,CHP_ROAD_TYPE,PEDESTRIAN_ACCIDENT,BICYCLE_ACCIDENT,MOTORCYCLE_ACCIDENT,TRUCK_ACCIDENT,NOT_PRIVATE_PROPERTY,ALCOHOL_INVOLVED,STWD_VEHTYPE_AT_FAULT,CHP_VEHTYPE_AT_FAULT,COUNT_SEVERE_INJ,COUNT_VISIBLE_INJ,COUNT_COMPLAINT_PAIN,COUNT_PED_KILLED,COUNT_PED_INJURED,COUNT_BICYCLIST_KILLED,COUNT_BICYCLIST_INJURED,COUNT_MC_KILLED,COUNT_MC_INJURED,PRIMARY_RAMP,SECONDARY_RAMP,LATITUDE,LONGITUDE,COUNTY,CITY,POINT_X,POINT_Y
8924027,2018,2019-09-13,1302,2018-01-02,0329,CX014,1302,2,5,4,1302,0,0,0,,0,0C2,"RT 111","3RD ST",132.00,N,N,A,-,Y,IMP,11,111,-,-,0.430,H,-,N,N,3,0,1,2,A,-,11,21954,A,N,G,B,D,A,H,-,C,A,0,Y,,,,Y,,N,60,0,1,0,0,1,0,0,0,0,"- ","- ",,,IMPERIAL,CALEXICO,-115.49868011474609,32.668018341064453
8924028,2018,2019-09-13,1302,2018-10-18,1044,CX164,1302,4,5,4,1302,0,0,0,,0,004,"E COLE RD","RT 111",27.00,E,N,A,-,Y,IMP,11,111,-,R,2.211,I,6,N,N,4,0,1,2,A,-,03,22350,,N,C,C,A,A,H,-,A,A,0,,,,,Y,,A,01,0,0,1,0,0,0,0,0,0,"- ","- ",,,IMPERIAL,CALEXICO,-115.49927520751953,32.694023132324219
8924031,2018,2019-09-30,1302,2018-01-03,1200,CX084,1302,3,5,4,1302,0,0,0,,0,002,"IMPERIAL AV","E 4TH ST",3.00,S,N,A,-,Y,IMP,11,111,-,-,0.479,I,5,N,N,4,0,1,2,A,-,10,21950,A,N,G,G,A,A,H,-,A,A,0,,Y,,,Y,,-,,0,0,1,0,0,0,1,0,0,"- ","- ",,,IMPERIAL,CALEXICO,-115.49868011474609,32.668796539306641
8924032,2018,2019-09-17,1302,2018-10-31,1938,561,1302,3,5,4,1302,0,0,0,,0,CX4,"RT 98","BOWKER RD",0.00,,Y,A,-,Y,IMP,11,98,-,-,3.446,I,5,W,Y,2,0,4,2,A,-,08,22107,,N,A,C,A,A,H,-,D,D,0,,,,,Y,,A,01,1,0,3,0,0,0,0,0,0,"- ","- ",,,IMPERIAL,CALEXICO,-115.96308898925781,32.721553802490234
8924035,2018,2019-09-13,1302,2018-01-03,1601,561,1302,3,5,4,1302,0,0,0,,0,002,"IMPERIAL AV","LINCOLN ST",20.00,S,N,A,-,Y,IMP,11,111,-,-,0.908,I,5,N,Y,3,0,1,2,A,-,08,22107,,N,D,C,A,A,H,-,A,D,0,,,Y,,Y,,A,01,0,1,0,0,0,0,0,0,1,"- ","- ",,,IMPERIAL,CALEXICO,-115.49868011474609,32.675083160400391
8924036,2018,2019-09-13,1302,2018-10-29,1101,CX010,1302,1,5,4,1302,0,0,0,,0,003,"RT 111","RT 111 2300",0.00,,Y,A,-,Y,IMP,11,111,-,R,2.190,H,-,N,N,4,0,1,2,A,-,03,22350,,N,C,C,A,A,H,-,A,A,0,,,,,Y,,A,01,0,0,1,0,0,0,0,0,0,"- ","- ",,,IMPERIAL,CALEXICO,-115.49927520751953,32.693717956542969
8924039,2018,2019-09-13,1302,2018-01-09,1701,I0005,1302,2,5,4,1302,0,0,0,,0,002,"RT 111","RT 98",50.00,S,N,B,-,Y,IMP,11,111,-,-,1.160,H,-,S,N,4,0,1,2,A,-,07,21658,A,N,C,C,A,A,H,-,B,D,0,,,Y,,Y,,A,01,0,0,1,0,0,0,0,0,1,"- ","- ",,,IMPERIAL,CALEXICO,-115.49871063232422,32.6787109375
8924040,2018,2019-09-13,1302,2018-11-17,1135,562,1302,6,5,4,1302,0,0,0,,0,003,"IMPERIAL AV","W 3RD ST",89.00,S,N,A,-,Y,IMP,11,111,-,-,0.390,H,-,S,N,3,0,1,2,A,-,06,21755,,N,D,C,A,A,H,-,A,D,0,,,Y,,Y,,C,02,0,1,0,0,0,0,0,0,1,"- ","- ",,,IMPERIAL,CALEXICO,-115.49868011474609,32.667556762695312
8924043,2018,2019-09-13,1302,2018-01-30,1649,542,1302,2,5,4,1302,0,0,0,,0,004,"COLE RD","RT 111",44.00,E,N,A,-,Y,IMP,11,111,-,R,2.211,I,6,N,N,4,0,1,2,A,-,03,22350,,N,C,C,A,A,H,-,A,A,0,,,,,Y,,A,01,0,0,1,0,0,0,0,0,0,"- ","- ",,,IMPERIAL,CALEXICO,-115.49927520751953,32.694023132324219
8924044,2018,2019-09-13,1302,2018-11-20,1502,557,1302,2,5,4,1302,0,0,0,,0,004,"RT 111","CENTRAL MAIN CANAL",978.00,N,N,A,-,Y,IMP,11,111,-,R,2.910,H,-,S,Y,3,0,1,2,A,-,03,22350,A,N,F,C,A,A,H,-,A,D,0,,,,,Y,,A,01,0,1,0,0,0,0,0,0,0,"- ","- ",,,IMPERIAL,CALEXICO,-115.49938201904297,32.704261779785156
8924047,2018,2019-09-13,1302,2018-01-25,1730,561,1302,4,5,4,1302,0,0,0,,0,004,"IMPERIAL W AVE","LIGHT POLE 1191611C",82.00,N,N,A,-,Y,IMP,11,98,-,-,32.240,H,-,W,N,4,0,1,2,A,-,08,22107,,N,D,C,A,A,H,-,C,A,0,,,Y,,Y,,A,01,0,0,1,0,0,0,0,0,1,"- ","- ",,,IMPERIAL,CALEXICO,-115.50002288818359,32.679111480712891
8924048,2018,2019-09-13,1302,2018-11-03,1059,CX164,1302,6,5,4,1302,0,0,0,,0,003,"IMPERIAL AV","W 4TH ST",78.00,N,N,A,-,Y,IMP,11,111,-,-,0.490,H,-,S,N,4,0,1,2,A,-,03,22350,,N,C,C,A,A,H,-,A,A,0,,,,,Y,,A,07,0,0,1,0,0,0,0,0,0,"- ","- ",,,IMPERIAL,CALEXICO,-115.49868011474609,32.668956756591797
8924051,2018,2019-09-13,1302,2018-03-20,2030,CX084,1302,2,5,4,1302,0,0,0,,0,004,"RT 98","CESAR CHAVEZ BL",0.00,,Y,A,-,Y,IMP,11,98,-,-,31.950,H,-,W,N,4,0,1,2,A,-,11,21954,A,N,G,B,D,A,H,-,C,A,0,Y,,,,Y,Y,-,"- ",0,0,1,0,1,0,0,0,0,"- ","- ",,,IMPERIAL,CALEXICO,-115.50508117675781,32.679141998291016
8924052,2018,2019-09-17,1302,2018-11-11,1739,561,1302,7,5,4,1302,0,0,0,,0,CX2,"RT 111","9TH ST",0.00,,Y,A,-,Y,IMP,11,111,-,-,0.949,I,5,N,N,4,0,2,2,A,-,08,22107,,N,B,C,A,A,H,-,C,A,0,,,,,Y,,A,01,0,0,2,0,0,0,0,0,0,"- ","- ",,,IMPERIAL,CALEXICO,-115.49868011474609,32.675685882568359
8924055,2018,2019-09-13,1302,2018-03-19,1709,CX088,1302,1,5,4,1302,0,0,0,,0,001,"RT 98","RT 98 1000",0.00,,Y,A,-,Y,IMP,11,98,-,-,25.060,H,-,E,Y,4,0,1,2,A,-,03,22350,,F,C,C,A,A,H,-,A,D,0,,,,,Y,,A,01,0,0,1,0,0,0,0,0,0,"- ","- ",,,IMPERIAL,CALEXICO,-115.62150573730469,32.679229736328125
8924056,2018,2020-01-25,1302,2018-12-11,1553,557,1302,2,5,4,1302,0,0,0,,0,004,"RT 98","BOWKER RD",0.00,,Y,A,-,Y,IMP,11,98,-,-,34.460,I,5,E,Y,4,0,2,2,A,-,09,21800,,N,D,C,A,A,H,-,B,A,0,,,,,Y,,A,01,0,0,2,0,0,0,0,0,0,"- ","- ",,,IMPERIAL,CALEXICO,-115.46536254882812,32.686408996582031
8924059,2018,2019-09-17,1302,2018-03-21,1316,I0005,1302,3,5,4,1302,0,0,0,,0,004,"RT 111","JASPER RD",0.00,S,N,A,-,Y,IMP,11,111,-,R,3.100,H,-,N,Y,4,0,3,3,A,-,03,22350,,N,B,C,A,A,H,-,A,A,0,,,,,Y,,A,01,0,0,3,0,0,0,0,0,0,"- ","- ",,,IMPERIAL,CALEXICO,-115.49940490722656,32.707008361816406
8924060,2018,2019-09-13,1302,2018-12-20,0356,CX084,1302,4,5,4,1302,0,0,0,,0,002,"IMPERIAL AV","E 6TH ST",0.00,,Y,A,-,Y,IMP,11,111,-,-,0.621,I,5,N,Y,2,0,1,2,A,-,09,21801,A,N,D,C,A,A,H,-,C,D,0,,,,,Y,,-,,1,0,0,0,0,0,0,0,0,"- ","- ",,,IMPERIAL,CALEXICO,-115.49868011474609,32.670883178710938
8924063,2018,2019-09-13,1302,2018-05-09,0729,565,1302,3,5,4,1302,0,0,0,,0,002,"RT 98","ENCINAS AV",0.00,,Y,A,-,Y,IMP,11,98,-,-,32.920,I,5,W,Y,4,0,1,3,A,-,12,21453,A,N,C,C,A,A,H,-,A,A,0,,,,,Y,,A,01,0,0,1,0,0,0,0,0,0,"- ","- ",,,IMPERIAL,CALEXICO,-115.48831176757812,32.679271697998047
8924067,2018,2019-09-13,1302,2018-05-10,1315,CX156,1302,4,5,4,1302,0,0,0,,0,004,"RT 111","JASPER RD",974.00,S,N,A,-,Y,IMP,11,111,-,R,3.050,H,-,N,Y,4,0,1,3,A,-,03,22350,,N,C,C,A,A,H,-,A,A,0,,,,,Y,,A,01,0,0,1,0,0,0,0,0,0,"- ","- ",,,IMPERIAL,CALEXICO,-115.49939727783203,32.706287384033203
8924071,2018,2019-09-17,1302,2018-05-09,1605,565,1302,3,5,4,1302,0,0,0,,0,002,"RT 111","7TH ST",0.00,,Y,A,-,Y,IMP,11,111,-,-,0.693,I,5,N,Y,4,0,1,2,A,-,17,21100,3,N,D,C,A,A,H,-,A,A,0,,,,,Y,,A,01,0,0,1,0,0,0,0,0,0,"- ","- ",,,IMPERIAL,CALEXICO,-115.49868011474609,32.67193603515625
8924075,2018,2019-09-13,1302,2018-09-17,0820,CX527,1302,1,5,4,1302,0,0,0,,0,001,"RT 111","LANE 1",9.00,W,N,A,-,Y,IMP,11,111,-,R,0.030,H,-,N,N,4,0,1,2,A,-,03,22350,,N,C,C,A,-,H,-,-,A,0,,,Y,,Y,,A,01,0,0,1,0,0,0,0,0,1,"- ","- ",,,IMPERIAL,CALEXICO,-115.49654388427734,32.665199279785156
8924079,2018,2019-09-30,1302,2018-09-13,0810,I0005,1302,4,5,4,1302,0,0,0,,0,004,"RT 98","PAULIN AV",76.00,E,N,A,-,Y,IMP,11,98,-,-,32.400,H,-,W,N,4,0,1,3,A,-,03,22350,,N,C,C,A,A,H,-,A,-,0,,,,,Y,,D,22,0,0,1,0,0,0,0,0,0,"- ","- ",,,IMPERIAL,CALEXICO,-115.49729919433594,32.679122924804688
8924126,2018,2019-09-12,1302,2018-03-02,1713,I0005,1302,5,5,4,1302,0,0,0,,0,003,"RT 111","4TH ST",27.00,S,N,A,-,Y,IMP,11,111,-,-,0.470,H,-,S,N,4,0,2,3,A,-,11,21954,A,N,B,B,D,A,H,-,A,D,0,Y,,Y,,Y,,N,60,0,0,2,0,1,0,0,0,1,"- ","- ",,,IMPERIAL,CALEXICO,-115.49868011474609,32.668670654296875
8924130,2018,2019-09-12,1302,2018-03-08,0808,I0005,1302,4,5,4,1302,0,0,0,,0,004,"RT 98","CALLE DEL ORO AV",0.00,,Y,A,-,Y,IMP,11,98,-,-,32.884,I,5,W,Y,4,0,2,2,A,-,09,21801,A,N,D,C,A,A,H,-,A,D,0,,,,,Y,,A,01,0,0,2,0,0,0,0,0,0,"- ","- ",,,IMPERIAL,CALEXICO,-115.48892974853516,32.67926025390625
8924134,2018,2019-09-12,1302,2018-04-12,1824,I0005,1302,4,5,4,1302,0,0,0,,0,004,"RT 111","RT 98",600.00,N,N,A,-,Y,IMP,11,111,-,R,1.670,H,-,S,Y,4,0,3,2,A,-,03,22350,,N,C,C,A,A,H,-,A,D,0,,,,,Y,,A,01,0,0,3,0,0,0,0,0,0,"- ","- ",,,IMPERIAL,CALEXICO,-115.49919128417969,32.686153411865234
8924157,2018,2019-09-12,1302,2018-02-02,1843,CX118,1302,5,5,4,1302,0,0,0,,0,002,"RT 111","RT 98",211.00,S,N,A,-,Y,IMP,11,111,-,-,1.140,H,-,N,Y,4,0,1,2,A,-,07,21658,A,N,D,C,A,A,H,-,C,A,0,,,,,Y,,A,01,0,0,1,0,0,0,0,0,0,"- ","- ",,,IMPERIAL,CALEXICO,-115.49869537353516,32.678440093994141
8924247,2019,2020-05-27,1302,2019-01-06,1208,561,1302,7,5,4,1302,0,0,0,,0,CX2,"IMPERIAL AV","IMPERIAL AV 700 BLK",0.00,,-,A,-,Y,IMP,11,111,-,-,0.720,H,-,N,N,4,0,1,2,A,-,03,22350,,N,C,C,A,A,H,-,A,A,0,,,,,Y,,D,22,0,0,1,0,0,0,0,0,0,"- ","- ",,,IMPERIAL,CALEXICO,-115.49868011474609,32.672332763671875
8924251,2019,2020-06-16,1302,2019-01-18,1553,CX014,1302,5,5,4,1302,0,0,0,,0,002,"RT 98","HAROLD AV",0.00,,Y,A,-,Y,IMP,11,98,-,-,32.172,I,5,E,Y,3,0,1,2,A,-,06,21754,,N,D,C,A,A,H,-,A,A,0,,,Y,,Y,,C,03,0,1,0,0,0,0,0,0,1,"- ","- ",,,IMPERIAL,CALEXICO,-115.50116729736328,32.679111480712891
8924255,2019,2020-05-27,1302,2019-01-22,1628,CX527,1302,2,5,4,1302,0,0,0,,0,002,"RT 111","7TH ST",0.00,,Y,A,-,Y,IMP,11,111,-,-,0.693,I,5,S,N,3,0,1,2,A,-,09,21801,A,N,D,G,A,A,H,-,A,A,0,,Y,,,Y,,D,22,0,1,0,0,0,0,1,0,0,"- ","- ",,,IMPERIAL,CALEXICO,-115.49868011474609,32.67193603515625
8924259,2019,2020-03-20,1302,2019-02-05,1431,CX527,1302,2,5,4,1302,0,0,0,,0,001,"RT 98","KLOKE RD",0.00,,N,A,-,Y,IMP,11,98,-,-,31.290,H,-,E,N,4,0,1,2,A,-,03,22350,,N,C,C,A,A,H,-,A,A,0,,,,,Y,,A,01,0,0,1,0,0,0,0,0,0,"- ","- ",32.679168701171875,-115.51361083984375,IMPERIAL,CALEXICO,-115.51629638671875,32.679180145263672
8924263,2019,2020-06-16,1302,2019-02-21,0810,561,1302,4,5,4,1302,0,0,0,,0,CX4,"RT 98","AVENIDA DE ORO",0.00,,Y,A,-,Y,IMP,11,98,-,-,32.884,I,5,W,Y,3,0,3,4,A,-,08,22107,,N,D,C,A,A,H,-,A,A,0,,,,,Y,,A,01,0,1,2,0,0,0,0,0,0,"- ","- ",,,IMPERIAL,CALEXICO,-115.48892974853516,32.67926025390625
8924271,2019,2020-05-27,1302,2019-03-06,0802,CX118,1302,3,5,4,1302,0,0,0,,0,004,"E COLE RD","RT 111",46.00,E,N,A,-,Y,IMP,11,111,-,R,2.211,I,6,N,N,4,0,1,2,A,-,08,22100,A,N,D,C,A,A,H,-,A,A,0,,,,,Y,,A,01,0,0,1,0,0,0,0,0,0,"- ","- ",,,IMPERIAL,CALEXICO,-115.49927520751953,32.694023132324219
8924277,2019,2020-06-16,1302,2019-02-01,1939,562,1302,5,5,4,1302,0,0,0,,0,002,"RT 98","PAULIN AV",0.00,,Y,B,-,Y,IMP,11,98,-,-,32.386,I,5,E,Y,3,0,1,2,A,-,09,21802,A,N,D,C,A,A,H,-,C,A,0,,,Y,,Y,,A,01,0,1,0,0,0,0,0,0,0,"- ","- ",,,IMPERIAL,CALEXICO,-115.49753570556641,32.679122924804688
8924299,2019,2020-05-28,1302,2019-04-15,1742,535,1302,1,5,4,1302,0,0,0,,0,002,"RT 111","GRANT ST",0.00,,Y,A,-,Y,IMP,11,111,-,-,0.836,I,5,N,Y,4,0,1,2,A,-,12,21453,A,N,D,C,A,A,H,-,A,A,0,,,,,Y,,A,01,0,0,1,0,0,0,0,0,0,"- ","- ",,,IMPERIAL,CALEXICO,-115.49868011474609,32.674034118652344
8924303,2019,2020-09-18,1302,2019-04-17,1523,557,1302,3,5,4,1302,0,0,0,,0,001,"RT 98","KLOKE AV",150.00,E,N,A,-,Y,IMP,11,98,-,-,3.134,H,-,E,Y,4,0,1,3,A,-,03,22350,A,N,C,C,A,A,H,-,A,A,0,,,,,Y,,A,01,0,0,1,0,0,0,0,0,0,"- ","- ",,,IMPERIAL,CALEXICO,-115.96816253662109,32.722572326660156
8924307,2019,2020-06-16,1302,2019-04-26,0741,565,1302,5,5,4,1302,0,0,0,,0,004,"RT 98","RT 111",35.00,W,N,A,-,Y,IMP,11,98,-,-,32.320,H,-,W,Y,4,0,1,2,A,-,04,21703,,N,C,C,A,A,H,-,A,A,0,,,,,Y,,A,01,0,0,1,0,0,0,0,0,0,"- ","- ",,,IMPERIAL,CALEXICO,-115.49861907958984,32.679088592529297
8924311,2019,2020-09-18,1302,2019-05-08,1844,564,1302,3,5,4,1302,0,0,0,,0,001,"RT 98","DAVID NAVARRO AV",297.00,E,N,A,-,Y,IMP,11,98,-,-,31.200,H,-,E,N,4,0,1,2,A,-,03,22350,,N,C,C,A,A,H,-,A,A,0,,,,,Y,,A,01,0,0,1,0,0,0,0,0,0,"- ","- ",,,IMPERIAL,CALEXICO,-115.51787567138672,32.679187774658203
8924315,2019,2020-09-18,1302,2019-05-02,0855,562,1302,4,5,4,1302,0,0,0,,0,004,"RT 98","C N PERRY AV",37.00,E,N,A,-,Y,IMP,11,98,-,-,32.674,I,5,W,N,3,0,1,2,A,-,10,21950,A,N,G,B,B,A,H,-,A,A,0,Y,,,,Y,,A,07,0,1,0,0,1,0,0,0,0,"- ","- ",,,IMPERIAL,CALEXICO,-115.49253082275391,32.67919921875
8924754,2018,2019-09-30,1302,2018-07-11,2342,CX088,1302,3,5,4,1302,0,0,0,,0,002,"RT 111","7TH ST",102.00,N,N,A,-,Y,IMP,11,111,-,-,0.710,H,-,N,N,4,0,1,2,A,-,03,22350,,N,C,C,A,A,-,-,C,D,0,,,,Y,Y,,A,07,0,0,1,0,0,0,0,0,0,"- ","- ",,,IMPERIAL,CALEXICO,-115.49868011474609,32.672183990478516
8924758,2018,2019-09-03,1302,2018-07-20,1050,542,1302,5,5,4,1302,0,0,0,,0,004,"COLE RD","ROCKWOOD AV",183.00,E,N,A,-,N,,,,,,,,,,Y,4,0,1,3,A,-,05,21460,A,N,D,C,A,A,H,-,A,D,0,,,,Y,Y,,F,26,0,0,1,0,0,0,0,0,0,"- ","- ",,,IMPERIAL,CALEXICO,-115.49568939208984,32.693958282470703
8925225,2018,2019-08-28,1302,2018-06-15,1020,561,1302,5,5,4,1302,0,0,0,,0,CX4,"ANDRADE AV","LIGHT POLE #11123739C",24.00,N,N,A,-,N,,,,,,,,,,N,4,0,1,2,A,-,03,22350,,N,C,C,A,A,H,-,A,A,0,,,,,Y,,A,01,0,0,1,0,0,0,0,0,0,"- ","- ",,,IMPERIAL,CALEXICO,,
8925229,2018,2019-08-28,1302,2018-06-09,1716," CX172",1302,6,5,4,1302,0,0,0,,0,CX2,"EAST 7TH ST","IMPERIAL AV",5.00,E,N,A,-,N,,,,,,,,,,N,3,0,1,2,A,-,01,23152,A,N,D,C,A,A,H,-,A,A,0,,,,,Y,Y,A,01,0,1,0,0,0,0,0,0,0,"- ","- ",,,IMPERIAL,CALEXICO,-115.56993103027344,32.846458435058594
8925283,2018,2019-08-29,1302,2018-07-06,1655,CX172,1302,5,5,4,1302,0,0,0,,0,CX4,"W COLE RD","ENTERPRISE BL",0.00,,Y,A,-,N,,,,,,,,,,N,4,0,1,2,A,-,03,22350,,N,C,C,A,A,H,-,A,A,0,,,,,Y,,A,01,0,0,1,0,0,0,0,0,0,"- ","- ",,,IMPERIAL,CALEXICO,-115.50612640380859,32.693981170654297
8925287,2018,2019-08-29,1302,2018-07-14,0800,CX172,1302,6,5,4,1302,0,0,0,,0,CX1,"ANZA RD","POLE #42858D",129.00,S,N,A,-,N,,,,,,,,,,N,4,0,1,2,A,-,08,22107,,N,D,C,A,A,H,-,A,D,0,,Y,,,Y,,L,04,0,0,1,0,0,0,1,0,0,"- ","- ",,,IMPERIAL,CALEXICO,,
8925291,2018,2019-08-29,1302,2018-07-20,1209,CX088,1302,5,5,4,1302,0,0,0,,0,002,"E 5TH ST","HEBER AV",35.00,W,N,A,-,N,,,,,,,,,,N,4,0,1,2,A,-,21,22106,,N,B,C,A,A,H,-,A,D,0,,,,,Y,,A,08,0,0,1,0,0,0,0,0,0,"- ","- ",,,IMPERIAL,CALEXICO,-115.49362182617188,32.669830322265625
8925295,2018,2019-08-29,1302,2018-07-21,0223,561,1302,6,5,4,1302,0,0,0,,0,CX4,"EAST COLE RD","ROCKWOOD AV",29.00,W,N,A,-,N,,,,,,,,,,Y,4,0,1,2,A,-,03,22350,,N,C,C,A,A,-,-,C,A,0,,,,,Y,,A,01,0,0,1,0,0,0,0,0,0,"- ","- ",,,IMPERIAL,CALEXICO,-115.49637603759766,32.693962097167969
8925919,2018,2019-08-29,1302,2018-08-10,0848,CX088,1302,5,5,4,1302,0,0,0,,0,004,"E COLE BL","ROCKWOOD AV",134.00,W,N,A,-,N,,,,,,,,,,N,4,0,1,2,A,-,03,22350,,N,C,C,A,A,H,-,A,A,0,,,,,Y,,A,01,0,0,1,0,0,0,0,0,0,"- ","- ",,,IMPERIAL,CALEXICO,-115.49671173095703,32.693965911865234
8925922,2018,2019-08-29,1302,2018-08-07,1831,557,1302,2,5,4,1302,0,0,0,,0,002,"BELCHER ST","DOOL AV",234.00,W,N,A,-,N,,,,,,,,,,N,3,0,2,3,A,-,10,21950,A,N,A,B,D,A,H,-,A,A,0,Y,,,,Y,Y,-,"- ",0,2,0,0,2,0,0,0,0,"- ","- ",,,IMPERIAL,CALEXICO,-115.48691558837891,32.675861358642578
8926199,2019,2019-09-04,1304,2019-07-23,1037,331,EWEST,2,5,4,1304,0,0,0,,0,WEST,IMPERIAL,AURORA,0.00,,Y,A,-,N,,,,,,,,,,N,3,0,1,2,A,-,11,21950,B,N,B,B,D,A,H,-,A,A,0,Y,,,,Y,,N,60,0,1,0,0,1,0,0,0,0,"- ","- ",,,IMPERIAL,"EL CENTRO",-115.56967163085938,32.77838134765625
8926207,2019,2019-09-04,1304,2019-07-11,2029,351,EAST,4,5,4,1304,0,0,0,,0,EAST,"EUCLID AV","5TH ST",27.00,W,N,A,-,N,,,,,,,,,,N,4,0,1,2,A,-,08,22107,,M,G,B,E,A,H,-,C,D,0,Y,,,,Y,Y,-,,0,0,1,0,1,0,0,0,0,"- ","- ",,,IMPERIAL,"EL CENTRO",-115.55503845214844,32.798370361328125
8927062,2019,2019-09-12,1302,2019-06-07,1258,554,1302,5,5,4,1302,0,0,0,,0,0B3,"HEBER AV","ETHEL ST",0.00,,Y,A,-,N,,,,,,,,,,Y,4,0,1,2,A,-,07,21658,A,N,C,E,A,A,H,-,A,D,0,,,,,Y,,A,01,0,0,1,0,0,0,0,0,0,"- ","- ",,,IMPERIAL,CALEXICO,-115.49352264404297,32.675991058349609
8927107,2019,2019-09-18,1302,2019-04-13,0111,557,1302,6,5,4,1302,0,0,0,,0,004,"RT 111","COLE RD",100.00,S,N,A,-,N,,,,,,,,,,Y,4,0,1,3,A,-,03,22350,,N,C,C,A,A,H,-,D,A,0,,,,,Y,,A,01,0,0,1,0,0,0,0,0,0,"- ","- ",,,IMPERIAL,CALEXICO,-115.49937438964844,32.693706512451172
8927113,2019,2019-09-04,1302,2019-02-15,1923,567,1302,5,5,4,1302,0,0,0,,0,003,"HEFFERNAN AV","3RD ST",0.00,,Y,G,-,N,,,,,,,,,,N,4,0,1,2,A,-,10,21950,A,N,G,B,B,A,H,-,C,A,0,Y,,,,Y,,D,22,0,0,1,0,1,0,0,0,0,"- ","- ",,,IMPERIAL,CALEXICO,-115.49488830566406,32.667758941650391
8927117,2019,2020-06-16,1302,2019-02-27,0823,CX014,1302,3,5,4,1302,0,0,0,,0,0C1,"RT 98","DAVID NAVARRO AV",0.00,,Y,A,-,Y,IMP,11,98,-,-,31.136,I,5,W,Y,4,0,1,2,A,-,09,21800,A,F,D,D,A,A,H,-,A,A,0,,,,,Y,,D,22,0,0,1,0,0,0,0,0,0,"- ","- ",,,IMPERIAL,CALEXICO,-115.51899719238281,32.67919921875
8927119,2019,2019-11-08,1302,2019-05-03,1424,557,1302,5,5,4,1302,0,0,0,,0,004,"RT 111","COLE RD",800.00,N,N,A,-,Y,IMP,11,111,-,R,2.211,H,-,S,Y,2,0,1,2,A,-,07,21658,,N,A,C,A,A,H,-,A,D,0,,,,,Y,,D,22,1,0,0,0,0,0,0,0,0,"- ","- ",,,IMPERIAL,CALEXICO,-115.49927520751953,32.694023132324219
8927124,2019,2020-06-16,1302,2019-03-04,1113,CX187,1302,1,5,4,1302,0,0,0,,0,002,"RT 98","ANDRADE AV",0.00,,Y,A,-,Y,IMP,11,98,-,-,33.253,I,5,E,Y,2,0,2,2,A,-,08,22107,,N,A,C,A,A,H,-,A,A,0,,,,Y,Y,,A,01,1,0,1,0,0,0,0,0,0,"- ","- ",,,IMPERIAL,CALEXICO,-115.4825439453125,32.679336547851562
8927831,2018,2019-08-29,1302,2018-06-21,0048,CX014,1302,4,5,4,1302,0,0,0,,0,002,"5TH ST","MARY AV",0.00,,Y,A,-,N,,,,,,,,,,Y,4,0,1,2,A,-,09,21802,A,N,D,D,A,A,H,-,C,A,0,,,,,Y,,A,07,0,0,1,0,0,0,0,0,0,"- ","- ",,,IMPERIAL,CALEXICO,-115.49210357666016,32.669830322265625
8928124,2019,2019-09-05,1302,2019-06-29,1704,CX088,1302,6,5,4,1302,0,0,0,,0,004,"ROCKWOOD AV","COLE BL",0.00,,Y,B,-,N,,,,,,,,,,N,4,0,1,2,A,-,09,21804,A,N,C,C,A,A,H,-,A,B,0,,,,,Y,,A,01,0,0,1,0,0,0,0,0,0,"- ","- ",,,IMPERIAL,CALEXICO,-115.49627685546875,32.693958282470703
8928128,2019,2019-09-05,1302,2019-06-01,1910,CX567,1302,6,5,4,1302,0,0,0,,0,003,"HEBER AV","2ND ST",0.00,,Y,A,-,N,,,,,,,,,,N,4,0,1,2,A,-,08,22107,,N,G,B,B,A,H,-,B,A,0,Y,,,,Y,,A,01,0,0,1,0,1,0,0,0,0,"- ","- ",,,IMPERIAL,CALEXICO,-115.49350738525391,32.666679382324219
8929041,2019,2019-09-10,1302,2019-02-25,1515," CX527",1302,1,5,4,1302,0,0,0,,0,004,"COLE RD","VAN DE GRAAF ST",217.00,E,N,A,-,N,,,,,,,,,,N,4,0,1,2,A,-,11,21950,B,N,G,B,D,A,H,-,A,A,0,Y,,,,Y,,N,60,0,0,1,0,1,0,0,0,0,"- ","- ",,,IMPERIAL,CALEXICO,-115.50110626220703,32.693973541259766
8929045,2019,2019-09-10,1302,2019-02-12,1324,CX186,1302,2,5,4,1302,0,0,0,,0,001,"KLOKE AV","NOSOTROS ST",0.00,,Y,A,-,N,,,,,,,,,,Y,3,0,1,2,A,-,03,22350,,N,C,C,A,A,H,-,A,A,0,,,,,Y,,A,01,0,1,0,0,0,0,0,0,0,"- ","- ",,,IMPERIAL,CALEXICO,-115.51595306396484,32.676059722900391
8929049,2019,2019-09-10,1302,2019-01-12,0459,CX187,1302,6,5,4,1302,0,0,0,,0,0C4,"BOWKER RD","COLE RD",43.00,N,N,A,-,N,,,,,,,,,,Y,4,0,1,1,A,-,01,23152,B,N,E,I,A,A,H,-,C,D,0,,,,,Y,Y,A,01,0,0,1,0,0,0,0,0,0,"- ","- ",,,IMPERIAL,CALEXICO,-115.46521759033203,32.694026947021484