CASE_ID,ACCIDENT_YEAR,PROC_DATE,JURIS,COLLISION_DATE,COLLISION_TIME,OFFICER_ID,REPORTING_DISTRICT,DAY_OF_WEEK,CHP_SHIFT,POPULATION,CNTY_CITY_LOC,SPECIAL_COND,BEAT_TYPE,CHP_BEAT_TYPE,CITY_DIVISION_LAPD,CHP_BEAT_CLASS,BEAT_NUMBER,PRIMARY_RD,SECONDARY_RD,DISTANCE,DIRECTION,INTERSECTION,WEATHER_1,WEATHER_2,STATE_HWY_IND,CALTRANS_COUNTY,CALTRANS_DISTRICT,STATE_ROUTE,ROUTE_SUFFIX,POSTMILE_PREFIX,POSTMILE,LOCATION_TYPE,RAMP_INTERSECTION,SIDE_OF_HWY,TOW_AWAY,COLLISION_SEVERITY,NUMBER_KILLED,NUMBER_INJURED,PARTY_COUNT,PRIMARY_COLL_FACTOR,PCF_CODE_OF_VIOL,PCF_VIOL_CATEGORY,PCF_VIOLATION,PCF_VIOL_SUBSECTION,HIT_AND_RUN,TYPE_OF_COLLISION,MVIW,PED_ACTION,ROAD_SURFACE,ROAD_COND_1,ROAD_COND_2,LIGHTING,CONTROL_DEVICE,CHP_ROAD_TYPE,PEDESTRIAN_ACCIDENT,BICYCLE_ACCIDENT,MOTORCYCLE_ACCIDENT,TRUCK_ACCIDENT,NOT_PRIVATE_PROPERTY,ALCOHOL_INVOLVED,STWD_VEHTYPE_AT_FAULT,CHP_VEHTYPE_AT_FAULT,COUNT_SEVERE_INJ,COUNT_VISIBLE_INJ,COUNT_COMPLAINT_PAIN,COUNT_PED_KILLED,COUNT_PED_INJURED,COUNT_BICYCLIST_KILLED,COUNT_BICYCLIST_INJURED,COUNT_MC_KILLED,COUNT_MC_INJURED,PRIMARY_RAMP,SECONDARY_RAMP,LATITUDE,LONGITUDE,COUNTY,CITY,POINT_X,POINT_Y
90096092,2016,2016-01-15,9625,2016-01-05,0230,018930,,2,3,9,1300,0,1,3,,1,012,"SR-86 (S/B)","TREADWELL BLVD",6336.00,N,N,A,-,Y,,,86,,,,,,,Y,3,0,1,1,A,-,01,23152,A,N,E,I,A,A,H,-,D,D,0,,,,,Y,Y,D,22,0,1,0,0,0,0,0,0,0,"- ","- ",33.342410000000001,-116.01158,IMPERIAL,UNINCORPORATED,-116.01152181,33.342452299999998
90097537,2016,2016-01-19,9620,2016-01-11,1145,018247,,1,1,9,1300,0,1,1,,2,082,"I-8 E/B","BROCK REASERCH CENTER",5808.00,E,N,A,-,Y,,,8,,,,,,E,Y,4,0,1,1,C,-,18,,,N,F,A,A,A,H,-,A,D,0,,,,,Y,,-,"- ",0,0,1,0,0,0,0,0,0,"- ","- ",32.707979999999999,-115.01305000000001,IMPERIAL,UNINCORPORATED,-115.01304967,32.707775359999999
90098247,2016,2016-01-19,9625,2016-01-12,1915,018617,,2,2,9,1300,0,3,5,,2,050,"FAWCETT ROAD","PITZER ROAD",1716.00,E,N,A,-,N,,,,,,,,,,Y,3,0,2,1,A,-,08,22107,,N,F,A,A,A,H,-,D,D,0,,,,,Y,,A,01,0,2,0,0,0,0,0,0,0,"- ","- ",32.72334,-115.51136,IMPERIAL,UNINCORPORATED,-115.51166214,32.723347959999998
90098682,2016,2016-01-20,9620,2016-01-13,1520,013020,620,3,2,9,1300,0,1,1,,2,082,"INTERSTATE 8 (W/B)","WINTERHAVEN DRIVE",5280.00,W,N,A,-,Y,,,8,,,,,,,Y,4,0,1,1,A,-,08,22107,,N,F,A,A,A,H,-,A,D,0,,,,,Y,,A,01,0,0,1,0,0,0,0,0,0,"- ","- ",32.74194,-114.68585,IMPERIAL,UNINCORPORATED,-114.68588017,32.741855950000001
9009892,2019,2020-01-31,1304,2019-10-12,2250,335,EWEST,6,5,4,1304,0,0,0,,0,WEST,IMPERIAL,"BARBARA WORTH",0.00,,Y,A,-,N,,,,,,,,,,Y,2,0,1,2,D,-,00,,,N,H,A,A,A,H,-,C,D,0,,,Y,,Y,,-,"- ",1,0,0,0,0,0,0,0,0,"- ","- ",,,IMPERIAL,"EL CENTRO",-115.5699462890625,32.794628143310547
90099475,2016,2016-01-21,9625,2016-01-10,1517,018792,,7,2,9,1300,0,3,5,,2,050,"PITZER ROAD","CHICK ROAD",30.00,N,N,A,-,N,,,,,,,,,,Y,4,0,1,1,A,-,12,22450,A,N,E,I,A,A,H,-,A,A,0,,,,,Y,,A,01,0,0,1,0,0,0,0,0,0,"- ","- ",32.766970000000001,-115.5176,IMPERIAL,UNINCORPORATED,-115.51802173999999,32.767001970000003
90100168,2016,2016-01-21,9625,2016-01-11,2303,019668,,1,3,9,1300,0,1,3,,1,012,"SR-86 N/B","BRAWLEY AVENUE",2040.00,S,N,A,-,Y,,,86,,,,,,N,Y,2,0,3,2,A,-,08,22107,,M,E,I,A,A,H,-,D,D,0,,,,Y,Y,,D,22,1,1,1,0,0,0,0,0,0,"- ","- ",33.368729999999999,-116.0226,IMPERIAL,UNINCORPORATED,-116.02235198,33.368849240000003
90100531,2016,2016-01-22,9620,2016-01-15,1020,015941,,5,1,9,1300,0,2,4,,1,061,"OGILBY ROAD","WALKER WAY",11616.00,N,N,A,-,N,,,,,,,,,,Y,2,0,1,1,A,-,08,22107,,N,F,A,A,A,H,-,A,D,0,,,,,Y,,A,01,1,0,0,0,0,0,0,0,0,"- ","- ",32.976999999999997,-114.89558,IMPERIAL,UNINCORPORATED,-114.89559255,32.976406580000003
90100546,2016,2016-01-22,9625,2016-01-18,1431,018468,,1,2,9,1300,0,2,4,,2,047,"FORRESTER ROAD","ROSS ROAD",14.00,S,N,A,-,N,,,,,,,,,,Y,3,0,3,2,A,-,12,22450,A,N,D,C,A,A,H,-,A,A,0,,,,,Y,,A,07,0,2,1,0,0,0,0,0,0,"- ","- ",32.781350000000003,-115.62061,IMPERIAL,UNINCORPORATED,-115.62063994,32.78138173
90100607,2016,2016-01-22,9625,2016-01-20,1240,018933,,3,1,9,1300,0,3,5,,2,040,"CLARK ROAD","ATEN ROAD",175.00,S,N,A,-,N,,,,,,,,,,N,4,0,1,3,A,-,03,22350,,N,C,C,A,A,H,-,A,A,0,,,,,Y,,A,01,0,0,1,0,0,0,0,0,0,"- ","- ",32.824979999999996,-115.56152,IMPERIAL,UNINCORPORATED,-115.56154649,32.824951910000003
90101883,2016,2016-01-25,9625,2016-01-13,0835,018792,,3,1,9,1300,0,1,1,,2,006,"I-8 W/B",SR-115,2323.00,W,N,A,-,Y,,,8,,,,,,W,Y,3,0,1,1,A,-,08,22107,,N,F,I,A,A,H,-,A,D,0,,,,,Y,,A,01,0,1,0,0,0,0,0,0,0,"- ","- ",32.773510000000002,-115.29327000000001,IMPERIAL,UNINCORPORATED,-115.29327014,32.773399380000001
90102070,2016,2016-01-25,9625,2016-01-13,2056,018773,,3,2,9,1300,0,3,5,,2,050,"WORTHINGTON ROAD","CASEY ROAD",1504.00,W,N,A,-,N,,,,,,,,,,Y,3,0,1,1,A,-,08,22107,,N,F,A,A,A,H,-,D,D,0,,,,,Y,,A,01,0,1,0,0,0,0,0,0,0,"- ","- ",32.847329999999999,-115.42852999999999,IMPERIAL,UNINCORPORATED,-115.42820797,32.84731
90102555,2016,2016-01-26,9625,2016-01-24,1440,018468,,7,2,9,1300,0,1,1,,2,004,"INTERSTATE 8 (W/B) TO FORRESTER ROAD","FORRESTER ROAD",17.00,E,N,A,-,Y,,,8,,,,R,,,N,4,0,2,2,A,-,03,22350,,N,C,C,A,A,H,-,A,A,0,,,,,Y,,A,07,0,0,2,0,0,0,0,0,0,"- ","- ",32.774999999999999,-115.62056,IMPERIAL,UNINCORPORATED,-115.62056,32.774999999999999
90103401,2016,2016-01-27,9625,2016-01-16,1340,018464,,6,1,9,1300,0,1,3,,1,044,"SR-86 (S/B)","SCHARTZ ROAD",285.00,N,N,A,-,Y,,,86,,,,,,,Y,3,0,3,1,A,-,08,22107,,N,F,A,A,A,H,-,A,D,0,,,,,Y,,A,01,0,3,0,0,0,0,0,0,0,"- ","- ",32.942689999999999,-115.57012,IMPERIAL,UNINCORPORATED,-115.57009958,32.942689960000003
90105231,2016,2016-01-29,9625,2016-01-21,1805,020516,,4,2,9,1300,0,2,4,,2,057,"EVAN HEWES HIGHWAY","OLD HIGHWAY 111",0.00,,Y,A,-,N,,,,,,,,,,Y,4,0,3,2,A,-,09,21801,A,N,D,C,A,A,H,-,C,D,0,,,,,Y,,A,01,0,0,3,0,0,0,0,0,0,"- ","- ",32.799599999999998,-115.50151,IMPERIAL,UNINCORPORATED,-115.50163006,32.799490079999998
90106394,2016,2016-02-01,9625,2016-01-21,1822,018617,,4,2,9,1300,0,1,3,,1,012,"STATE ROUTE 86 NORTHBOUND","TREADWELL BLVD",0.00,,Y,A,-,Y,,,86,,,,,,N,Y,4,0,2,2,A,-,09,21802,A,N,A,C,A,A,H,-,C,A,0,,,,,Y,,D,22,0,0,2,0,0,0,0,0,0,"- ","- ",33.32741,-115.99995,IMPERIAL,UNINCORPORATED,-115.9999279,33.327426369999998
90106912,2016,2016-02-01,9625,2016-01-23,1155,018368,,6,1,9,1300,0,3,5,,2,040,"IMPERIAL HIGHWAY","THIRD ST.",87.00,W,N,A,-,N,,,,,,,,,,Y,2,0,1,1,C,-,18,,,N,H,H,A,A,H,-,A,D,0,,,Y,,Y,,-,"- ",1,0,0,0,0,0,0,0,1,"- ","- ",32.747199999999999,-115.9987,IMPERIAL,UNINCORPORATED,-115.99871156,32.747169999999997
90108025,2016,2016-02-03,9625,2016-01-30,0549,018207,,6,3,9,1300,0,3,5,,2,050,"KLOKE ROAD","COLE ROAD",1056.00,S,N,A,-,N,,,,,,,,,,Y,2,0,1,1,A,-,08,22107,,N,F,I,A,A,H,-,D,D,0,,,,,Y,,D,22,1,0,0,0,0,0,0,0,0,"- ","- ",32.687690000000003,-115.51644,IMPERIAL,UNINCORPORATED,-115.51661621,32.691107909999999
90108057,2016,2016-02-03,9625,2016-01-30,1221,018207,,6,1,9,1300,0,1,3,,2,053,"SR-111 (S/B)","MCCABE ROAD",526.00,N,N,A,-,Y,,,111,,,,,,,Y,4,0,1,3,A,-,03,22350,,N,C,C,A,A,H,-,A,A,0,,,,,Y,,D,22,0,0,1,0,0,0,0,0,0,"- ","- ",32.753390000000003,-115.50095,IMPERIAL,UNINCORPORATED,-115.50077322999999,32.75339271
90108415,2016,2016-02-03,9625,2016-01-22,1300,017055,,5,1,9,1300,0,1,3,,1,054,"SR-111 (S/B)","KEYSTONE ROAD",0.00,,Y,A,-,Y,,,111,,,,,,,Y,2,0,1,2,A,-,12,21453,A,N,D,C,A,A,H,-,A,A,0,,,,Y,Y,,G,25,1,0,0,0,0,0,0,0,0,"- ","- ",32.912640000000003,-115.5093,IMPERIAL,UNINCORPORATED,-115.50913918000001,32.912637189999998
90109033,2016,2016-02-04,9625,2016-01-28,1705,020704,,4,2,9,1300,0,3,5,,2,050,"HOLT ROAD","KEYSTONE ROAD",0.00,,Y,A,-,N,,,,,,,,,,Y,4,0,1,2,A,-,12,22450,A,N,D,C,A,A,H,-,A,A,0,,,,,Y,,D,22,0,0,1,0,0,0,0,0,0,"- ","- ",32.916449999999998,-115.38055,IMPERIAL,UNINCORPORATED,-115.38039000000001,32.916520060000003
90109125,2016,2016-02-04,9625,2016-02-01,1748,016248,,1,2,9,1300,0,1,3,,2,053,"SR-111 S/B","HEBER ROAD",2045.00,N,N,A,-,Y,,,111,,,,,,S,Y,3,0,1,2,A,-,03,22350,,N,C,C,A,A,H,-,D,D,0,,,,,Y,,A,01,0,1,0,0,0,0,0,0,0,"- ","- ",32.737679999999997,-115.50060000000001,IMPERIAL,UNINCORPORATED,-115.50054947,32.73768098
90109377,2016,2016-02-04,9620,2016-01-31,1753,018290,,7,2,9,1300,0,1,1,,2,081,"I-8 W/B","GORDON'S WELL ROAD",1584.00,W,N,B,G,Y,,,8,,,,,,W,Y,4,0,2,1,A,-,08,22107,,N,F,A,A,B,H,-,D,D,0,,,,,Y,,A,07,0,0,2,0,0,0,0,0,0,"- ","- ",32.708739999999999,-114.96187,IMPERIAL,UNINCORPORATED,-114.96186905,32.708686489999998
90109643,2016,2016-02-04,9625,2016-02-03,1537,019582,,3,2,9,1300,0,3,5,,2,040,"MCCABE ROAD","CLARK ROAD",0.00,,Y,A,-,N,,,,,,,,,,Y,4,0,2,2,A,-,09,21800,C,N,D,C,A,A,H,-,A,A,0,,,,,Y,,-,"- ",0,0,2,0,0,0,0,0,0,"- ","- ",32.752569999999999,-115.56047,IMPERIAL,UNINCORPORATED,-115.56049001,32.752440010000001
90111349,2016,2016-02-08,9625,2016-01-28,2250,019225,,4,3,4,1304,0,1,1,,2,003,"INTERSTATE 8 (EASTBOUND)","DOGWOOD ROAD",1584.00,W,N,A,-,Y,,,8,,,,,,,Y,3,0,2,1,A,-,08,22107,,N,F,A,A,A,H,-,D,D,0,,,,,Y,,A,01,0,2,0,0,0,0,0,0,0,"- ","- ",32.773650000000004,-115.53951000000001,IMPERIAL,"EL CENTRO",-115.53951004,32.773680229999997
90111449,2016,2016-02-08,9625,2016-01-30,0750,020111,,6,1,9,1300,0,1,3,,1,042,"SR 98 E/B","MT. SIGNAL RD",33792.00,W,N,A,-,Y,,,98,,,,,,E,Y,2,0,1,1,A,-,08,22107,,N,F,A,A,A,H,-,A,D,0,,,,,Y,,A,07,1,0,0,0,0,0,0,0,0,"- ","- ",32.674489999999999,-115.80071,IMPERIAL,UNINCORPORATED,-115.80074182,32.675071559999999
90111475,2016,2016-02-08,9625,2016-01-31,2035,020516,,7,2,9,1300,0,1,1,,2,004,"W/B INTERSTATE 8","IMPERIAL HIGHWAY",3262.00,E,N,B,-,Y,,,8,,,,,,,Y,2,0,2,1,A,-,01,23152,A,N,F,I,A,B,H,-,D,D,0,,,,,Y,Y,D,22,1,0,1,0,0,0,0,0,0,"- ","- ",32.736379999999997,-115.98436,IMPERIAL,UNINCORPORATED,-115.98434983999999,32.736335320000002
90111529,2016,2016-04-19,9620,2016-01-18,2500,014803,,1,4,9,1300,0,1,1,,2,081,"INTERSTATE 8 EASTBOUND","RT 98",1919.00,E,N,B,-,Y,,,8,,,,,,E,Y,1,1,2,1,A,-,08,22107,,N,F,A,A,A,H,-,D,D,0,,,,,Y,,D,22,2,0,0,0,0,0,0,0,0,"- ","- ",32.707949999999997,-115.08184,IMPERIAL,UNINCORPORATED,-115.08179982,32.708149779999999
90113346,2016,2016-02-11,9620,2016-01-30,1200,016222,,6,1,9,1300,0,3,5,,2,070,"HAUGHTELIN RD","BASELINE RD",0.00,,Y,A,-,N,,,,,,,,,,Y,4,0,2,2,A,-,09,21802,A,N,D,C,A,A,H,-,A,A,0,,,,,Y,,A,01,0,0,2,0,0,0,0,0,0,"- ","- ",32.767539999999997,-114.59898,IMPERIAL,UNINCORPORATED,-114.59902003000001,32.767300050000003
90114397,2016,2016-02-12,9625,2016-02-06,0205,020704,,6,3,9,1300,0,1,3,,1,054,"SR-111 (N/B)","SCHARTZ ROAD",4752.00,N,N,A,-,Y,,,111,,,,,,,Y,4,0,1,1,A,-,08,22107,,N,E,I,A,A,H,-,D,D,0,,,,,Y,,A,01,0,0,1,0,0,0,0,0,0,"- ","- ",32.956389999999999,-115.50893000000001,IMPERIAL,UNINCORPORATED,-115.50903163,32.956400000000002
90116108,2016,2016-02-16,9625,2016-02-07,1555,019667,,7,2,9,1300,0,3,5,,2,040,"AUSTIN ROAD","KEYSTONE ROAD",0.00,,Y,A,-,N,,,,,,,,,,Y,3,0,2,2,A,-,09,21802,A,N,D,C,A,A,H,-,A,A,0,,,,,Y,,A,01,0,1,1,0,0,0,0,0,0,"- ","- ",32.912680000000002,-115.59515,IMPERIAL,UNINCORPORATED,-115.59491011,32.912550080000003
90116366,2016,2016-02-16,9625,2016-02-07,1958,018773,,7,2,9,1300,0,1,3,,1,054,"SR-111 S/B","EVAN HEWES HIGHWAY",1690.00,S,N,A,-,Y,,,111,,,,,,S,Y,3,0,3,2,A,-,01,23152,A,N,C,C,A,A,H,-,D,D,0,,,,,Y,Y,A,01,0,1,2,0,0,0,0,0,0,"- ","- ",32.794460000000001,-115.50073999999999,IMPERIAL,UNINCORPORATED,-115.50065108,32.79445905
90116731,2016,2016-02-17,9620,2016-02-15,1335,018290,,1,1,9,1300,0,1,1,,2,082,"I-8 E/B",SR-186,4778400.00,E,N,A,-,Y,,,8,,,,,,E,Y,3,0,1,2,A,-,07,21658,A,F,E,I,A,A,H,-,A,D,0,,,,,Y,,-,99,0,1,0,0,0,0,0,0,0,"- ","- ",32.74286,-114.71631000000001,IMPERIAL,UNINCORPORATED,-114.71630675999999,32.742900489999997
90119143,2016,2016-02-18,9625,2016-02-11,1708,019667,,4,2,9,1300,0,1,3,,1,042,SR-98,"ANZA TRAIL ROAD",21490.00,E,N,A,-,Y,,,98,,,,,,,Y,3,0,1,1,A,-,08,22107,,N,F,I,A,A,H,-,B,D,0,,,,,Y,,A,01,0,1,0,0,0,0,0,0,0,"- ","- ",32.674729999999997,-115.80688000000001,IMPERIAL,UNINCORPORATED,-115.80688031,32.674735650000002
90119320,2016,2016-02-22,9625,2016-02-16,0755,013627,,2,1,9,1300,0,1,3,,1,054,"SR-111 (N/B)","EVAN HEWES HIGHWAY",815.00,S,N,A,-,Y,,,111,,,,,,,Y,4,0,2,3,A,-,03,22350,,N,C,C,A,A,H,-,A,A,0,,,,,Y,,A,01,0,0,2,0,0,0,0,0,0,"- ","- ",32.797609999999999,-115.50058,IMPERIAL,UNINCORPORATED,-115.5006279,32.797609979999997
90119333,2016,2016-02-22,9625,2016-02-10,0525,020111,,3,3,9,1300,0,1,3,,2,052,"RT 98","BONDS CORNER ROAD",0.00,,Y,A,-,N,,,98,,,,,,,Y,4,0,1,2,A,-,09,21801,A,N,D,C,A,A,H,-,B,D,0,,,,,Y,,A,01,0,0,1,0,0,0,0,0,0,"- ","- ",32.69341,-115.33702,IMPERIAL,UNINCORPORATED,-115.33701920999999,32.693855630000002
90120650,2016,2016-02-22,9625,2016-02-14,1312,018207,,7,1,9,1300,0,1,1,,2,001,"INTERSTATE 8 E/B","MOUNTAIN SPRINGS ROAD",6336.00,W,N,A,-,Y,,,8,,,,,,E,Y,3,0,3,1,A,-,08,22107,,N,F,A,A,A,H,-,A,D,0,,,,,Y,,A,01,0,3,0,0,0,0,0,0,0,"- ","- ",32.665039999999998,-116.10579,IMPERIAL,UNINCORPORATED,-116.10578319,32.66504114
90120663,2016,2016-02-22,9625,2016-02-10,1158,018207,,3,1,9,1300,0,1,3,,1,042,SR-98,"BROCKMAN ROAD",0.52,W,N,A,-,Y,,,98,,,,,,,Y,3,0,1,1,A,-,08,22107,,N,E,I,A,A,H,-,A,D,0,,,,,Y,,E,22,0,1,0,0,0,0,0,0,0,"- ","- ",32.679290000000002,-115.64171,IMPERIAL,UNINCORPORATED,-115.64171021,32.679266910000003
90121515,2016,2016-02-23,9625,2016-02-14,1205,017011,,7,1,9,1300,0,1,3,,2,024,SR-78,"BUTTERS ROAD",9504.00,E,N,A,-,Y,,,78,,,,,,,Y,1,1,0,1,A,-,08,22107,,N,E,I,A,A,H,-,A,D,0,,,,,Y,,A,01,0,0,0,0,0,0,0,0,0,"- ","- ",32.974800000000002,-115.33874,IMPERIAL,UNINCORPORATED,-115.33873997000001,32.9747688
90121634,2016,2016-02-23,9620,2016-02-13,2210,018734,,6,3,9,1300,0,1,1,,2,081,"I-8 W/B","GORDONS WELL RD",10560.00,W,N,A,-,Y,,,8,,,,,,W,Y,3,0,3,1,A,-,08,22107,,N,E,I,A,A,H,-,D,D,0,,,,,Y,,A,01,0,1,2,0,0,0,0,0,0,"- ","- ",32.708039999999997,-114.97575000000001,IMPERIAL,UNINCORPORATED,-114.97575764,32.708411599999998
90122260,2016,2016-02-23,9625,2016-02-06,1157,013627,,6,1,9,1300,0,2,4,,2,046,"DOGWOOD ROAD","WILLOUGHBY ROAD",622.00,S,N,A,-,N,,,,,,,,,,Y,1,1,1,1,A,-,08,22107,,N,E,I,A,A,H,-,A,D,0,,,,,Y,,A,01,1,0,0,0,0,0,0,0,0,"- ","- ",32.706740000000003,-115.53404999999999,IMPERIAL,UNINCORPORATED,-115.53407484,32.70675009
90123984,2016,2016-02-25,9625,2016-02-17,1850,017011,,3,2,9,1300,0,1,3,,1,054,SR-111,"ROSS ROAD",0.00,,Y,A,-,Y,,,111,,,,,,,N,4,0,1,2,A,-,03,22350,,N,C,C,A,A,H,-,C,A,0,,,,,Y,,D,23,0,0,1,0,0,0,0,0,0,"- ","- ",32.781480000000002,-115.50165,IMPERIAL,UNINCORPORATED,-115.50150831000001,32.781483039999998
90124075,2016,2016-02-25,9625,2016-02-15,1904,018773,,1,2,9,1300,0,2,4,,2,046,"DOGWOOD ROAD","COLE ROAD",0.00,,Y,A,-,N,,,,,,,,,,Y,3,0,6,2,A,-,09,21802,A,N,D,C,A,A,H,-,C,D,0,,,,,Y,,A,01,0,2,4,0,0,0,0,0,0,"- ","- ",,,IMPERIAL,UNINCORPORATED,-115.53398009999999,32.694000070000001
90124642,2016,2016-02-26,9625,2016-02-18,1428,018617,,4,2,9,1300,0,1,3,,1,012,"STATE ROUTE 86 NORTHBOUND","NORM NIVER ROAD",435.00,N,N,A,-,Y,,,86,,,,,,N,Y,3,0,3,1,A,-,08,22107,,N,E,J,A,A,H,-,A,D,0,,,,,Y,,A,01,0,2,1,0,0,0,0,0,0,"- ","- ",33.358550000000001,-116.01878000000001,IMPERIAL,UNINCORPORATED,-116.01881854,33.358537669999997
90124685,2016,2016-02-26,9625,2016-02-14,2025,018933,,7,2,9,1300,0,3,5,,2,050,"MENVILLE ROAD","CARR ROAD",364.00,N,N,A,-,N,,,,,,,,,,Y,3,0,5,2,A,-,05,21651,A,N,A,C,A,A,H,-,D,D,0,,,,,Y,,A,01,0,1,4,0,0,0,0,0,0,"- ","- ",32.684620000000002,-115.38815,IMPERIAL,UNINCORPORATED,-115.38806285,32.684732629999999
90125518,2016,2016-02-29,9625,2016-02-17,1718,016248,,3,2,9,1300,0,3,5,,2,050,"WILLOUGHBY ROAD","KLOKE ROAD",210.00,W,N,A,-,N,,,,,,,,,,Y,4,0,1,1,A,-,08,22107,,N,E,I,A,A,H,-,D,D,0,,,,,Y,,A,01,0,0,1,0,0,0,0,0,0,"- ","- ",32.708590000000001,-115.51809,IMPERIAL,UNINCORPORATED,-115.51859883,32.708509999999997
90125977,2016,2016-02-29,9625,2016-02-13,0440,019225,,6,3,9,1300,0,1,3,,1,054,"SR-111 (NORTHBOUND)","KEYSTONE ROAD",2376.00,S,N,A,-,Y,,,111,,,,,,,Y,4,0,3,2,A,-,01,23152,A,N,C,C,A,A,H,-,D,D,0,,,,,Y,Y,A,01,0,0,3,0,0,0,0,0,0,"- ","- ",32.906260000000003,-115.50906999999999,IMPERIAL,UNINCORPORATED,-115.50913356,32.906259650000003
90126641,2016,2016-03-01,9625,2016-02-27,0925,018464,,6,1,9,1300,0,2,4,,2,047,"FORRESTER ROAD","MONTE ROAD",1590.00,N,N,A,-,N,,,,,,,,,,Y,4,0,1,1,A,-,08,22107,,N,F,A,A,A,C,H,A,D,0,,,,,Y,,A,01,0,0,1,0,0,0,0,0,0,"- ","- ",33.003399999999999,-115.62394,IMPERIAL,UNINCORPORATED,-115.62388315,33.003518300000003
90126669,2016,2016-03-01,9620,2016-02-25,0920,014306,,4,1,9,1300,0,3,5,,2,060,SR-78,"OGILBY RD.",25.00,E,N,A,-,Y,,,78,,,,,,,Y,3,0,4,2,A,-,09,21801,A,N,A,C,A,A,H,-,A,A,0,,,,,Y,,A,07,0,1,3,0,0,0,0,0,0,"- ","- ",33.085299999999997,-114.91160000000001,IMPERIAL,UNINCORPORATED,-114.91163182,33.085435609999998
90126673,2016,2016-03-01,9625,2016-02-27,1845,018468,,6,2,9,1300,0,3,5,,2,040,"MCCABE ROAD","STATE ROUTE 86",885.00,W,N,A,-,N,,,,,,,,,,N,4,0,1,2,A,-,09,21801,A,N,A,C,A,A,H,-,D,D,0,,,,,Y,,A,01,0,0,1,0,0,0,0,0,0,"- ","- ",32.752380000000002,-115.54888,IMPERIAL,UNINCORPORATED,-115.55469227,32.752386309999999
90126726,2016,2016-03-01,9625,2016-02-29,0803,013627,,1,1,9,1300,0,1,3,,1,054,"SR-111 (N/B)","ATEN ROAD",1584.00,S,N,A,-,Y,,,111,,,,,,,Y,4,0,1,2,A,-,03,22350,,N,C,C,A,A,H,-,A,D,0,,,,,Y,,D,22,0,0,1,0,0,0,0,0,0,"- ","- ",32.820189999999997,-115.50023,IMPERIAL,UNINCORPORATED,-115.50028636,32.82019055
90128029,2015,2016-03-02,9625,2015-12-21,1320,017958,,1,1,9,1300,0,1,1,,2,004,"INTERSTATE 8 (W/B)","IMPERIAL HIGHWAY",22176.00,E,N,A,-,Y,,,8,,,,,,,Y,1,1,1,1,A,-,08,22107,,N,F,A,A,A,H,-,A,D,0,,,,,Y,,A,07,0,1,0,0,0,0,0,0,0,"- ","- ",32.747509999999998,-115.93120999999999,IMPERIAL,UNINCORPORATED,-115.93120233,32.747453550000003
90130627,2015,2016-04-05,9625,2015-12-30,1635,019225,,3,2,4,1304,0,1,1,,2,005,"INTERSTATE 8 (EASTBOUND)","DOGWOOD ROAD",1371.00,E,N,A,-,Y,,,8,,,,,,,Y,1,1,3,1,A,-,08,22107,,N,F,A,A,A,H,-,A,D,0,,,,,Y,,A,07,1,1,1,0,0,0,0,0,0,"- ","- ",32.773690000000002,-115.53122999999999,IMPERIAL,"EL CENTRO",-115.53123003,32.773695150000002
90130651,2015,2016-03-07,9625,2015-12-28,0758,018773,,1,1,9,1300,0,1,3,,2,056,SR-115,"WORTHINGTON ROAD",45.00,S,N,A,-,Y,,,115,,,,,,,Y,1,1,1,3,A,-,03,22350,,N,C,C,A,A,H,-,A,A,0,,,,Y,Y,,D,22,0,0,1,0,0,0,0,0,0,"- ","- ",32.847270000000002,-115.40617,IMPERIAL,UNINCORPORATED,-115.40618028999999,32.847270010000003
90130693,2016,2016-03-07,9625,2016-03-01,0719,013627,,2,1,9,1300,0,3,5,,2,050,"HARTSHORN ROAD","WATTON ROAD",1584.00,E,N,A,-,N,,,,,,,,,,Y,2,0,1,1,A,-,08,22107,,N,E,I,A,A,H,-,A,D,0,,,,,Y,,A,01,1,0,0,0,0,0,0,0,0,"- ","- ",32.861780000000003,-115.38558,IMPERIAL,UNINCORPORATED,-115.383792,32.86183724
90130777,2016,2016-03-07,9625,2016-02-29,0800,018464,,1,1,9,1300,0,1,3,,1,042,SR-98,"PULLIAM ROAD",1590.00,W,N,A,-,Y,,,98,,,,,,,Y,4,0,1,1,A,-,08,22107,,N,F,A,A,A,H,-,A,D,0,,,,,Y,,A,01,0,0,1,0,0,0,0,0,0,"- ","- ",32.67933,-115.65964,IMPERIAL,UNINCORPORATED,-115.65963988999999,32.679454489999998
90130822,2016,2016-03-07,9625,2016-02-26,1844,018773,,5,2,9,1300,0,1,1,,2,004,"I-8 EASTBOUND","AUSTIN ROAD",1056.00,W,N,A,-,Y,,,8,,,,,,E,Y,3,0,2,1,A,-,08,22107,,N,E,I,A,A,H,-,D,D,0,,,,,Y,,D,22,0,1,1,0,0,0,0,0,0,"- ","- ",32.773879999999998,-115.59568,IMPERIAL,UNINCORPORATED,-115.59567988000001,32.773807830000003
90130928,2016,2016-03-07,9625,2016-02-27,1507,016248,,6,2,9,1300,0,1,3,,2,053,"SR-111 (N/B)","HEBER ROAD",5.00,S,N,A,-,Y,,,111,,,,,,,Y,4,0,1,2,A,-,03,22350,,N,C,C,A,A,H,-,A,A,0,,,,,Y,,A,07,0,0,1,0,0,0,0,0,0,"- ","- ",32.730510000000002,-115.50024000000001,IMPERIAL,UNINCORPORATED,-115.50040489,32.730507520000003