CASE_ID,ACCIDENT_YEAR,PROC_DATE,JURIS,COLLISION_DATE,COLLISION_TIME,OFFICER_ID,REPORTING_DISTRICT,DAY_OF_WEEK,CHP_SHIFT,POPULATION,CNTY_CITY_LOC,SPECIAL_COND,BEAT_TYPE,CHP_BEAT_TYPE,CITY_DIVISION_LAPD,CHP_BEAT_CLASS,BEAT_NUMBER,PRIMARY_RD,SECONDARY_RD,DISTANCE,DIRECTION,INTERSECTION,WEATHER_1,WEATHER_2,STATE_HWY_IND,CALTRANS_COUNTY,CALTRANS_DISTRICT,STATE_ROUTE,ROUTE_SUFFIX,POSTMILE_PREFIX,POSTMILE,LOCATION_TYPE,RAMP_INTERSECTION,SIDE_OF_HWY,TOW_AWAY,COLLISION_SEVERITY,NUMBER_KILLED,NUMBER_INJURED,PARTY_COUNT,PRIMARY_COLL_FACTOR,PCF_CODE_OF_VIOL,PCF_VIOL_CATEGORY,PCF_VIOLATION,PCF_VIOL_SUBSECTION,HIT_AND_RUN,TYPE_OF_COLLISION,MVIW,PED_ACTION,ROAD_SURFACE,ROAD_COND_1,ROAD_COND_2,LIGHTING,CONTROL_DEVICE,CHP_ROAD_TYPE,PEDESTRIAN_ACCIDENT,BICYCLE_ACCIDENT,MOTORCYCLE_ACCIDENT,TRUCK_ACCIDENT,NOT_PRIVATE_PROPERTY,ALCOHOL_INVOLVED,STWD_VEHTYPE_AT_FAULT,CHP_VEHTYPE_AT_FAULT,COUNT_SEVERE_INJ,COUNT_VISIBLE_INJ,COUNT_COMPLAINT_PAIN,COUNT_PED_KILLED,COUNT_PED_INJURED,COUNT_BICYCLIST_KILLED,COUNT_BICYCLIST_INJURED,COUNT_MC_KILLED,COUNT_MC_INJURED,PRIMARY_RAMP,SECONDARY_RAMP,LATITUDE,LONGITUDE,COUNTY,CITY,POINT_X,POINT_Y
90250520,2016,2016-08-23,9625,2016-08-21,0255,017958,,7,3,9,1300,0,1,3,,2,014,"STATE ROUTE 78 (SR-78) W/B","ELDER ROAD",0.00,,Y,A,-,Y,,,,,,,,,,Y,4,0,1,1,A,-,03,22350,,N,E,I,A,A,H,-,D,A,0,,,,,Y,,A,01,0,0,1,0,0,0,0,0,0,"- ","- ",32.999020000000002,-115.58985,IMPERIAL,UNINCORPORATED,,
90250995,2016,2016-08-23,9625,2016-08-06,1130,017727,,6,1,9,1300,0,1,3,,2,052,SR-98,"MENVILLE RD",38.00,W,N,A,-,Y,,,98,,,,,,,Y,2,0,3,3,A,-,03,22350,,N,C,C,A,A,H,-,A,A,0,,,,Y,Y,,D,22,2,0,1,0,0,0,0,0,0,"- ","- ",32.693770000000001,-115.38737999999999,IMPERIAL,UNINCORPORATED,-115.38738001,32.693770399999998
90252061,2016,2016-08-24,9625,2016-08-16,1227,013627,,2,1,9,1300,0,2,4,,2,057,"EVAN HEWES HIGHWAY (W/B)","MCCONNELL ROAD",0.00,,N,A,-,N,,,,,,,,,,Y,3,0,1,1,A,-,08,22107,,N,F,A,A,A,H,-,A,D,0,,,,,Y,,D,22,0,1,0,0,0,0,0,0,0,"- ","- ",32.773809999999997,-115.50102,IMPERIAL,UNINCORPORATED,-115.48400006,32.803350039999998
90252096,2016,2016-08-24,9625,2016-08-21,1855,018933,,7,2,9,1300,0,1,3,,1,011,"SR-86 (N/B)",SR-78,8206.00,S,N,A,-,Y,,,86,,,,,,,Y,4,0,2,1,A,-,08,22107,,N,F,A,A,A,H,-,B,A,0,,,,,Y,,A,01,0,0,2,0,0,0,0,0,0,"- ","- ",33.10904,-115.83689,IMPERIAL,UNINCORPORATED,-115.83689858,33.109015229999997
9025210,2019,2020-01-31,1304,2019-11-29,1531,357,ELCE,5,5,4,1304,0,0,0,,0,EAST,HOLT,5TH,0.00,,Y,A,-,N,,,,,,,,,,Y,4,0,4,2,A,-,12,22450,A,N,D,C,A,A,H,-,A,D,0,,,,,Y,,A,01,0,0,4,0,0,0,0,0,0,"- ","- ",,,IMPERIAL,"EL CENTRO",-115.55471038818359,32.78778076171875
90252341,2016,2016-08-25,9625,2016-08-19,0745,018368,,5,1,9,1300,0,2,4,,2,046,"DOGWOOD ROAD","WILLOUGHBY ROAD",0.00,,Y,A,-,N,,,,,,,,,,Y,3,0,3,2,A,-,09,21802,A,N,D,C,A,A,H,-,A,A,0,,,,,Y,,A,01,0,2,1,0,0,0,0,0,0,"- ","- ",32.708419999999997,-115.53411,IMPERIAL,UNINCORPORATED,-115.53408,32.708450030000002
90252748,2016,2016-08-25,9625,2016-08-24,0722,013627,,3,1,9,1300,0,1,3,,2,053,"STATE ROUTE 111 (N/B)","MCCABE ROAD",25.00,S,N,A,-,Y,,,111,,,,,,,N,4,0,1,2,A,-,03,22350,,N,C,C,A,A,H,-,A,A,0,,,,,Y,,A,01,0,0,1,0,0,0,0,0,0,"- ","- ",32.752249999999997,-115.50066,IMPERIAL,UNINCORPORATED,-115.50075913000001,32.75224901
90254523,2016,2016-08-26,9625,2016-08-19,1005,018368,,5,1,9,1300,0,1,1,,2,004,"I-8 W/B","DUNAWAY ROAD",19536.00,W,N,A,-,Y,,,8,,,,,,W,N,3,0,1,1,A,-,08,22107,,N,F,A,A,A,H,-,A,D,0,,,Y,,Y,,C,02,0,1,0,0,0,0,0,0,1,"- ","- ",32.757269999999998,-115.86377,IMPERIAL,UNINCORPORATED,-115.86377760000001,32.757318499999997
90255608,2016,2016-08-29,9620,2016-08-21,2115,015941,,7,2,9,1300,0,1,3,,1,063,"SR-78 (BEN HULSE HWY)","MILPITAS WASH ROAD",5280.00,W,N,B,-,Y,,,78,,,,,,,Y,3,0,1,1,A,-,03,22350,,N,H,I,A,B,F,-,D,D,0,,,Y,,Y,,C,02,0,1,0,0,0,0,0,0,1,"- ","- ",33.278799999999997,-114.78475,IMPERIAL,UNINCORPORATED,-114.78481752,33.278888299999998
90256252,2016,2016-08-29,9625,2016-08-26,1920,018617,,5,2,9,1300,0,1,3,,2,024,"STATE ROUTE 78","BUTTERS ROAD",5280.00,E,N,A,-,Y,,,78,,,,,,,Y,4,0,1,1,A,-,08,22107,,N,E,J,A,A,H,-,D,D,0,,,,,Y,,A,01,0,0,1,0,0,0,0,0,0,"- ","- ",32.974730000000001,-115.35448,IMPERIAL,UNINCORPORATED,-115.35447945,32.974712439999998
90256596,2016,2016-08-30,9625,2016-08-22,1015,017727,,1,1,9,1300,0,1,3,,1,012,"SR-86 (S/B)",SR-78,173.00,N,N,A,-,Y,,,86,,,,,,,Y,3,0,11,4,A,-,08,22107,,N,F,C,A,A,H,-,A,D,0,,,,Y,Y,,G,27,0,1,10,0,0,0,0,0,0,"- ","- ",33.125810000000001,-115.85529,IMPERIAL,UNINCORPORATED,-115.85542983000001,33.125766970000001
90256833,2016,2017-04-03,9620,2016-08-09,2102,019035,,2,2,9,1300,0,1,1,,2,081,"INTERSTATE 8 EAST","GORDONS WELL RD.",12144.00,E,N,A,-,Y,,,,,,,,,,N,1,1,0,2,A,-,00,21461,,N,G,B,D,A,H,-,D,D,0,Y,,,Y,Y,Y,N,60,0,0,0,1,0,0,0,0,0,"- ","- ",32.715960000000003,-117.91941,IMPERIAL,UNINCORPORATED,,
90256864,2016,2016-08-30,9625,2016-08-27,1558,018792,,6,2,9,1300,0,2,4,,2,047,"FORRESTER ROAD","ANDRE ROAD",0.00,,Y,A,-,N,,,,,,,,,,Y,4,0,2,2,A,-,03,22350,,N,C,C,A,A,H,-,A,A,0,,,,,Y,,A,01,0,0,2,0,0,0,0,0,0,"- ","- ",33.015650000000001,-115.62148000000001,IMPERIAL,UNINCORPORATED,-115.62154012000001,33.015590060000001
90257112,2016,2016-08-30,9625,2016-08-26,0110,019225,,5,3,9,1300,0,1,3,,2,053,"SR-111 (SOUTHBOUND)","MCCABE ROAD",100.00,S,N,A,-,Y,,,111,,,,,,,Y,4,0,1,2,A,-,03,22350,,N,C,C,A,A,H,-,D,D,0,,,,,Y,,A,01,0,0,1,0,0,0,0,0,0,"- ","- ",32.752110000000002,-115.50085,IMPERIAL,UNINCORPORATED,-115.50075775000001,32.75211092
90257353,2016,2016-08-30,9625,2016-08-26,2120,018468,,5,2,9,1300,0,3,5,,2,050,"WILLOUGHBY ROAD","KLOKE ROAD",399.00,W,N,A,-,N,,,,,,,,,,Y,3,0,1,1,A,-,03,22350,,N,E,I,A,A,H,-,D,A,0,,,,,Y,,A,01,0,1,0,0,0,0,0,0,0,"- ","- ",32.708489999999998,-115.51752,IMPERIAL,UNINCORPORATED,-115.51920977,32.708509999999997
90257491,2016,2016-08-31,9625,2016-08-08,0357,019668,,1,3,9,1300,0,2,4,,2,047,"FORRESTER ROAD","IMLER ROAD",1056.00,S,N,A,-,N,,,,,,,,,,Y,1,1,0,1,A,-,08,22107,,N,E,I,A,A,H,-,D,D,0,,,,,Y,,D,22,0,0,0,0,0,0,0,0,0,"- ","- ",32.922969999999999,-115.62147,IMPERIAL,UNINCORPORATED,-115.62155928,32.923664789999997
90259208,2016,2016-09-01,9625,2016-08-23,1446,019582,,2,2,9,1300,0,1,1,,2,005,"I-8 E/B",SR-98,10560.00,W,N,A,-,Y,,,8,,,,,,E,Y,4,0,1,2,A,-,07,21658,A,N,B,C,A,A,H,-,A,D,0,,,,Y,Y,,G,25,0,0,1,0,0,0,0,0,0,"- ","- ",32.72954,-115.14978000000001,IMPERIAL,UNINCORPORATED,-115.14976369,32.729592400000001
90261303,2016,2016-09-06,9625,2016-08-23,0840,018978,,2,1,9,1300,0,3,5,,2,050,"MAGGIO ROAD",SR-7,30.00,E,N,A,-,Y,,,,,,,,,,N,4,0,2,2,A,-,03,22350,,M,C,C,A,A,H,-,A,A,0,,,,Y,Y,,F,25,0,0,2,0,0,0,0,0,0,"- ","- ",32.686399999999999,-115.37990000000001,IMPERIAL,UNINCORPORATED,-115.38026798999999,32.686545129999999
90264129,2016,2016-09-08,9625,2016-08-26,1141,019582,,5,1,9,1300,0,1,3,,2,053,"SR-111 S/B",I-8,200.00,N,N,A,-,Y,,,111,,,,,,S,Y,3,0,1,1,A,-,01,23152,A,N,E,I,A,A,H,-,A,D,0,,,,,Y,Y,D,22,0,1,0,0,0,0,0,0,0,"- ","- ",32.77469,-115.50149999999999,IMPERIAL,UNINCORPORATED,-115.50124630000001,32.774699849999998
90264288,2016,2016-09-08,9620,2016-08-31,1345,017051,,3,1,9,1300,0,1,3,,1,062,"S-34 (OGILBY ROAD)",SR-78,13200.00,S,N,A,-,N,,,,,,,,,,Y,3,0,2,1,A,-,08,22107,,N,E,I,A,A,H,-,A,D,0,,,,,Y,,A,01,0,1,1,0,0,0,0,0,0,"- ","- ",33.048360000000002,-114.91614,IMPERIAL,UNINCORPORATED,-114.91620897999999,33.048360899999999
90265366,2016,2016-09-12,9620,2016-08-30,0007,019035,,2,3,9,1300,0,1,1,,2,081,"I-8 W/B",SR-98,780.00,E,N,A,-,Y,,,,,,,,,,Y,4,0,4,1,A,-,08,22107,,N,A,I,A,A,H,-,D,D,0,,,,,Y,,A,08,0,0,4,0,0,0,0,0,0,"- ","- ",32.711359999999999,-115.08566,IMPERIAL,UNINCORPORATED,-115.08680797,32.710014489999999
90266078,2016,2016-09-12,9625,2016-09-04,2105,018464,,7,2,9,1300,0,1,3,,1,044,"SR-86 NORTHBOUND","KEYSTONE ROAD",0.00,,Y,A,-,Y,,,86,,,,,,N,Y,3,0,3,2,A,-,09,21453,C,N,D,C,A,A,H,-,C,A,0,,,,,Y,,A,01,0,2,1,0,0,0,0,0,0,"- ","- ",32.91263,-115.56974,IMPERIAL,UNINCORPORATED,-115.57005993,32.912649430000002
90267096,2016,2016-09-13,9625,2016-09-05,2012,018468,,1,2,9,1300,0,1,3,,1,011,"STATE ROUTE 86 (N/B)","BAUGHMAN ROAD",0.00,,Y,A,-,Y,,,86,,,,,,,Y,3,0,5,2,A,-,09,21803,A,F,D,C,A,A,H,-,D,A,0,,,,,Y,,A,01,0,2,3,0,0,0,0,0,0,"- ","- ",33.030059999999999,-115.60907,IMPERIAL,UNINCORPORATED,-115.60908494,33.03005117
90267118,2016,2016-09-13,9620,2016-09-08,2040,018290,,4,2,9,1300,0,1,3,,1,062,"SR-186 (ALGODONES RD)","OFF RAMP FROM W/B I-8",0.00,,Y,A,-,Y,,,186,,,,,,,Y,2,0,3,2,A,-,01,23152,A,N,B,C,A,A,H,-,C,A,0,,,,,Y,Y,A,08,1,1,1,0,0,0,0,0,0,"- ","- ",32.744489999999999,-114.71955,IMPERIAL,UNINCORPORATED,-114.71978496,32.744168960000003
90268747,2016,2016-09-15,9620,2016-09-11,1755,018703,,7,2,9,1300,0,2,4,,1,075,"S-24 (BARD RD)","ROSS RD",450.00,N,N,A,-,N,,,,,,,,,,Y,3,0,1,1,A,-,01,23152,A,N,F,A,A,A,H,-,A,A,0,,,,,Y,Y,D,22,0,1,0,0,0,0,0,0,0,"- ","- ",32.7834,-114.55587,IMPERIAL,UNINCORPORATED,-114.5560205,32.783388500000001
90268758,2016,2016-09-15,9625,2016-09-04,0743,013627,,7,1,9,1300,0,2,4,,2,057,"EVAN HEWES (E/B)","JAMES ROAD",913.00,E,N,A,-,N,,,,,,,,,,Y,3,0,1,1,A,-,01,23152,A,N,F,A,A,A,H,-,A,D,0,,,,,Y,Y,A,01,0,1,0,0,0,0,0,0,0,"- ","- ",32.803280000000001,-115.46250000000001,IMPERIAL,UNINCORPORATED,-115.46240582,32.803355070000002
90268970,2016,2016-09-16,9625,2016-09-08,2040,018368,,4,2,9,1300,0,2,4,,2,057,"EVAN HEWES HIGHWAY (OLD HWY 80) W/B","MCCONNELL ROAD",35.00,W,N,A,-,N,,,,,,,,,,Y,3,0,1,1,A,-,08,22107,,N,E,I,A,A,H,-,C,D,0,,,,,Y,,A,01,0,1,0,0,0,0,0,0,0,"- ","- ",32.803370000000001,-115.48448,IMPERIAL,UNINCORPORATED,-115.48411255000001,32.803339319999999
90269023,2016,2016-09-16,9625,2016-09-09,1352,018978,,5,1,9,1300,0,1,3,,1,054,"STATE ROUTE 111 (N/B)","EVAN HEWES HIGHWAY",216.00,S,N,A,-,Y,,,111,,,,,,,N,4,0,1,2,A,-,21,22106,,N,C,C,A,A,H,-,A,A,0,,,,,Y,,D,22,0,0,1,0,0,0,0,0,0,"- ","- ",32.798990000000003,-115.50048,IMPERIAL,UNINCORPORATED,-115.50062847,32.798989939999998
90269034,2016,2016-09-16,9625,2016-09-04,0640,018978,,7,1,4,1304,0,1,1,,2,003,"INTERSTATE 8 (E/B)","4TH ST",35.00,W,N,A,-,Y,,,8,,,,,,,Y,4,0,2,1,A,-,08,22107,,N,E,I,A,A,H,-,A,D,0,,,,,Y,,A,01,0,0,2,0,0,0,0,0,0,"- ","- ",32.77364,-115.55231000000001,IMPERIAL,"EL CENTRO",-115.55230969,32.773698590000002
90269445,2016,2016-09-16,9625,2016-09-12,1525,018464,,1,2,9,1300,0,1,3,,2,013,SR-78,"COUNTY LINE ROAD",1056.00,E,N,A,G,Y,,,78,,,,,,,Y,4,0,1,1,C,-,18,,,N,F,A,A,A,H,-,A,D,0,,,Y,,Y,,-,"- ",0,0,1,0,0,0,0,0,1,"- ","- ",33.13147,-116.07844,IMPERIAL,UNINCORPORATED,-116.07842960000001,33.131508400000001
90270067,2016,2016-09-19,9625,2016-09-11,2140,019667,,7,2,9,1300,0,1,3,,1,012,"STATE ROUTE 86 (SOUTHBOUND)","NORTH MARINA DRIVE",0.00,,Y,A,-,Y,,,86,,,,,,,Y,2,0,2,2,A,-,09,21802,A,N,D,C,A,A,H,-,C,A,0,,,,,Y,,D,22,1,1,0,0,0,0,0,0,0,"- ","- ",33.302779999999998,-115.98205,IMPERIAL,UNINCORPORATED,-115.98202436,33.30279908
90271642,2016,2016-09-20,9625,2016-09-08,0515,017958,,4,3,9,1300,0,1,3,,1,012,"STATE ROUTE 86 (N/B)","BRAWLEY AVENUE",636.00,N,N,A,-,Y,,,86,,,,,,,Y,4,0,1,2,A,-,03,22350,,N,C,C,A,A,H,-,B,D,0,,,,Y,Y,,D,22,0,0,1,0,0,0,0,0,0,"- ","- ",33.375970000000002,-116.02658,IMPERIAL,UNINCORPORATED,-116.02653339,33.375999280000002
90276484,2016,2016-09-27,9620,2016-09-24,0418,019035,,6,3,9,1300,0,1,1,,2,082,"I-8 E/B","SR-186 O/C",2098.00,W,N,A,-,Y,,,8,,,,,,E,Y,3,0,2,1,A,-,08,22107,,N,E,I,A,A,D,H,D,D,0,,,,,Y,,A,01,0,1,1,0,0,0,0,0,0,"- ","- ",32.74438,-114.7268,IMPERIAL,UNINCORPORATED,-114.72683363,32.744114590000002
90276512,2016,2016-12-08,9625,2016-09-17,0530,018207,,6,3,9,1300,0,3,5,,2,050,"BARBARA WORTH ROAD","MCCABE ROAD",0.00,,Y,A,-,N,,,,,,,,,,Y,4,0,2,2,A,-,12,22450,A,N,D,C,A,A,H,-,B,A,0,,,,,Y,,A,08,0,0,2,0,0,0,0,0,0,"- ","- ",32.751989999999999,-115.43082,IMPERIAL,UNINCORPORATED,-115.43074004,32.75194003
90276941,2016,2016-09-27,9620,2016-09-19,0112,019035,,1,3,9,1300,0,1,1,,2,081,"I-8 E/B","GORDON WELL RD.",2112.00,E,N,A,-,Y,,,8,,,,,,E,Y,3,0,1,1,A,-,08,22107,,N,E,I,A,A,H,-,D,D,0,,,,,Y,,A,01,0,1,0,0,0,0,0,0,0,"- ","- ",32.708799999999997,-114.94848,IMPERIAL,UNINCORPORATED,-114.94847962,32.708522039999998
90277005,2016,2016-09-27,9625,2016-09-21,1132,016248,,3,1,9,1300,0,1,3,,1,044,"N/B SR-86","HARRIS ROAD",274.00,N,N,B,-,Y,,,86,,,,,,,Y,3,0,3,2,A,-,07,21658,A,N,C,C,A,A,H,-,A,D,0,,,,,Y,,D,22,0,1,2,0,0,0,0,0,0,"- ","- ",32.884480000000003,-115.5701,IMPERIAL,UNINCORPORATED,-115.57022224000001,32.884480510000003
90278908,2016,2016-09-29,9625,2016-09-19,2010,018464,,1,2,9,1300,0,1,3,,1,012,"SR-86 NORTHBOUND","NORM NIVER ROAD",1260.00,N,N,B,-,Y,,,86,,,,,,N,Y,3,0,1,1,A,-,08,22107,,M,E,I,A,A,H,-,D,D,0,,,,,Y,,D,22,0,1,0,0,0,0,0,0,0,"- ","- ",33.360790000000001,-116.01946,IMPERIAL,UNINCORPORATED,-116.01953191,33.360766990000002
90281857,2016,2016-10-03,9625,2016-09-24,0216,020111,,6,3,9,1300,0,1,3,,2,052,"SR 98 E/B","HOLDRIDGE RD",18322.00,E,N,A,-,Y,,,98,,,,,,E,Y,3,0,1,1,A,-,08,22107,,N,F,A,A,A,H,-,D,D,0,,,,,Y,,A,01,0,1,0,0,0,0,0,0,0,"- ","- ",32.712159999999997,-115.21704,IMPERIAL,UNINCORPORATED,-115.21704042,32.712144019999997
90281926,2016,2016-10-03,9625,2016-09-23,0850,013781,,5,1,9,1300,0,2,4,,2,046,"DOGWOOD ROAD","VILLA ROAD",428.00,N,N,A,-,N,,,,,,,,,,Y,3,0,1,1,A,-,08,22107,,N,E,I,A,A,H,-,A,D,0,,,,,Y,,A,01,0,1,0,0,0,0,0,0,0,"- ","- ",32.804940000000002,-115.53557000000001,IMPERIAL,UNINCORPORATED,-115.53569734,32.804948160000002
90282145,2016,2016-10-03,9625,2016-09-24,1149,013781,,6,1,9,1300,0,1,3,,2,053,"SR-111 (S/B)",SR-86,2695.00,N,N,A,-,Y,,,111,,,,,,,N,4,0,1,1,A,-,08,22107,,N,E,I,A,A,H,-,A,D,0,,,,,Y,,A,07,0,0,1,0,0,0,0,0,0,"- ","- ",32.737960000000001,-115.50078999999999,IMPERIAL,UNINCORPORATED,-115.50055330000001,32.737962850000002
90285447,2016,2016-10-06,9625,2016-09-24,0815,015990,,6,1,9,1300,0,3,5,,2,020,"DIETRICH ROAD","SHANK ROAD",2191.00,S,N,A,-,N,,,,,,,,,,Y,2,0,2,1,A,-,08,22107,,N,E,I,A,A,H,-,A,D,0,,,,,Y,,D,22,1,0,1,0,0,0,0,0,0,"- ","- ",32.994799999999998,-115.47472,IMPERIAL,UNINCORPORATED,-115.48334,33.001040000000003
90285453,2016,2016-10-06,9625,2016-09-29,1810,018468,,4,2,9,1300,0,3,5,,2,050,"OLD HIGHWAY 111","ATEN ROAD",2035.00,N,N,A,-,Y,,,,,,,,,,Y,3,0,2,1,A,-,03,22350,,N,E,I,A,A,H,-,A,D,0,,,,,Y,,A,01,0,2,0,0,0,0,0,0,0,"- ","- ",32.831470000000003,-115.50152,IMPERIAL,UNINCORPORATED,-115.50124529,32.831330870000002
90285518,2016,2016-10-06,9625,2016-09-30,0430,013627,,5,3,9,1300,0,1,3,,2,052,"STATE ROUTE 98","BONESTEELE ROAD",3168.00,W,N,A,-,Y,,,98,,,,,,,Y,3,0,1,1,A,-,08,22107,,N,F,A,A,A,H,-,D,D,0,,,,,Y,,D,22,0,1,0,0,0,0,0,0,0,"- ","- ",32.694159999999997,-115.32071000000001,IMPERIAL,UNINCORPORATED,-115.32070164,32.694100890000001
90285995,2016,2016-10-06,9625,2016-10-03,0945,013627,,1,1,9,1300,0,1,3,,2,053,"STATE ROUTE 111 (S/B)","JASPER ROAD",230.00,N,N,A,-,Y,,,111,,,,,,,N,4,0,2,2,A,-,03,22350,,N,C,C,A,A,H,-,A,D,0,,,,,Y,,A,01,0,0,2,0,0,0,0,0,0,"- ","- ",32.70926,-115.49991,IMPERIAL,UNINCORPORATED,-115.49942631,32.709264349999998
90286246,2016,2016-10-07,9620,2016-09-30,0510,018247,,5,3,9,1300,0,1,1,,2,082,"I-8 W/B (EVAN HEWES HWY)",SR-98,3538.00,E,N,A,-,Y,,,,,,,,,,Y,4,0,2,1,A,-,08,22107,,N,F,A,A,A,D,-,D,A,0,,,,Y,Y,,G,25,0,0,2,0,0,0,0,0,0,"- ","- ",32.709159999999997,-115.07821,IMPERIAL,UNINCORPORATED,-115.07825454,32.708109749999998
90287095,2016,2016-10-10,9625,2016-09-28,0345,018930,,3,3,9,1300,0,1,1,,2,001,"SR-111 S/B","EVAN HEWES HIGHWAY",3168.00,N,N,A,-,Y,,,111,,,,,,S,Y,3,0,1,2,A,-,03,22350,,N,C,C,A,A,H,-,D,A,0,,,,,Y,,D,22,0,1,0,0,0,0,0,0,0,"- ","- ",32.807560000000002,-115.50078000000001,IMPERIAL,UNINCORPORATED,-115.50047898,32.807557439999997
90287097,2016,2016-10-10,9625,2016-10-01,1530,018933,,6,2,9,1300,0,1,1,,2,004,"W/B I-8 (KUMEYAAY HWY)","JEFFERY ROAD",1714.00,W,N,A,-,Y,,,8,,,,,,,Y,4,0,1,1,A,-,08,22107,,N,E,I,A,A,H,-,A,D,0,,,,,Y,,A,07,0,0,1,0,0,0,0,0,0,"- ","- ",32.773319999999998,-115.77312999999999,IMPERIAL,UNINCORPORATED,-115.77312999999999,32.773315199999999
90287099,2016,2016-10-10,9625,2016-10-07,0745,013781,,5,1,9,1300,0,3,5,,2,050,"WILLOUGHBY ROAD","KLOKE ROAD",512.00,W,N,A,-,N,,,,,,,,,,Y,3,0,1,1,A,-,08,22107,,N,F,A,A,A,H,-,A,A,0,,,,,Y,,A,07,0,1,0,0,0,0,0,0,0,"- ","- ",32.708500000000001,-115.51783,IMPERIAL,UNINCORPORATED,-115.51957505,32.708509999999997
90291790,2016,2016-10-14,9625,2016-10-09,1010,016248,,7,1,9,1300,0,3,5,,2,050,"KLOKE ROAD","MADDOX ROAD",558.00,S,N,A,-,N,,,,,,,,,,Y,3,0,1,1,A,-,08,22107,,N,A,I,A,A,H,-,A,D,0,,,,,Y,,A,01,0,1,0,0,0,0,0,0,0,"- ","- ",32.688879999999997,-115.51640999999999,IMPERIAL,UNINCORPORATED,-115.51647411,32.688827199999999
90291792,2016,2016-10-14,9625,2016-10-09,2310,020704,,7,3,9,1300,0,1,3,,1,042,SR-98,"DREW ROAD",1056.00,W,N,A,-,Y,,,98,,,,,,,N,4,0,1,1,A,-,08,22107,,N,E,I,A,A,H,-,D,D,0,,,,,Y,,A,01,0,0,1,0,0,0,0,0,0,"- ","- ",32.678429999999999,-115.67492,IMPERIAL,UNINCORPORATED,-115.67491002,32.678328209999997
90291793,2016,2016-10-14,9625,2016-10-09,2249,019668,,7,3,9,1300,0,3,5,,2,040,"CLARK ROAD","HOSPITAL LOOP ROAD",1584.00,S,N,A,-,N,,,,,,,,,,Y,4,0,1,2,A,-,03,22350,,N,C,C,A,A,H,-,D,D,0,,,,,Y,,D,22,0,0,1,0,0,0,0,0,0,"- ","- ",32.743699999999997,-115.56056,IMPERIAL,UNINCORPORATED,-115.56043625,32.743675170000003
90292664,2016,2016-10-17,9625,2016-10-05,1805,018468,,3,2,9,1300,0,1,3,,1,021,"STATE ROUTE 111","RUTHERFORD ROAD",107.00,N,N,A,-,Y,,,111,,,,,,,Y,4,0,1,2,A,-,09,21802,A,N,E,I,A,A,H,-,A,A,0,,,,,Y,,D,23,0,0,1,0,0,0,0,0,0,"- ","- ",33.044870000000003,-115.52737999999999,IMPERIAL,UNINCORPORATED,-115.52729886,33.044861019999999
90292667,2016,2016-10-17,9625,2016-10-07,1731,15766,,5,2,9,1300,0,1,1,,2,001,"I-8 E/B","IN-KO-PAH PARK ROAD",1584.00,E,N,A,-,Y,,,8,,,,,,E,Y,4,0,2,3,A,-,02,22400,A,N,C,C,A,A,H,-,A,A,0,,,,,Y,,A,01,0,0,2,0,0,0,0,0,0,"- ","- ",32.647010000000002,-116.10424,IMPERIAL,UNINCORPORATED,-116.10429422999999,32.647040869999998
90292670,2016,2016-10-17,9625,2016-10-12,1130,013781,,3,1,9,1300,0,2,4,,2,047,"FORRESTER ROAD","EVAN HEWES HIGHWAY",0.00,,Y,A,-,N,,,,,,,,,,Y,4,0,1,2,A,-,21,22106,,N,D,C,A,A,A,-,A,A,0,,,,,Y,,A,01,0,0,1,0,0,0,0,0,0,"- ","- ",32.796599999999998,-115.62081999999999,IMPERIAL,UNINCORPORATED,-115.62079009,32.796560120000002
90292793,2016,2016-10-17,9625,2016-10-06,2049,019582,,4,2,9,1300,0,3,5,,2,050,"MCCABE ROAD",SR-111,2800.00,W,N,A,-,N,,,,,,,,,,Y,4,0,1,1,A,-,08,22107,,N,H,J,A,A,H,-,C,D,0,,,,,Y,,A,01,0,0,1,0,0,0,0,0,0,"- ","- ",32.752459999999999,-115.51063000000001,IMPERIAL,UNINCORPORATED,-115.50990756,32.752415239999998
90293239,2016,2016-10-17,9620,2016-10-09,1345,018290,,7,1,9,1300,0,1,3,,1,063,"SR-78 E/B","CLARKWAY RD.",141.00,S,N,A,-,Y,,,78,,,,,,E,Y,3,0,2,1,C,-,18,,,N,F,A,A,A,H,-,A,D,0,,,Y,,Y,,-,"- ",0,2,0,0,0,0,0,0,2,"- ","- ",33.427439999999997,-114.73215999999999,IMPERIAL,UNINCORPORATED,-114.73220592,33.427438359999996
90293499,2016,2016-10-17,9625,2016-09-13,1614,018464,,2,2,9,1300,0,1,3,,2,024,SR-78,"OSBORNE PARK ROAD",4224.00,W,N,A,-,Y,,,78,,,,,,,Y,1,1,1,1,A,-,08,22107,,N,F,A,A,A,B,E,A,D,0,,,,,Y,,A,07,0,1,0,0,0,0,0,0,0,"- ","- ",32.981180000000002,-115.14790000000001,IMPERIAL,UNINCORPORATED,-115.14791719999999,32.981252529999999
9029353,2020,2020-06-10,1304,2020-01-04,2000,358,EEAST,6,5,4,1304,0,0,0,,0,EAST,ADAMS,6TH,96.00,E,N,A,-,N,,,,,,,,,,Y,3,0,1,2,A,-,01,23152,A,N,C,C,A,A,H,-,C,-,0,,,,,Y,Y,-,,0,1,0,0,0,0,0,0,0,"- ","- ",,,IMPERIAL,"EL CENTRO",-115.55677032470703,32.796531677246094