CASE_ID,ACCIDENT_YEAR,PROC_DATE,JURIS,COLLISION_DATE,COLLISION_TIME,OFFICER_ID,REPORTING_DISTRICT,DAY_OF_WEEK,CHP_SHIFT,POPULATION,CNTY_CITY_LOC,SPECIAL_COND,BEAT_TYPE,CHP_BEAT_TYPE,CITY_DIVISION_LAPD,CHP_BEAT_CLASS,BEAT_NUMBER,PRIMARY_RD,SECONDARY_RD,DISTANCE,DIRECTION,INTERSECTION,WEATHER_1,WEATHER_2,STATE_HWY_IND,CALTRANS_COUNTY,CALTRANS_DISTRICT,STATE_ROUTE,ROUTE_SUFFIX,POSTMILE_PREFIX,POSTMILE,LOCATION_TYPE,RAMP_INTERSECTION,SIDE_OF_HWY,TOW_AWAY,COLLISION_SEVERITY,NUMBER_KILLED,NUMBER_INJURED,PARTY_COUNT,PRIMARY_COLL_FACTOR,PCF_CODE_OF_VIOL,PCF_VIOL_CATEGORY,PCF_VIOLATION,PCF_VIOL_SUBSECTION,HIT_AND_RUN,TYPE_OF_COLLISION,MVIW,PED_ACTION,ROAD_SURFACE,ROAD_COND_1,ROAD_COND_2,LIGHTING,CONTROL_DEVICE,CHP_ROAD_TYPE,PEDESTRIAN_ACCIDENT,BICYCLE_ACCIDENT,MOTORCYCLE_ACCIDENT,TRUCK_ACCIDENT,NOT_PRIVATE_PROPERTY,ALCOHOL_INVOLVED,STWD_VEHTYPE_AT_FAULT,CHP_VEHTYPE_AT_FAULT,COUNT_SEVERE_INJ,COUNT_VISIBLE_INJ,COUNT_COMPLAINT_PAIN,COUNT_PED_KILLED,COUNT_PED_INJURED,COUNT_BICYCLIST_KILLED,COUNT_BICYCLIST_INJURED,COUNT_MC_KILLED,COUNT_MC_INJURED,PRIMARY_RAMP,SECONDARY_RAMP,LATITUDE,LONGITUDE,COUNTY,CITY,POINT_X,POINT_Y
90380571,2017,2017-03-01,9625,2017-01-23,0025,019582,,1,3,9,1300,0,1,1,,2,003,"I-8 E/B","IMPERIAL HIGHWAY",15840.00,E,N,C,-,Y,,,8,,,,,,E,Y,3,0,1,1,A,-,08,22107,,N,F,A,A,B,H,-,D,D,0,,,,,Y,,A,01,0,1,0,0,0,0,0,0,0,"- ","- ",32.74559,-115.94041,IMPERIAL,UNINCORPORATED,-115.94044526,32.74584685
90380927,2017,2017-01-30,9625,2017-01-21,2218,020516,,6,3,9,1300,0,3,5,,2,040,"HAVENS ROAD","HASKELL ROAD",31.00,E,N,A,-,N,,,,,,,,,,Y,4,0,1,1,A,-,08,22107,,N,E,I,A,A,H,-,D,D,0,,,,,Y,,A,07,0,0,1,0,0,0,0,0,0,"- ","- ",32.811019999999999,-115.69035,IMPERIAL,UNINCORPORATED,-115.69019965,32.811049879999999
90381899,2017,2017-01-30,9625,2017-01-18,0650,017055,,3,1,9,1300,0,3,5,,2,020,"YOCUM ROAD","PRIVATE DIRT ROAD",0.00,,Y,A,-,N,,,,,,,,,,Y,3,0,4,2,A,-,09,21804,A,N,D,C,A,A,H,-,A,D,0,,,,,Y,,D,22,0,1,3,0,0,0,0,0,0,"- ","- ",33.064149999999998,-115.21415,IMPERIAL,UNINCORPORATED,,
90382492,2017,2017-01-31,9625,2017-01-27,1155,016248,,5,1,9,1300,0,3,5,,2,050,"WILLOUGHBY ROAD","KLOKE ROAD",225.00,W,N,A,G,N,,,,,,,,,,Y,4,0,1,1,A,-,03,22350,,N,E,I,A,A,H,-,A,D,0,,,Y,,Y,,C,02,0,0,1,0,0,0,0,0,1,"- ","- ",32.708620000000003,-115.51748000000001,IMPERIAL,UNINCORPORATED,-115.51864732,32.708509999999997
90383227,2017,2017-02-01,9625,2017-01-25,1558,018464,,3,2,9,1300,0,1,3,,2,052,SR-98,"MENVIELLE ROAD",800.00,W,N,A,-,Y,,,98,,,,,,,N,4,0,1,2,A,-,03,22350,,N,C,C,A,A,H,-,A,D,0,,,,,Y,,A,08,0,0,1,0,0,0,0,0,0,"- ","- ",32.693710000000003,-115.38987,IMPERIAL,UNINCORPORATED,-115.38987023,32.693747500000001
90383444,2017,2017-02-01,9625,2017-01-31,2255,018930,,2,3,9,1300,0,1,3,,2,025,"SR-78 W/B","VISTA MINE ROAD",14520.00,E,N,A,-,Y,,,78,,,,,,W,Y,2,0,1,1,A,-,08,22107,,N,F,I,A,A,H,-,D,B,0,,,,,Y,,A,07,1,0,0,0,0,0,0,0,0,"- ","- ",33.048180000000002,-114.95202,IMPERIAL,UNINCORPORATED,-114.95224091,33.04828972
90383703,2017,2017-02-01,9625,2017-02-01,0745,013627,,3,1,9,1300,0,3,5,,2,050,"BARBARA WORTH ROAD","HEBER ROAD",0.00,,Y,A,-,N,,,,,,,,,,Y,4,0,2,2,A,-,09,21802,A,N,D,C,A,A,H,-,A,A,0,,,,,Y,,A,01,0,0,2,0,0,0,0,0,0,"- ","- ",32.730289999999997,-115.43080999999999,IMPERIAL,UNINCORPORATED,-115.43088006000001,32.730240070000001
90384003,2017,2017-02-01,9625,2017-01-20,0825,015990,,5,1,9,1300,0,1,3,,2,014,"SR-78 E/B","BRANDT ROAD",0.00,,Y,A,-,Y,,,78,,,,,,E,Y,2,0,1,2,A,-,12,22450,A,N,D,C,A,A,H,-,A,A,0,,,,Y,Y,,A,01,1,0,0,0,0,0,0,0,0,"- ","- ",33.000300000000003,-115.56144999999999,IMPERIAL,UNINCORPORATED,-115.56145078,33.000001679999997
90384498,2017,2017-02-02,9625,2017-01-28,1531,019668,,6,2,9,1300,0,3,5,,2,050,"HOLT ROAD","KEYSTONE ROAD",61.00,S,N,A,-,N,,,,,,,,,,Y,3,0,3,2,A,-,09,21802,A,N,C,C,A,A,H,-,A,A,0,,,,Y,Y,,A,01,0,1,2,0,0,0,0,0,0,"- ","- ",32.916119999999999,-115.38052,IMPERIAL,UNINCORPORATED,-115.38038976999999,32.91635333
90385079,2017,2017-02-02,9625,2017-01-27,1720,018617,,5,2,9,1300,0,3,5,,2,010,"GENTRY ROAD","SINCLAIR ROAD",37.00,S,N,A,-,N,,,,,,,,,,Y,4,0,1,1,A,-,01,23152,A,N,E,J,A,A,H,-,D,D,0,,,,,Y,Y,A,07,0,0,1,0,0,0,0,0,0,"- ","- ",33.176409999999997,-115.61445000000001,IMPERIAL,UNINCORPORATED,-115.61438376,33.176510290000003
90386639,2017,2017-02-06,9625,2017-02-04,1514,018464,,6,2,9,1300,0,3,5,,2,050,"BARBARA WORTH ROAD","MCCABE ROAD",18.00,N,N,A,-,N,,,,,,,,,,Y,4,0,1,2,A,-,09,21802,A,M,E,I,A,A,H,-,A,A,0,,,,,Y,,A,01,0,0,1,0,0,0,0,0,0,"- ","- ",32.752020000000002,-115.43079,IMPERIAL,UNINCORPORATED,-115.4307349,32.751989000000002
90386674,2017,2017-02-06,9625,2017-02-04,1955,018464,,6,2,9,1300,0,1,3,,1,054,"SR-111 (S/B)","HARRIS ROAD",3167.00,N,N,A,-,Y,,,,,,,,,,Y,4,0,1,1,A,-,08,22107,,N,E,I,A,A,H,-,D,D,0,,,,,Y,,A,01,0,0,1,0,0,0,0,0,0,"- ","- ",32.533250000000002,-115.30334999999999,IMPERIAL,UNINCORPORATED,-115.50853773999999,32.892106480000002
90389239,2017,2017-02-09,9625,2017-02-05,1620,018464,,7,2,9,1300,0,1,3,,1,044,"SR-86 N/B","AUSTIN ROAD",46.00,N,N,A,-,Y,,,86,,,,,,N,Y,3,0,1,1,A,-,08,22107,,N,E,I,A,A,H,-,A,D,0,,,,,Y,,A,01,0,1,0,0,0,0,0,0,0,"- ","- ",32.950330000000001,-115.56677999999999,IMPERIAL,UNINCORPORATED,-115.56683863000001,32.95047254
90390405,2017,2017-02-10,9625,2017-02-09,1140,013781,,4,1,9,1300,0,3,5,,2,050,"BOWKER ROAD","HEBER ROAD",654.00,N,N,A,-,N,,,,,,,,,,Y,3,0,1,2,A,-,06,21751,,N,E,I,A,A,H,-,A,D,0,,,,Y,Y,,A,01,0,1,0,0,0,0,0,0,0,"- ","- ",32.732199999999999,-115.46501000000001,IMPERIAL,UNINCORPORATED,-115.46505001,32.732137170000001
90390728,2017,2017-02-10,9625,2017-02-06,1650,019667,,1,2,9,1300,0,3,5,,2,050,"MCCABE ROAD","BOWKER ROAD",16.00,E,N,A,-,N,,,,,,,,,,Y,3,0,1,3,A,-,09,21802,A,N,D,C,A,A,H,-,A,A,0,,,,,Y,,A,01,0,1,0,0,0,0,0,0,0,"- ","- ",32.752029999999998,-115.46499,IMPERIAL,UNINCORPORATED,-115.46496835000001,32.752107350000003
90391194,2017,2017-02-13,9620,2017-02-05,1010,018247,,7,1,9,1300,0,1,1,,2,082,"I-8 E/B","SEMINOLE RD OC",1300.00,W,N,A,-,Y,,,8,,,,,,E,Y,3,0,1,1,A,-,03,22350,,N,F,A,A,A,D,-,A,D,0,,,Y,,Y,,C,02,0,1,0,0,0,0,0,0,1,"- ","- ",32.744729999999997,-114.70780000000001,IMPERIAL,UNINCORPORATED,-114.70772057000001,32.744546219999997
90391700,2017,2017-02-13,9625,2017-02-07,1412,018617,,2,2,9,1300,0,1,3,,2,056,"STATE ROUTE 115","KEYSTONE ROAD",0.00,,Y,A,-,Y,,,115,,,,,,,Y,3,0,2,2,A,-,09,21802,B,N,D,C,A,A,H,-,A,A,0,,,,,Y,,A,01,0,1,1,0,0,0,0,0,0,"- ","- ",32.916510000000002,-115.40616,IMPERIAL,UNINCORPORATED,-115.40624661,32.916510000000002
90391759,2017,2017-02-13,9625,2017-02-09,1714,018464,,4,2,9,1300,0,2,4,,2,046,"DOGWOOD ROAD","ROBINSON ROAD",314.00,S,N,A,-,N,,,,,,,,,,Y,4,0,1,1,A,-,08,22107,,N,E,I,A,A,H,-,A,D,0,,,,,Y,,D,22,0,0,1,0,0,0,0,0,0,"- ","- ",32.853749999999998,-115.53573,IMPERIAL,UNINCORPORATED,-115.53561464000001,32.853801859999997
90392023,2017,2017-02-13,9625,2017-02-07,1455,018368,,2,2,9,1300,0,2,4,,2,047,"FORRESTER ROAD","WORTHINGTON ROAD",0.00,,Y,A,-,Y,,,,,,,,,,Y,4,0,1,2,A,-,09,21802,A,N,D,C,A,A,H,-,A,A,0,,,,,Y,,A,01,0,0,1,0,0,0,0,0,0,"- ","- ",32.847369999999998,-115.62084,IMPERIAL,UNINCORPORATED,-115.62076012,32.847390050000001
90392075,2017,2017-02-13,9625,2017-02-08,1010,018279,,3,1,4,1304,0,1,1,,2,004,"INTERSTATE 8 (W/B)","FORRESTER ROAD",2500.00,W,N,A,-,Y,,,,,,,,,,Y,3,0,1,1,A,-,08,22107,,N,F,A,A,A,H,-,A,D,0,,,,,Y,,D,22,0,1,0,0,0,0,0,0,0,"- ","- ",32.77393,-115.63037,IMPERIAL,"EL CENTRO",-115.62871842,32.77397981
90392102,2017,2017-02-13,9625,2017-01-27,0900,017055,,5,1,9,1300,0,1,3,,1,021,"SR-111 S/B","DAVIS ROAD",4752.00,N,N,A,-,Y,,,111,,,,,,S,Y,4,0,1,1,A,-,08,22107,,N,F,A,A,A,H,-,A,A,0,,,,Y,Y,,F,25,0,0,1,0,0,0,0,0,0,"- ","- ",33.286290000000001,-115.57975999999999,IMPERIAL,UNINCORPORATED,-115.57980341,33.286254800000002
90392410,2017,2017-02-14,9625,2017-02-08,1843,018792,,3,2,9,1300,0,1,3,,1,011,"SR-86 NB","LACK ROAD",353.00,N,N,A,-,Y,,,86,,,,,,N,Y,4,0,1,2,A,-,03,22350,,N,C,C,A,A,H,-,D,D,0,,,,Y,Y,,A,08,0,0,1,0,0,0,0,0,0,"- ","- ",33.037460000000003,-115.64867,IMPERIAL,UNINCORPORATED,-115.6486701,33.037394300000003
90393241,2017,2017-02-14,9625,2017-02-07,1354,018464,,2,1,9,1300,0,3,5,,2,050,"HAVEN ROAD","ORCHARD ROAD",1186.00,E,N,A,-,N,,,,,,,,,,Y,3,0,1,1,A,-,01,23152,E,N,E,I,A,A,H,-,A,D,0,,,,,Y,,D,22,0,1,0,0,0,0,0,0,0,"- ","- ",32.795999999999999,-115.37933,IMPERIAL,UNINCORPORATED,-115.37988362,32.796047620000003
90394256,2016,2017-02-15,9625,2016-12-21,1812,018617,,3,2,9,1300,0,1,3,,1,011,"STATE ROUTE 86 SOUTHBOUND","STATE ROUTE 78",0.00,,Y,C,-,Y,,,86,,,,,,S,Y,1,1,5,2,A,-,09,21800,D,N,D,C,A,B,H,-,E,B,0,,,,,Y,,-,"- ",1,0,4,0,0,0,0,0,0,"- ","- ",32.999250000000004,-115.58918,IMPERIAL,UNINCORPORATED,-115.58922013999999,32.99921981
90394269,2017,2017-02-15,9620,2017-02-06,2251,15647,Quech,1,3,9,1300,0,2,4,,1,072,"WINTERHAVEN DRIVE","S-24 (PICACHO ROAD)",211.00,E,N,A,-,N,,,,,,,,,,Y,2,0,1,1,A,-,01,23152,A,N,F,A,A,A,H,-,D,D,0,,,,,Y,Y,A,01,1,0,0,0,0,0,0,0,0,"- ","- ",32.735120000000002,-114.62581,IMPERIAL,UNINCORPORATED,-114.62581,32.735120000000002
90395584,2017,2017-02-17,9625,2017-02-14,0745,018279,,2,1,4,1304,0,1,1,,2,005,"I-8 E/B TO SR-111 N/B","INTERSTATE 8 (E/B)",112.00,S,N,A,-,Y,,,,,,,,,,N,3,0,1,2,A,-,03,22350,,N,C,C,A,A,H,-,A,D,0,,,,,Y,,A,01,0,1,0,0,0,0,0,0,0,"- ","- ",32.773290000000003,-115.50102,IMPERIAL,"EL CENTRO",-115.57828000000001,32.773850000000003
9039698,2020,2020-06-10,1304,2020-02-06,1239,354,,4,5,4,1304,0,0,0,,0,,ADAMS,6TH,103.00,E,N,A,-,N,,,,,,,,,,N,3,0,1,2,A,-,03,22350,,N,C,C,A,A,H,-,A,A,0,,,,,Y,,-,,0,1,0,0,0,0,0,0,0,"- ","- ",,,IMPERIAL,"EL CENTRO",-115.55674743652344,32.796531677246094
90397468,2017,2017-02-21,9625,2017-02-19,0550,018279,,7,3,9,1300,0,3,5,,2,040,"DOGWOOD RD","RALPH RD",3168.00,N,N,E,-,N,,,,,,,,,,Y,4,0,1,1,A,-,03,22350,,N,F,A,A,B,H,-,D,D,0,,,,,Y,,A,01,0,0,1,0,0,0,0,0,0,"- ","- ",32.877929999999999,-115.53558,IMPERIAL,UNINCORPORATED,-115.5355617,32.87780806
90399022,2017,2017-02-23,9620,2017-02-13,1845,013020,,1,2,9,1300,0,1,3,,1,062,"SR-186 (N/B)",ENTRY,1056.00,N,N,A,-,Y,,,186,,,,,,,Y,1,1,0,2,A,-,11,21954,A,N,G,B,D,A,H,-,D,D,0,Y,,,,Y,Y,N,60,0,0,0,1,0,0,0,0,0,"- ","- ",32.724879999999999,-114.72268,IMPERIAL,UNINCORPORATED,-114.72270150999999,32.724897050000003
90399607,2017,2017-02-24,9620,2017-02-20,1617,017466,,1,2,9,1300,0,1,1,,2,082,"I-8 E/B","OGILBY RD",12144.00,E,N,A,-,Y,,,8,,,,,,E,Y,4,0,1,1,A,-,08,22107,,N,F,A,A,A,H,-,A,D,0,,,,Y,Y,,G,25,0,0,1,0,0,0,0,0,0,"- ","- ",32.753639999999997,-114.79682,IMPERIAL,UNINCORPORATED,-114.79680946000001,32.753702910000001
90401004,2017,2017-02-27,9625,2017-02-26,0700,018933,,7,1,9,1300,0,1,3,,2,024,"SR-78 E/B","WHITLOCK ROAD",3168.00,E,N,A,-,Y,,,78,,,,,,E,Y,4,0,1,1,A,-,08,22107,,N,F,A,A,A,H,-,B,D,0,,,,,Y,,A,01,0,0,1,0,0,0,0,0,0,"- ","- ",32.971380000000003,-115.28677999999999,IMPERIAL,UNINCORPORATED,-115.28676821000001,32.971411289999999
90401356,2017,2017-02-28,9625,2017-02-22,1636,018464,,3,2,9,1300,0,1,3,,2,053,"SR-111 N/B","I-8 W/B",327.00,N,N,A,G,Y,,,111,,,,,,N,Y,4,0,2,1,A,-,03,22350,,N,F,A,A,A,H,-,A,D,0,,,,,Y,,A,07,0,0,2,0,0,0,0,0,0,"- ","- ",32.774810000000002,-115.50073999999999,IMPERIAL,UNINCORPORATED,-115.50124981,32.774790199999998
9040235,2019,2020-02-12,1301,2019-11-09,1629,9A6,,6,5,3,1301,0,0,0,,0,002,"DOGWOOD RD","MEAD RD",432.00,N,N,A,-,N,,,,,,,,,,Y,2,0,2,1,A,-,08,22107,,N,F,-,A,A,H,-,A,D,0,,,,,Y,,-,,1,1,0,0,0,0,0,0,0,"- ","- ",,,IMPERIAL,BRAWLEY,-115.53512573242188,32.957504272460938
90404256,2017,2017-03-02,9625,2017-03-02,0115,019225,,4,3,9,1300,0,3,5,,2,050,"ALAMO ROAD",SR-115,1056.00,E,N,A,-,N,,,,,,,,,,Y,4,0,1,1,A,-,08,22107,,N,E,I,A,A,H,-,D,D,0,,,,,Y,,A,01,0,0,1,0,0,0,0,0,0,"- ","- ",32.818370000000002,-115.39991000000001,IMPERIAL,UNINCORPORATED,-115.40267287,32.818385650000003
90404375,2017,2017-03-02,9625,2017-02-22,0755,016248,,3,1,9,1300,0,1,3,,1,054,"SR-111 N/B","ATEN ROAD",1056.00,S,N,A,-,Y,,,111,,,,,,N,N,4,0,1,3,A,-,03,22350,,N,C,C,A,A,H,-,A,D,0,,,,,Y,,A,01,0,0,1,0,0,0,0,0,0,"- ","- ",32.815829999999998,-115.50021,IMPERIAL,UNINCORPORATED,-115.50034884999999,32.815831770000003
90404436,2017,2017-03-02,9625,2017-02-26,1155,018279,,7,1,4,1304,0,1,3,,2,024,"STATE ROUTE 78","GECK PARK ROAD",6336.00,W,N,A,-,Y,,,,,,,,,,Y,4,0,1,1,A,-,03,22350,,N,E,I,A,A,H,-,A,D,0,,,,,Y,,A,01,0,0,1,0,0,0,0,0,0,"- ","- ",32.969009999999997,-115.19284,IMPERIAL,"EL CENTRO",,
90406188,2017,2017-03-06,9625,2017-02-25,0125,020516,,6,3,9,1300,0,1,1,,2,001,"E/B INTERSTATE 8","INKOPAH PARK RD",1056.00,E,N,A,-,Y,,,8,,,,,,,Y,3,0,2,1,A,-,08,22107,,N,F,A,A,A,H,-,D,D,0,,,,,Y,,D,22,0,2,0,0,0,0,0,0,0,"- ","- ",32.645319999999998,-116.10536,IMPERIAL,UNINCORPORATED,-116.1053213,32.64529563
90406333,2017,2017-03-06,9625,2017-02-23,0530,015990,,4,3,9,1300,0,3,5,,2,010,"GENTRY ROAD","EDDINS ROAD",0.00,,Y,A,-,N,,,,,,,,,,Y,2,0,2,2,A,-,09,21801,A,N,A,C,A,A,H,-,B,D,0,,,,,Y,,A,07,1,0,1,0,0,0,0,0,0,"- ","- ",33.729259999999996,-115.36519,IMPERIAL,UNINCORPORATED,-115.61436006,33.125740069999999
90407146,2017,2017-03-07,9620,2017-03-01,1215,015941,,3,1,9,1300,0,1,1,,2,081,"INTERSTATE 8 (I-8) E/B",SR-98,6336.00,E,N,A,G,Y,,,8,,,,,,E,Y,3,0,2,1,A,-,08,22107,,N,F,A,A,A,D,-,A,D,0,,,,,Y,,E,22,0,2,0,0,0,0,0,0,0,"- ","- ",32.707740000000001,-115.06653,IMPERIAL,UNINCORPORATED,-115.06652975999999,32.707773019999998
90407237,2017,2017-03-07,9625,2017-02-28,1115,017432,,2,1,9,1300,0,1,3,,1,044,"SR-86 (N/B)","CAREY ROAD",171.00,S,N,A,-,Y,,,,,,,,,,Y,4,0,2,2,A,-,03,22350,,N,C,C,A,A,H,-,A,D,0,,,,,Y,,A,01,0,0,2,0,0,0,0,0,0,"- ","- ",32.553699999999999,-115.3411,IMPERIAL,UNINCORPORATED,-115.57013999999999,32.926642639999997
90407349,2017,2017-03-07,9620,2017-03-05,1300,016015,,7,1,9,1300,0,2,4,,1,061,"OGILBY ROAD (S-34)","GOLD ROCK RANCH RD",11616.00,N,N,B,-,N,,,,,,,,,,Y,4,0,2,1,A,-,08,22107,,N,E,J,A,A,H,-,A,D,0,,,,,Y,,A,01,0,0,2,0,0,0,0,0,0,"- ","- ",32.914239999999999,-114.84065,IMPERIAL,UNINCORPORATED,-114.84072796,32.914268440000001
90407479,2017,2017-03-07,9625,2017-03-03,1123,019668,,5,1,9,1300,0,3,5,,2,020,"FRINK ROAD",SR-111,7068.00,E,N,A,-,N,,,,,,,,,,Y,3,0,1,1,A,-,08,22107,,N,F,A,A,A,H,-,A,D,0,,,,,Y,,A,07,0,1,0,0,0,0,0,0,0,"- ","- ",33.376089999999998,-115.64655,IMPERIAL,UNINCORPORATED,-115.64660464000001,33.375897010000003
90407523,2017,2017-03-07,9625,2017-02-27,2120,018468,,1,2,9,1300,0,3,5,,2,050,"HOLT ROAD","ROBINSON ROAD",715.00,N,N,B,-,N,,,,,,,,,,Y,4,0,1,1,A,-,08,22107,,N,F,A,A,B,H,-,D,D,0,,,,Y,Y,,G,25,0,0,1,0,0,0,0,0,0,"- ","- ",32.856540000000003,-115.38032,IMPERIAL,UNINCORPORATED,-115.38031472999999,32.856573470000001
90407613,2017,2017-03-07,9620,2017-03-03,0704,014803,,5,1,9,1300,0,2,4,,1,072,"WINTERHAVEN DR","I-8 EASTBOUND OFFRAMP",0.00,,Y,B,-,N,,,,,,,,,,Y,4,0,4,2,A,-,09,21802,A,N,D,D,A,A,H,-,A,D,0,,,,,Y,,A,01,0,0,4,0,0,0,0,0,0,"- ","- ",32.731259999999999,-114.62461,IMPERIAL,UNINCORPORATED,-114.62456346,32.731228680000001
90407899,2017,2017-03-08,9620,2017-03-04,1044,020555,,6,1,9,1300,0,1,1,,2,081,"I-8 W/B DETOUR/EVAN HEWES HIGHWAY","BROCK RESEARCH CENTER",2640.00,W,N,A,-,Y,,,,,,,,,,Y,2,0,2,1,A,-,08,22107,,N,E,I,A,A,H,-,A,D,0,,,,,Y,,A,01,1,0,1,0,0,0,0,0,0,"- ","- ",33.709679999999999,-115.04635,IMPERIAL,UNINCORPORATED,,
90408688,2017,2017-03-08,9625,2017-02-26,1120,018933,,7,1,9,1300,0,1,3,,2,024,SR-78,"STATE ROUTE 115",528.00,W,N,A,-,Y,,,78,,,,,,,Y,4,0,1,1,A,-,08,22107,,N,E,I,A,A,H,-,A,D,0,,,,,Y,,A,07,0,0,1,0,0,0,0,0,0,"- ","- ",32.974460000000001,-115.40951,IMPERIAL,UNINCORPORATED,-115.40950904,32.974488090000001
90409557,2017,2017-03-09,9625,2017-02-28,1430,018617,,2,2,9,1300,0,1,3,,1,044,"STATE ROUTE 86 NORTHBOUND","LEGION ROAD",1521.00,S,N,A,-,Y,,,86,,,,,,N,Y,4,0,2,1,A,-,01,23152,A,N,F,A,A,A,H,-,A,D,0,,,,,Y,Y,A,01,0,0,2,0,0,0,0,0,0,"- ","- ",32.956229999999998,-115.55297,IMPERIAL,UNINCORPORATED,-115.5530819,32.95637558
90410118,2017,2017-04-11,9620,2017-03-07,1508,017466,,2,2,9,1300,0,1,1,,2,082,"I-8 E/B",SR-186,2112.00,W,N,A,-,Y,,,8,,,,,,E,Y,2,0,2,4,A,-,03,22350,,N,C,C,A,A,D,-,A,A,0,,,,Y,Y,,G,25,2,0,0,0,0,0,0,0,0,"- ","- ",32.744300000000003,-114.72817000000001,IMPERIAL,UNINCORPORATED,-114.72817200999999,32.744284159999999
90410320,2017,2017-03-10,9625,2017-03-04,1700,018368,,6,2,9,1300,0,1,3,,1,012,"SR-86 N/B","NORTH MARINA DRIVE",0.00,,Y,A,-,Y,,,86,,,,,,N,Y,3,0,2,2,A,-,09,21802,A,N,D,C,A,A,H,-,A,D,0,,,,,Y,,A,07,0,1,1,0,0,0,0,0,0,"- ","- ",33.30303,-115.98161,IMPERIAL,UNINCORPORATED,-115.98171953000001,33.302947539999998
90410329,2017,2017-03-10,9625,2017-03-07,1520,018279,,2,2,9,1300,0,1,3,,2,043,"STATE ROUTE 86","W. HEBER RD",1352.00,N,N,A,-,Y,,,86,,,,,,,Y,4,0,1,1,A,-,08,22107,,N,F,A,A,A,H,-,A,D,0,,,,,Y,,A,01,0,0,1,0,0,0,0,0,0,"- ","- ",32.734079999999999,-115.55143,IMPERIAL,UNINCORPORATED,-115.5515166,32.73407796
90411123,2017,2017-03-13,9625,2017-03-05,1000,020516,,7,1,9,1300,0,3,5,,2,010,"BORREGO SALTON SEA WAY (S-22)","LAKE VIEW CT",207.00,W,N,A,G,N,,,,,,,,,,Y,4,0,3,2,A,-,09,21804,A,N,D,C,A,A,H,-,A,D,0,,,,,Y,,A,07,0,0,3,0,0,0,0,0,0,"- ","- ",33.271799999999999,-115.98524999999999,IMPERIAL,UNINCORPORATED,-115.98525698,33.271757460000003
90413213,2017,2017-03-15,9625,2017-03-13,1445,018617,,1,2,9,1300,0,1,1,,2,001,"INTERSTATE 8 EASTBOUND","IN-KO PAH PARK ROAD",2246.00,E,N,A,-,Y,,,8,,,,,,E,Y,4,0,1,1,A,-,08,22107,,N,F,A,A,A,H,-,A,D,0,,,,,Y,,A,01,0,0,1,0,0,0,0,0,0,"- ","- ",32.647820000000003,-116.10386,IMPERIAL,UNINCORPORATED,-116.10381221999999,32.647785970000001
90414041,2017,2017-03-16,9625,2017-03-10,0830,013627,,5,1,9,1300,0,1,3,,2,056,"STATE ROUTE 115","WORTHINGTON ROAD",101.00,S,N,A,-,Y,,,115,,,,,,,Y,4,0,2,2,A,-,09,21802,A,F,E,I,A,A,H,-,A,A,0,,,,,Y,,D,22,0,0,2,0,0,0,0,0,0,"- ","- ",32.84722,-115.40627000000001,IMPERIAL,UNINCORPORATED,-115.4061806,32.84722
90414524,2017,2017-03-17,9625,2017-03-08,0430,018792,,3,3,9,1300,0,1,1,,2,001,"I 8 E/B","MOUNTAIN SPRINGS ROAD",14045.00,E,N,A,-,Y,,,8,,,,,,E,Y,4,0,1,1,A,-,01,23152,A,N,E,I,A,A,H,-,D,D,0,,,,,Y,Y,A,01,0,0,1,0,0,0,0,0,0,"- ","- ",32.688070000000003,-116.06489000000001,IMPERIAL,UNINCORPORATED,-116.06490156,32.68807485
90414849,2017,2017-03-17,9625,2017-03-07,1125,015990,,2,1,9,1300,0,1,3,,1,011,"SR-86 S/B","ALLEN ROAD",579.00,N,N,A,-,Y,,,86,,,,,,S,Y,3,0,1,2,A,-,03,22350,,N,C,C,A,A,H,-,A,D,0,,,,Y,Y,,G,25,0,1,0,0,0,0,0,0,0,"- ","- ",33.098860000000002,-115.79003,IMPERIAL,UNINCORPORATED,-115.79002192,33.098877700000003
90415286,2017,2017-03-20,9625,2017-03-08,2205,019225,,3,3,9,1300,0,1,1,,2,001,"INTERSTATE 8 (EASTBOUND)",SR-98,10560.00,W,N,A,-,Y,,,8,,,,,,,Y,2,0,1,1,A,-,08,22107,,N,F,A,A,A,H,-,D,A,0,,,,,Y,,A,01,1,0,0,0,0,0,0,0,0,"- ","- ",32.716419999999999,-116.05132999999999,IMPERIAL,UNINCORPORATED,-116.05138063,32.716462530000001
90415488,2017,2017-03-20,9625,2017-03-15,1815,018464,,3,2,9,1300,0,3,5,,2,050,"ATEN ROAD",SR-111,240.00,W,N,A,-,N,,,,,,,,,,N,4,0,1,3,A,-,03,22350,,N,C,C,A,A,H,-,A,D,0,,,,,Y,,A,01,0,0,1,0,0,0,0,0,0,"- ","- ",32.825719999999997,-115.50118999999999,IMPERIAL,UNINCORPORATED,-115.50001673,32.82576925
90415767,2017,2017-03-20,9625,2017-03-17,2122,018464,,5,2,9,1300,0,1,3,,1,051,"SR-7 (N/B)",SR-98,157.00,S,N,A,-,Y,,,7,,,,,,,Y,4,0,1,2,A,-,03,22350,,N,C,C,A,A,H,-,C,A,0,,,,Y,Y,,A,01,0,0,1,0,0,0,0,0,0,"- ","- ",32.693429999999999,-115.37893,IMPERIAL,UNINCORPORATED,-115.37888413,32.693430030000002