CASE_ID,ACCIDENT_YEAR,PROC_DATE,JURIS,COLLISION_DATE,COLLISION_TIME,OFFICER_ID,REPORTING_DISTRICT,DAY_OF_WEEK,CHP_SHIFT,POPULATION,CNTY_CITY_LOC,SPECIAL_COND,BEAT_TYPE,CHP_BEAT_TYPE,CITY_DIVISION_LAPD,CHP_BEAT_CLASS,BEAT_NUMBER,PRIMARY_RD,SECONDARY_RD,DISTANCE,DIRECTION,INTERSECTION,WEATHER_1,WEATHER_2,STATE_HWY_IND,CALTRANS_COUNTY,CALTRANS_DISTRICT,STATE_ROUTE,ROUTE_SUFFIX,POSTMILE_PREFIX,POSTMILE,LOCATION_TYPE,RAMP_INTERSECTION,SIDE_OF_HWY,TOW_AWAY,COLLISION_SEVERITY,NUMBER_KILLED,NUMBER_INJURED,PARTY_COUNT,PRIMARY_COLL_FACTOR,PCF_CODE_OF_VIOL,PCF_VIOL_CATEGORY,PCF_VIOLATION,PCF_VIOL_SUBSECTION,HIT_AND_RUN,TYPE_OF_COLLISION,MVIW,PED_ACTION,ROAD_SURFACE,ROAD_COND_1,ROAD_COND_2,LIGHTING,CONTROL_DEVICE,CHP_ROAD_TYPE,PEDESTRIAN_ACCIDENT,BICYCLE_ACCIDENT,MOTORCYCLE_ACCIDENT,TRUCK_ACCIDENT,NOT_PRIVATE_PROPERTY,ALCOHOL_INVOLVED,STWD_VEHTYPE_AT_FAULT,CHP_VEHTYPE_AT_FAULT,COUNT_SEVERE_INJ,COUNT_VISIBLE_INJ,COUNT_COMPLAINT_PAIN,COUNT_PED_KILLED,COUNT_PED_INJURED,COUNT_BICYCLIST_KILLED,COUNT_BICYCLIST_INJURED,COUNT_MC_KILLED,COUNT_MC_INJURED,PRIMARY_RAMP,SECONDARY_RAMP,LATITUDE,LONGITUDE,COUNTY,CITY,POINT_X,POINT_Y
90484028,2017,2017-06-22,9625,2017-06-13,2305,020704,,2,3,9,1300,0,1,1,,2,001,"I-8 (E/B)","IN KO PAH ROAD",6200.00,E,N,A,-,Y,,,8,,,,,,,Y,4,0,1,1,A,-,03,22350,,N,E,I,A,A,H,-,D,D,0,,,,,Y,,A,01,0,0,1,0,0,0,0,0,0,"- ","- ",32.657989999999998,-116.09699000000001,IMPERIAL,UNINCORPORATED,-116.09704723,32.65797654
90487386,2017,2017-06-26,9625,2017-06-15,0835,017432,,4,1,9,1300,0,1,3,,2,024,SR-78,"GECKO PARK ROAD",2640.00,W,N,A,-,Y,,,78,,,,,,,Y,4,0,1,1,A,-,08,22107,,N,F,A,A,A,H,-,A,D,0,,,,Y,Y,,F,26,0,0,1,0,0,0,0,0,0,"- ","- ",32.973649999999999,-115.18265,IMPERIAL,UNINCORPORATED,-115.18265361,32.973657920000001
90487393,2017,2017-06-26,9625,2017-06-21,1734,018617,,3,2,9,1300,0,1,3,,2,053,"SR-111 (S/B)","HEBER ROAD",275.00,N,N,A,-,Y,,,111,,,,,,,N,4,0,1,2,A,-,03,22350,,N,C,C,A,A,H,-,A,D,0,,,,,Y,,A,01,0,0,1,0,0,0,0,0,0,"- ","- ",32.73142,-115.50051999999999,IMPERIAL,UNINCORPORATED,-115.50042351,32.731422090000002
90489721,2017,2017-06-28,9625,2017-02-04,0315,020111,,6,3,9,1300,0,1,3,,2,053,"SR-111, S/B","MCCABE ROAD",1584.00,N,N,A,-,Y,,,111,,,,,,S,Y,1,1,2,2,A,-,01,23152,A,N,F,A,A,A,H,-,D,D,0,,,,,Y,Y,A,01,0,1,1,0,0,0,0,0,0,"- ","- ",32.757129999999997,-115.50068,IMPERIAL,UNINCORPORATED,-115.50082126,32.757128489999999
90490490,2017,2017-06-29,9625,2017-06-23,0330,019667,,5,3,9,1300,0,3,5,,2,020,"WIRT ROAD","WIEST ROAD",3.00,W,N,A,-,N,,,,,,,,,,Y,4,0,4,2,A,-,09,21801,A,N,D,C,A,A,H,-,D,A,0,,,,,Y,,A,01,0,0,4,0,0,0,0,0,0,"- ","- ",33.125790000000002,-115.4499,IMPERIAL,UNINCORPORATED,-115.44969974,33.125719930000002
90490773,2017,2017-06-29,9625,2017-06-27,1155,019886,,2,1,9,1300,0,1,3,,1,044,"SR-86 (N/B)","LEGION ROAD",1373.00,S,N,A,-,Y,,,86,,,,,,,Y,4,0,1,1,A,-,17,21711,,N,F,I,A,A,H,-,A,D,0,,,,,Y,,B,07,0,0,1,0,0,0,0,0,0,"- ","- ",32.956200000000003,-115.5531,IMPERIAL,UNINCORPORATED,-115.55317776,32.956300509999998
90490878,2017,2017-06-29,9625,2017-06-23,0940,013781,,5,1,9,1300,0,1,3,,1,044,"DOGWOOD ROAD","COLE ROAD",0.00,,Y,A,-,N,,,,,,,,,,Y,4,0,2,2,A,-,09,21802,A,N,D,C,A,A,H,-,A,D,0,,,,,Y,,A,07,0,0,2,0,0,0,0,0,0,"- ","- ",32.694020000000002,-115.53395999999999,IMPERIAL,UNINCORPORATED,-115.53398009999999,32.694000070000001
90490894,2017,2017-06-29,9625,2017-06-27,1205,019886,,2,1,9,1300,0,3,5,,2,040,"KEYSTONE ROAD","AUSTIN ROAD",0.00,,Y,A,-,N,,,,,,,,,,Y,4,0,1,2,A,-,09,21802,A,N,D,C,A,A,H,-,A,A,0,,,,,Y,,A,01,0,0,1,0,0,0,0,0,0,"- ","- ",32.912550000000003,-115.59483,IMPERIAL,UNINCORPORATED,-115.59491011,32.912550080000003
90490911,2017,2017-06-29,9625,2017-06-26,1015,016248,,1,1,9,1300,0,1,3,,2,053,"SR-111 N/B","ROSS ROAD",68.00,S,N,A,-,Y,,,111,,,,,,N,N,4,0,2,2,A,-,03,22350,,N,C,C,A,A,H,-,A,A,0,,,,,Y,,A,07,0,0,2,0,0,0,0,0,0,"- ","- ",32.787109999999998,-115.5013,IMPERIAL,UNINCORPORATED,-115.50094175,32.787018809999999
90493762,2017,2017-07-05,9625,2017-06-26,1830,018368,,1,2,4,1304,0,3,5,,2,040,"HUFF ROAD","HETZEL RD",2280.00,N,N,A,-,N,,,,,,,,,,Y,4,0,1,1,A,-,08,22107,,N,F,I,A,A,H,-,A,D,0,,,,Y,Y,,G,27,0,0,1,0,0,0,0,0,0,"- ","- ",32.827950000000001,-115.71832000000001,IMPERIAL,"EL CENTRO",-115.71836307,32.827441950000001
90494886,2017,2017-07-06,9625,2017-06-30,1325,019886,,5,1,9,1300,0,1,3,,1,011,"SR-86 (S/B)","NAVY BASE ROAD",4752.00,S,N,A,-,Y,,,86,,,,,,,Y,4,0,1,1,A,-,08,22107,,N,F,A,A,A,H,-,A,D,0,,,,,Y,,A,07,0,0,1,0,0,0,0,0,0,"- ","- ",33.167900000000003,-115.87499,IMPERIAL,UNINCORPORATED,-115.87519263,33.167621080000004
90495249,2017,2017-07-06,9625,2017-07-02,1852,019582,,7,2,9,1300,0,1,3,,2,053,"SR-111 N/B","HEBER ROAD",90.00,S,N,A,-,Y,,,111,,,,,,N,N,4,0,1,2,A,-,03,22350,,N,C,C,A,A,H,-,A,A,0,,,,,Y,,A,01,0,0,1,0,0,0,0,0,0,"- ","- ",32.730510000000002,-115.50018,IMPERIAL,UNINCORPORATED,-115.50040487,32.73050662
9049552,2020,2020-05-29,1304,2020-02-16,2153,368,E1,7,5,4,1304,0,0,0,,0,EAST,DANENBERG,DOGWOOD,0.00,E,N,A,-,N,,,,,,,,,,Y,3,0,1,1,A,-,07,21658,A,N,E,I,A,A,H,-,C,D,0,,,Y,,Y,,C,02,0,1,0,0,0,0,0,0,1,"- ","- ",,,IMPERIAL,"EL CENTRO",-115.53514862060547,32.766918182373047
90496894,2017,2017-07-10,9625,2017-07-05,0543,018773,,3,3,9,1300,0,3,5,,2,050,"HOLT ROAD","NORRISH ROAD",778.00,N,N,B,-,N,,,,,,,,,,Y,3,0,1,1,A,-,08,22107,,N,E,I,A,A,H,-,B,D,0,,,,,Y,,A,01,0,1,0,0,0,0,0,0,0,"- ","- ",32.835639999999998,-115.38025,IMPERIAL,UNINCORPORATED,-115.38028597,32.834875709999999
90497497,2017,2017-07-10,9625,2017-07-03,0720,018279,,1,1,9,1300,0,1,3,,2,025,SR-78,"VISTA MINE RD",5808.00,W,N,A,-,Y,,,78,,,,,,,Y,3,0,5,1,A,-,08,22107,,N,F,A,A,A,H,-,A,D,0,,,,,Y,,A,07,0,2,3,0,0,0,0,0,0,"- ","- ",33.014989999999997,-115.00924999999999,IMPERIAL,UNINCORPORATED,-115.00925014000001,33.015057300000002
90499841,2017,2017-07-13,9625,2017-07-06,1240,018773,,4,1,9,1300,0,1,3,,1,054,"SR-111 N/B","WORTHINGTON ROAD",0.00,,Y,A,-,Y,,,111,,,,,,N,Y,4,0,2,2,A,-,12,21453,A,N,D,C,A,A,H,-,A,A,0,,,,,Y,,A,07,0,0,2,0,0,0,0,0,0,"- ","- ",32.847349999999999,-115.50745999999999,IMPERIAL,UNINCORPORATED,-115.50759797000001,32.847292209999999
90500131,2017,2017-07-13,9625,2017-07-07,1455,019582,,5,2,9,1300,0,1,1,,2,004,"I-8 W/B","DUNAWAY ROAD",5280.00,E,N,A,-,Y,,,8,,,,,,W,Y,3,0,2,2,A,-,08,22107,,N,D,C,A,A,H,-,A,D,0,,,,,Y,,D,22,0,2,0,0,0,0,0,0,0,"- ","- ",32.772550000000003,-115.78363,IMPERIAL,UNINCORPORATED,-115.78362444,32.772521189999999
90500250,2017,2017-07-13,9625,2017-07-04,1135,016248,,2,1,9,1300,0,3,5,,2,040,"LA BRUCHERIE ROAD","JASPER ROAD",0.00,,Y,A,-,N,,,,,,,,,,Y,4,0,3,2,A,-,09,21802,A,N,D,C,A,A,H,-,A,D,0,,,,,Y,,D,22,0,0,3,0,0,0,0,0,0,"- ","- ",32.709829999999997,-115.57756999999999,IMPERIAL,UNINCORPORATED,-115.57749001000001,32.710390019999998
90502320,2017,2017-07-17,9625,2017-07-13,1100,016248,,4,1,9,1300,0,1,3,,2,056,SR-115,"WRIGHT ROAD",1056.00,S,N,A,-,Y,,,115,,,,,,,Y,4,0,1,1,A,-,08,22107,,N,F,A,A,A,H,-,A,D,0,,,,Y,Y,,G,26,0,0,1,0,0,0,0,0,0,"- ","- ",32.864150000000002,-115.40576,IMPERIAL,UNINCORPORATED,-115.40620925,32.86414851
90502786,2017,2017-07-18,9625,2017-07-11,1446,020263,,2,2,9,1300,0,1,3,,1,054,"SR-111 (N/B)","EVAN HEWES HIGHWAY",1914.00,S,N,A,-,Y,,,111,,,,,,,Y,3,0,1,1,A,-,08,22107,,N,F,A,A,A,H,-,A,D,0,,,,,Y,,D,22,0,1,0,0,0,0,0,0,0,"- ","- ",32.79383,-115.5005,IMPERIAL,UNINCORPORATED,-115.50065779000001,32.793831689999998
90502788,2017,2017-07-18,9625,2017-07-13,1135,015701,,4,1,9,1300,0,1,1,,2,001,"MENVIELLE RD.",SR-98,521.00,S,N,A,-,N,,,,,,,,,,N,4,0,1,2,A,-,03,22350,,N,C,C,A,A,H,-,A,D,0,,,,,Y,,A,01,0,0,1,0,0,0,0,0,0,"- ","- ",32.692900000000002,-115.38717,IMPERIAL,UNINCORPORATED,-115.38719417999999,32.692326459999997
90502852,2017,2017-07-18,9625,2017-07-13,0545,018773,,4,3,9,1300,0,1,3,,1,021,"SR-111 SOUTHBOUND","BEACH ROAD",2112.00,N,N,A,-,Y,,,111,,,,,,S,Y,4,0,2,1,A,-,08,22107,,N,F,A,A,A,H,-,B,A,0,,,,,Y,,A,01,0,0,2,0,0,0,0,0,0,"- ","- ",33.268079999999998,-115.56518,IMPERIAL,UNINCORPORATED,-115.56513916999999,33.268113020000001
90503500,2017,2017-07-20,9625,2017-07-08,1930,017809,,6,2,9,1300,0,3,5,,2,010,"BAUGHMAN ROAD","MARTIN ROAD",50.00,E,N,A,-,N,,,,,,,,,,Y,3,0,1,2,A,-,08,22107,,N,B,C,A,A,H,-,B,D,0,,,,Y,Y,,D,22,0,1,0,0,0,0,0,0,0,"- ","- ",33.030079999999998,-115.63028,IMPERIAL,UNINCORPORATED,-115.62999775,33.030089619999998
90504210,2017,2017-07-19,9625,2017-07-07,0645,017055,,5,1,9,1300,0,1,3,,1,044,"SR-86 (S/B)","SCHARTZ ROAD",200.00,N,N,A,-,Y,,,86,,,,,,,Y,3,0,1,2,A,-,03,22350,,N,C,C,A,A,H,-,A,A,0,,,,,Y,,A,01,0,1,0,0,0,0,0,0,0,"- ","- ",32.942390000000003,-115.57026,IMPERIAL,UNINCORPORATED,-115.5701002,32.942389550000001
90505030,2017,2017-07-25,9625,2017-07-11,1553,019582,,2,2,9,1300,0,1,3,,1,054,"SR-111 S/B","KEYSTONE ROAD",0.00,,Y,A,-,Y,,,111,,,,,,S,Y,2,0,2,2,A,-,12,21453,A,N,D,C,A,A,H,-,A,A,0,,,,Y,Y,,F,27,1,0,1,0,0,0,0,0,0,"- ","- ",32.912700000000001,-115.5093,IMPERIAL,UNINCORPORATED,-115.50913813,32.912697170000001
90506649,2017,2017-07-24,9625,2017-07-15,1500,019667,,6,2,9,1300,0,1,3,,1,051,"SR-7 (S/B)","MENVIELLE RD",67.00,S,N,A,-,Y,,,7,,,,,,,Y,3,0,1,2,A,-,07,21658,A,N,B,C,A,A,H,-,A,A,0,,,Y,,Y,,C,02,0,1,0,0,0,0,0,0,1,"- ","- ",32.682630000000003,-115.38943999999999,IMPERIAL,UNINCORPORATED,-115.38947266,32.682681479999999
90506914,2017,2017-08-08,9620,2017-07-07,2130,017837,,5,2,9,1300,0,1,1,,2,082,"I-8 E/B",SR-186,1811.00,E,N,A,-,Y,,,8,,,,,,E,N,1,1,0,2,A,-,00,21960,,N,G,B,E,A,D,-,D,A,0,Y,,,Y,Y,Y,N,60,0,0,0,1,0,0,0,0,0,"- ","- ",32.742800000000003,-114.71420000000001,IMPERIAL,UNINCORPORATED,-114.71420307,32.742850799999999
90507030,2017,2017-07-24,9625,2017-07-19,0820,016248,,3,1,9,1300,0,2,4,,2,057,"EVAN HEWES HIGHWAY (W/B)","JAMES ROAD",1584.00,E,N,A,-,Y,,,,,,,,,,Y,4,0,3,2,A,-,08,22107,,N,C,E,A,A,H,-,A,D,0,,,,,Y,,A,01,0,0,3,0,0,0,0,0,0,"- ","- ",32.803449999999998,-115.45989,IMPERIAL,UNINCORPORATED,-115.46023468,32.803351399999997
90507063,2017,2017-07-24,9625,2017-07-22,1155,016248,,6,1,9,1300,0,1,3,,2,053,"SR-111 (S/B)","MCCABE ROAD",22.00,N,N,A,-,Y,,,111,,,,,,,Y,4,0,1,2,A,-,08,22107,,N,C,C,A,A,H,-,A,A,0,,,,,Y,,A,07,0,0,1,0,0,0,0,0,0,"- ","- ",32.752560000000003,-115.50082999999999,IMPERIAL,UNINCORPORATED,-115.50076224,32.752560680000002
90509251,2017,2017-07-26,9625,2017-07-18,1350,017809,,2,1,9,1300,0,1,3,,1,011,"STATE ROUTE 86 S/B","BANNISTER ROAD",148.00,N,N,A,-,Y,,,86,,,,,,S,Y,4,0,1,1,A,-,08,22107,,N,F,A,A,A,H,-,A,A,0,,,,,Y,,A,01,0,0,1,0,0,0,0,0,0,"- ","- ",33.058070000000001,-115.72669,IMPERIAL,UNINCORPORATED,-115.72663227,33.058107040000003
90510177,2017,2017-07-27,9625,2017-07-25,1920,018933,,2,2,9,1300,0,1,1,,2,005,"I-8 (E/B)","TOWLAND ROAD",4259.00,E,N,A,-,Y,,,8,,,,,,,Y,3,0,2,1,A,-,08,22107,,N,F,J,A,A,H,-,A,D,0,,,,,Y,,A,07,0,2,0,0,0,0,0,0,0,"- ","- ",32.773200000000003,-115.3531,IMPERIAL,UNINCORPORATED,-115.3531,32.773197170000003
90510213,2017,2017-07-27,9625,2017-06-17,1140,013781,,6,1,9,1300,0,3,5,,2,040,"MCCABE ROAD","LA BRUCHERIE ROAD",660.00,W,N,A,-,N,,,,,,,,,,N,1,1,0,1,B,-,22,,,N,E,I,A,A,H,-,A,D,0,,,,,Y,,M,46,0,0,0,0,0,0,0,0,0,"- ","- ",32.752389999999998,-115.57997,IMPERIAL,UNINCORPORATED,-115.57990372,32.752377109999998
90512916,2017,2017-07-31,9625,2017-05-20,1545,018792,,6,2,9,1300,0,3,5,,2,040,"IMLER ROAD","HUFF ROAD",179.00,E,N,A,-,N,,,,,,,,,,Y,1,1,0,1,A,-,01,23152,A,N,F,A,A,A,H,-,A,A,0,,,,,Y,Y,D,23,0,0,0,0,0,0,0,0,0,"- ","- ",32.909590000000001,-115.71462,IMPERIAL,UNINCORPORATED,-115.71532999999999,32.908909999999999
90512921,2017,2018-04-30,9625,2017-07-21,0254,019668,,5,3,9,1300,0,1,1,,2,005,"I-8 (E/B)","JEFFERY ROAD",260.00,W,N,A,-,Y,,,,,,,,,,Y,1,1,2,2,A,-,03,22350,,N,B,C,A,A,H,-,D,D,0,,,,,Y,,A,07,0,1,1,0,0,0,0,0,0,"- ","- ",32.77037,-115.76223,IMPERIAL,UNINCORPORATED,-115.76233139,32.773308470000003
90514043,2017,2017-08-01,9625,2017-07-20,1135,017727,,4,1,9,1300,0,1,1,,2,001,SR-115,"HERD ROAD",317.00,S,N,A,-,Y,,,115,,,,,,,Y,3,0,1,1,A,-,08,22107,,N,F,J,A,A,H,-,A,D,0,,,,,Y,,A,01,0,1,0,0,0,0,0,0,0,"- ","- ",33.0364,-115.44880000000001,IMPERIAL,UNINCORPORATED,-115.44886519000001,33.03639974
90514049,2017,2017-08-01,9625,2017-07-23,1025,017727,,7,1,9,1300,0,1,1,,2,004,"I-8 W/B","DUNAWAY ROAD",3696.00,E,N,A,-,Y,,,8,,,,,,W,Y,4,0,1,1,C,-,18,,,N,E,J,A,A,H,-,A,D,0,,,,,Y,,-,"- ",0,0,1,0,0,0,0,0,0,"- ","- ",32.771599999999999,-115.7886,IMPERIAL,UNINCORPORATED,-115.78858248,32.7715143
90514579,2017,2017-08-02,9625,2017-07-28,1550,020704,,5,2,9,1300,0,1,1,,2,002,"I-8 (W/B)","MOUNTAIN SPRINGS ROAD",3168.00,E,N,A,-,Y,,,8,,,,,,,Y,4,0,1,3,A,-,07,21658,A,N,B,C,A,A,H,-,A,A,0,,,,Y,Y,,F,21,0,0,1,0,0,0,0,0,0,"- ","- ",32.686250000000001,-116.09184999999999,IMPERIAL,UNINCORPORATED,-116.09177286000001,32.686271810000001
90515100,2017,2017-08-02,9625,2017-07-28,1138,016248,,5,1,9,1300,0,1,3,,2,053,"SR-111 S/B","JASPER ROAD",60.00,N,N,A,-,Y,,,111,,,,,,S,N,4,0,2,2,A,-,03,22350,,N,C,C,A,A,H,-,A,A,0,,,,,Y,,A,01,0,0,2,0,0,0,0,0,0,"- ","- ",32.709409999999998,-115.49947,IMPERIAL,UNINCORPORATED,-115.49942763,32.709410380000001
90516025,2017,2017-08-03,9625,2017-07-08,0540,018279,,6,3,9,1300,0,3,5,,2,050,"VENCIL ROAD","CONNELLY ROAD (SOUTH)",100.00,N,N,B,-,N,,,,,,,,,,Y,1,1,0,1,A,-,08,22107,,N,E,I,A,A,H,-,B,D,0,,,,,Y,,A,07,0,0,0,0,0,0,0,0,0,"- ","- ",32.73771,-115.35415999999999,IMPERIAL,UNINCORPORATED,-115.3544162,32.738311500000002
90516931,2017,2017-08-04,9625,2017-07-30,1305,018368,,7,1,9,1300,0,1,1,,2,004,"I-8 (W/B)",SR-98,1786.00,W,N,A,-,Y,,,8,,,,,,,Y,3,0,1,1,A,-,08,22107,,N,F,I,A,A,H,-,A,D,0,,,,,Y,,D,22,0,1,0,0,0,0,0,0,0,"- ","- ",32.726550000000003,-116.02876000000001,IMPERIAL,UNINCORPORATED,-116.02875967999999,32.726548149999999
90516956,2017,2017-08-04,9625,2017-08-01,1340,018792,,2,1,9,1300,0,1,1,,2,003,"I-8 E/B","DERRICK ROAD",3163.00,E,N,A,-,Y,,,8,,,,,,E,Y,4,0,1,1,C,-,18,,,N,F,A,A,A,H,-,A,D,0,,,,,Y,,-,"- ",0,0,1,0,0,0,0,0,0,"- ","- ",32.773859999999999,-115.70075,IMPERIAL,UNINCORPORATED,-115.70075002999999,32.773853770000002
90517112,2017,2017-08-07,9620,2017-06-04,0030,020555,,7,3,9,1300,0,1,3,,1,063,"SR-78 E/B","WALTERS CAMP RD",8448.00,W,N,A,-,Y,,,,,,,,,,Y,1,1,1,1,A,-,03,22350,,N,F,H,A,A,H,-,D,D,0,,,,,Y,,A,01,1,0,0,0,0,0,0,0,0,"- ","- ",32.724960000000003,-114.72257,IMPERIAL,UNINCORPORATED,-114.79733532,33.269029459999999
90517959,2017,2017-08-07,9625,2017-07-29,1835,018617,,6,2,9,1300,0,2,4,,2,047,"FORRESTER ROAD","LARSEN ROAD",596.00,S,N,A,-,N,,,,,,,,,,Y,3,0,2,1,A,-,08,22107,,N,E,I,A,A,H,-,E,D,0,,,,,Y,,A,01,0,2,0,0,0,0,0,0,0,"- ","- ",32.875889999999998,-115.62096,IMPERIAL,UNINCORPORATED,-115.62090575000001,32.874655680000004
90518688,2017,2017-08-08,9625,2017-07-29,0433,019668,,6,3,9,1300,0,3,5,,2,040,"CLARK ROAD","WILLOUGHBY ROAD",301.00,N,N,A,-,N,,,,,,,,,,Y,3,0,1,1,A,-,01,23152,A,N,E,I,A,A,H,-,D,D,0,,,,,Y,Y,A,01,0,1,0,0,0,0,0,0,0,"- ","- ",32.708460000000002,-115.55985,IMPERIAL,UNINCORPORATED,-115.56001995,32.709326359999999
90519210,2017,2017-08-08,9625,2017-08-02,1343,018933,,3,1,9,1300,0,3,5,,2,050,"SR-7 SOUTHBOUND","HEBER ROAD",6811.00,S,N,A,-,Y,,,7,,,,,,S,Y,3,0,1,1,A,-,08,22107,,N,F,I,A,A,H,-,A,D,0,,,,,Y,,A,07,0,1,0,0,0,0,0,0,0,"- ","- ",32.712180000000004,-115.38303000000001,IMPERIAL,UNINCORPORATED,-115.38300173,32.71217893
90520208,2017,2017-08-09,9625,2017-08-04,1415,020704,,5,2,9,1300,0,1,3,,1,042,SR-98,"DREW ROAD",1584.00,W,N,C,G,Y,,,98,,,,,,,Y,4,0,1,1,A,-,08,22107,,N,F,A,A,B,H,-,A,D,0,,,,,Y,,A,01,0,0,1,0,0,0,0,0,0,"- ","- ",32.67812,-115.675,IMPERIAL,UNINCORPORATED,-115.67501884000001,32.67831709
90520984,2017,2017-08-10,9620,2017-08-05,1745,018734,,6,2,9,1300,0,1,3,,1,063,SR-78,"BUTLER RD",5808.00,W,N,A,-,Y,,,78,,,,,,,Y,2,0,2,2,A,-,03,22350,,N,D,D,A,A,H,-,A,D,0,,,,,Y,,A,01,1,0,1,0,0,0,0,0,0,"- ","- ",33.389400000000002,-114.72166,IMPERIAL,UNINCORPORATED,-114.72180378,33.389404470000002
90522135,2017,2017-08-14,9620,2017-08-05,1110,016015,Quech,6,1,9,1300,0,3,5,,2,070,"ARNOLD ROAD","COCOPAH RD",319.00,W,N,A,-,N,,,,,,,,,,Y,3,0,2,2,D,-,00,,,N,B,C,A,A,D,E,A,A,0,,,,,Y,,-,"- ",0,1,1,0,0,0,0,0,0,"- ","- ",32.752809999999997,-114.5966,IMPERIAL,UNINCORPORATED,-114.59623951,32.752800010000001
90522708,2017,2017-08-14,9625,2017-08-06,0245,019667,,7,3,9,1300,0,1,1,,2,004,"I-8 W/B FROM DUNAWAY ROAD S/B","DUNAWAY ROAD",135.00,W,N,A,-,Y,,,8,,,,R,,W,Y,3,0,1,1,A,-,01,23152,F,N,E,I,A,A,H,-,D,D,0,,,,,Y,,A,07,0,1,0,0,0,0,0,0,0,"- ","- ",32.769869999999997,-115.80088000000001,IMPERIAL,UNINCORPORATED,-115.80088000000001,32.769869999999997
90523014,2017,2017-08-14,9625,2017-08-02,1345,017809,,3,1,9,1300,0,3,5,,2,020,"BEST ROAD","RUTHERFORD ROAD",5255.00,S,N,A,-,N,,,,,,,,,,Y,4,0,1,2,A,-,08,22107,,N,D,C,A,A,H,-,A,D,0,,,,,Y,,A,07,0,0,1,0,0,0,0,0,0,"- ","- ",33.030630000000002,-115.50924000000001,IMPERIAL,UNINCORPORATED,-115.50924999999999,33.03013902
90523055,2017,2017-08-14,9625,2017-08-03,1600,020516,,4,2,9,1300,0,1,1,,2,005,"I-8 (E/B)",SR-111,5280.00,W,N,B,C,Y,,,8,,,,,,,Y,4,0,1,2,A,-,03,22350,,N,C,C,A,B,H,-,A,D,0,,,,,Y,,A,01,0,0,1,0,0,0,0,0,0,"- ","- ",32.77373,-115.5175,IMPERIAL,UNINCORPORATED,-115.5175,32.773731810000001
90523661,2017,2017-08-15,9625,2017-08-03,1940,018933,,4,2,9,1300,0,1,1,,2,003,"I-8 E/B","SILSBEE ROAD",4488.00,W,N,A,-,Y,,,8,,,,,,E,Y,4,0,1,2,A,-,08,22107,,N,C,C,A,A,H,-,B,D,0,,,,,Y,,A,01,0,0,1,0,0,0,0,0,0,"- ","- ",32.773870000000002,-115.66128,IMPERIAL,UNINCORPORATED,-115.66128003999999,32.773801069999998
90523670,2017,2017-08-15,9625,2017-08-08,0740,018773,,2,1,9,1300,0,3,5,,2,050,"BARBARA WORTH ROAD","EVAN HEWES HIGHWAY",5434.00,S,N,A,-,N,,,,,,,,,,Y,4,0,1,2,A,-,03,22350,,N,E,I,A,A,H,-,A,D,0,,,,,Y,,E,22,0,0,1,0,0,0,0,0,0,"- ","- ",32.788580000000003,-115.4308,IMPERIAL,UNINCORPORATED,-115.43074000999999,32.788919079999999
90523905,2017,2017-08-15,9625,2017-08-04,2010,020516,,5,2,9,1300,0,3,5,,2,050,"PITZER ROAD","MCCABE ROAD",0.00,,Y,A,-,N,,,,,,,,,,Y,4,0,1,2,A,-,17,21461,A,N,D,C,A,A,H,-,C,A,0,,,,,Y,,A,01,0,0,1,0,0,0,0,0,0,"- ","- ",32.752429999999997,-115.51756,IMPERIAL,UNINCORPORATED,-115.51763001,32.752460079999999
90523991,2017,2017-08-15,9625,2017-08-08,0605,018279,,2,1,9,1300,0,3,5,,2,020,"HOVLEY RD","ANDRE ROAD",2640.00,S,N,A,-,N,,,,,,,,,,Y,4,0,2,2,A,-,03,22350,,N,C,C,A,A,H,-,B,D,0,,,,,Y,,A,01,0,0,2,0,0,0,0,0,0,"- ","- ",33.005070000000003,-115.54406,IMPERIAL,UNINCORPORATED,-115.54409004999999,33.008284889999999
90524814,2017,2017-08-18,9625,2017-08-09,2045,020704,,3,2,9,1300,0,3,5,,2,040,"WIEMAN ROAD","CADY ROAD",0.00,,Y,A,-,N,,,,,,,,,,Y,4,0,2,1,A,-,03,22350,,N,E,I,A,A,H,-,D,A,0,,,,,Y,,A,01,0,0,2,0,0,0,0,0,0,"- ","- ",32.977289999999996,-115.65857,IMPERIAL,UNINCORPORATED,-115.65867012,32.97741001
90524836,2017,2017-08-16,9625,2017-08-05,1755,018933,,6,2,9,1300,0,3,5,,2,040,"IN-KO-PAH PARK ROAD","I-8 E/B TO IN-KO-PAH PARK RD",2900.00,E,N,A,-,N,,,,,,,,,,Y,4,0,1,1,A,-,03,22350,,N,F,A,A,A,H,-,A,D,0,,,Y,,Y,,C,02,0,0,1,0,0,0,0,0,1,"- ","- ",32.653480000000002,-116.10102000000001,IMPERIAL,UNINCORPORATED,-116.10102000000001,32.653480000000002
90524849,2017,2017-08-16,9625,2017-08-04,1738,018792,,5,2,9,1300,0,1,3,,1,021,"SR-111 N/B","RUTHERFORD ROAD",458.00,S,N,A,-,Y,,,111,,,,,,N,Y,3,0,2,1,A,-,01,23152,A,N,F,A,A,A,H,-,A,A,0,,,,,Y,Y,A,01,0,2,0,0,0,0,0,0,0,"- ","- ",33.043050000000001,-115.52735,IMPERIAL,UNINCORPORATED,-115.52728668,33.04306407