CASE_ID,ACCIDENT_YEAR,PROC_DATE,JURIS,COLLISION_DATE,COLLISION_TIME,OFFICER_ID,REPORTING_DISTRICT,DAY_OF_WEEK,CHP_SHIFT,POPULATION,CNTY_CITY_LOC,SPECIAL_COND,BEAT_TYPE,CHP_BEAT_TYPE,CITY_DIVISION_LAPD,CHP_BEAT_CLASS,BEAT_NUMBER,PRIMARY_RD,SECONDARY_RD,DISTANCE,DIRECTION,INTERSECTION,WEATHER_1,WEATHER_2,STATE_HWY_IND,CALTRANS_COUNTY,CALTRANS_DISTRICT,STATE_ROUTE,ROUTE_SUFFIX,POSTMILE_PREFIX,POSTMILE,LOCATION_TYPE,RAMP_INTERSECTION,SIDE_OF_HWY,TOW_AWAY,COLLISION_SEVERITY,NUMBER_KILLED,NUMBER_INJURED,PARTY_COUNT,PRIMARY_COLL_FACTOR,PCF_CODE_OF_VIOL,PCF_VIOL_CATEGORY,PCF_VIOLATION,PCF_VIOL_SUBSECTION,HIT_AND_RUN,TYPE_OF_COLLISION,MVIW,PED_ACTION,ROAD_SURFACE,ROAD_COND_1,ROAD_COND_2,LIGHTING,CONTROL_DEVICE,CHP_ROAD_TYPE,PEDESTRIAN_ACCIDENT,BICYCLE_ACCIDENT,MOTORCYCLE_ACCIDENT,TRUCK_ACCIDENT,NOT_PRIVATE_PROPERTY,ALCOHOL_INVOLVED,STWD_VEHTYPE_AT_FAULT,CHP_VEHTYPE_AT_FAULT,COUNT_SEVERE_INJ,COUNT_VISIBLE_INJ,COUNT_COMPLAINT_PAIN,COUNT_PED_KILLED,COUNT_PED_INJURED,COUNT_BICYCLIST_KILLED,COUNT_BICYCLIST_INJURED,COUNT_MC_KILLED,COUNT_MC_INJURED,PRIMARY_RAMP,SECONDARY_RAMP,LATITUDE,LONGITUDE,COUNTY,CITY,POINT_X,POINT_Y
90617785,2017,2017-12-14,9625,2017-12-09,2210,020111,,6,3,4,1304,0,1,1,,2,004,"W/B I-8","LA BRUCHERIE ROAD",4752.00,W,N,A,-,Y,,,,,,,,,,Y,3,0,1,2,A,-,03,22350,,N,C,C,A,A,H,-,D,D,0,,,,,Y,,A,01,0,1,0,0,0,0,0,0,0,"- ","- ",32.774030000000003,-115.59246,IMPERIAL,"EL CENTRO",,
90618324,2017,2017-12-15,9625,2017-12-05,0630,019886,,2,1,9,1300,0,1,1,,2,003,"INTERSTATE 8 EASTBOUND","DUNAWAY ROAD",11827.00,W,N,A,-,Y,,,8,,,,,,E,Y,3,0,1,2,A,-,08,22107,,N,D,C,A,A,H,-,A,D,0,,,,Y,Y,,F,26,0,1,0,0,0,0,0,0,0,"- ","- ",32.760910000000003,-115.83778,IMPERIAL,UNINCORPORATED,-115.83783533,32.76118417
90618666,2017,2017-12-15,9625,2017-12-06,1230,016248,,3,1,9,1300,0,1,3,,2,055,SR-115,"BRIDENSTINE ROAD",0.00,,Y,A,-,Y,,,115,,,,,,,Y,4,0,2,3,A,-,09,21802,A,N,D,C,A,A,H,-,A,A,0,,,,,Y,,D,22,0,0,2,0,0,0,0,0,0,"- ","- ",32.811219999999999,-115.35444,IMPERIAL,UNINCORPORATED,-115.35444,32.811131860000003
90619879,2017,2017-12-18,9625,2017-12-13,1335,018279,,3,1,9,1300,0,2,4,,2,057,"EVAN HEWES W/B","BARBARA WORTH ROAD",1584.00,W,N,A,-,N,,,,,,,,,,Y,3,0,1,1,A,-,08,22107,,N,F,A,A,A,H,-,A,D,0,,,,,Y,,A,01,0,1,0,0,0,0,0,0,0,"- ","- ",32.803350000000002,-115.43647,IMPERIAL,UNINCORPORATED,-115.43559698,32.803389199999998
90620591,2017,2017-12-19,9625,2017-12-08,1920,018792,,5,2,9,1300,0,1,3,,2,052,SR-98,"DAVID NAVARRO AVE.",2112.00,W,N,A,-,Y,,,98,,,,,,,Y,3,0,1,3,A,-,03,22350,,N,C,C,A,A,H,-,C,D,0,,,,,Y,,D,22,0,1,0,0,0,0,0,0,0,"- ","- ",32.67924,-115.52549999999999,IMPERIAL,UNINCORPORATED,-115.52549999999999,32.679242440000003
90620631,2017,2017-12-19,9625,2017-12-09,0352,018773,,6,3,9,1300,0,1,3,,2,053,"SR-111 S/B","MCCABE ROAD",88.00,N,N,A,-,Y,,,111,,,,,,S,Y,3,0,1,2,A,-,01,23152,A,N,C,C,A,A,H,-,D,A,0,,,,Y,Y,Y,A,01,0,1,0,0,0,0,0,0,0,"- ","- ",32.752650000000003,-115.50081,IMPERIAL,UNINCORPORATED,-115.50076314,32.752650469999999
90621300,2017,2017-12-20,9625,2017-12-13,1636,018792,,3,2,9,1300,0,3,5,,2,040,"ROSS ROAD","FORRESTER ROAD",0.00,,Y,A,-,N,,,,,,,,,,Y,3,0,1,2,A,-,09,21802,A,N,D,C,A,A,H,-,B,A,0,,,,,Y,,A,01,0,1,0,0,0,0,0,0,0,"- ","- ",32.78143,-115.62066,IMPERIAL,UNINCORPORATED,-115.62064002,32.781420109999999
90621311,2017,2017-12-20,9625,2017-12-13,1601,018279,,3,2,9,1300,0,2,4,,2,046,"DOGWOOD RD S/B","MCCABE ROAD",0.00,,Y,A,-,N,,,,,,,,,,Y,4,0,1,1,A,-,08,22107,,N,F,A,A,A,H,-,B,A,0,,,,,Y,,A,07,0,0,1,0,0,0,0,0,0,"- ","- ",32.752369999999999,-115.53489,IMPERIAL,UNINCORPORATED,-115.53493004000001,32.752370040000002
90621329,2017,2017-12-20,9625,2017-12-14,1740,018792,,4,2,9,1300,0,3,5,,2,010,"BORREGO SALTON SEA WAY","HOLLY RD",1637.00,E,N,A,-,N,,,,,,,,,,Y,3,0,1,1,A,-,08,22107,,N,F,A,A,A,H,-,D,D,0,,,,,Y,,A,01,0,1,0,0,0,0,0,0,0,"- ","- ",33.263730000000002,-116.00073999999999,IMPERIAL,UNINCORPORATED,-116.00090019,33.26371966
90621364,2017,2017-12-20,9625,2017-12-09,0745,015990,,6,1,9,1300,0,1,3,,1,012,"SR-86 N/B","DESERT SHORES DRIVE",1584.00,N,N,A,-,Y,,,,,,,,,,Y,3,0,1,2,A,-,07,21658,A,N,B,C,A,A,H,-,A,D,0,,,,,Y,,A,01,0,1,0,0,0,0,0,0,0,"- ","- ",33.098599999999998,-116.04693,IMPERIAL,UNINCORPORATED,-116.04689341,33.409708119999998
90621389,2017,2017-12-20,9625,2017-12-15,1430,019035,,5,2,9,1300,0,3,5,,2,040,"EVAN HEWES HIGHWAY","DUNAWAY ROAD",35376.00,W,N,A,-,N,,,,,,,,,,Y,4,0,2,1,A,-,08,22107,,N,E,I,A,A,H,-,A,D,0,,,,,Y,,A,07,0,0,2,0,0,0,0,0,0,"- ","- ",32.7654,-115.9263,IMPERIAL,UNINCORPORATED,-115.90959796,32.774231710000002
90622470,2017,2017-12-21,9625,2017-12-15,1525,018279,,5,2,9,1300,0,1,3,,2,053,"SR-111 S/B","MCCABE ROAD",2112.00,N,N,A,-,Y,,,111,,,,,,S,Y,4,0,3,4,A,-,03,22350,,M,C,C,A,A,H,-,A,D,0,,,,,Y,,A,07,0,0,3,0,0,0,0,0,0,"- ","- ",32.758980000000001,-115.5009,IMPERIAL,UNINCORPORATED,-115.50084185999999,32.75898093
90625853,2017,2017-12-25,9620,2017-12-18,1620,020738,,1,2,9,1300,0,3,5,,2,070,"BASELINE ROAD","ARNOLD RD",1584.00,N,N,A,-,N,,,,,,,,,,Y,4,0,3,2,A,-,03,22350,,N,C,C,A,A,H,-,A,D,0,,,,,Y,,A,07,0,0,3,0,0,0,0,0,0,"- ","- ",32.75732,-114.59898,IMPERIAL,UNINCORPORATED,-114.59895494,32.757121929999997
90628012,2017,2017-12-27,9625,2017-12-21,2157,018930,,4,2,9,1300,0,1,3,,1,011,"SR-86 N/B","POE ROAD",774.00,N,N,A,-,Y,,,86,,,,,,N,Y,3,0,2,1,A,-,08,22107,,N,F,A,A,A,H,-,D,D,0,,,,,Y,,A,01,0,1,1,0,0,0,0,0,0,"- ","- ",33.082500000000003,-115.7564,IMPERIAL,UNINCORPORATED,-115.75638608,33.082559179999997
90628055,2017,2017-12-27,9625,2017-12-25,2018,019035,,1,2,9,1300,0,2,4,,2,057,"EVAN HEWES HIGHWAY","COUNTRY CLUB DRIVE",120.00,W,N,A,-,N,,,,,,,,,,Y,4,0,1,1,A,-,08,22107,,N,F,A,A,A,H,-,D,D,0,,,,,Y,,A,01,0,0,1,0,0,0,0,0,0,"- ","- ",32.804499999999997,-115.42230000000001,IMPERIAL,UNINCORPORATED,-115.4223568,32.804401740000003
90628768,2017,2017-12-28,9620,2017-12-21,1115,15647,,4,1,9,1300,0,1,3,,1,063,SR-78,"MIDWAY WELL RD",5280.00,E,N,A,G,Y,,,78,,,,,,,Y,3,0,1,1,A,-,08,22107,,N,E,I,A,A,H,-,A,D,0,,,,,Y,,A,01,0,1,0,0,0,0,0,0,0,"- ","- ",33.230910000000002,-114.84555,IMPERIAL,UNINCORPORATED,-114.84569909,33.231056809999998
90629811,2017,2017-12-29,9620,2017-12-26,2020,018247,,2,2,9,1300,0,1,1,,2,082,"I-8 W/B",SR-98,3696.00,E,N,A,-,Y,,,8,,,,,,W,Y,3,0,1,1,A,-,03,22350,,N,F,A,A,A,H,-,D,D,0,,,,,Y,,A,01,0,1,0,0,0,0,0,0,0,"- ","- ",32.708190000000002,-115.07727,IMPERIAL,UNINCORPORATED,-115.07726988,32.708105140000001
90630048,2017,2017-12-29,9625,2017-12-22,1105,020263,,5,1,9,1300,0,1,3,,2,053,"SR-111 SOUTHBOUND",SR-86,80.00,N,N,A,-,Y,,,111,,,,,,S,N,4,0,2,2,A,-,03,22350,,N,C,C,A,A,H,-,A,D,0,,,,,Y,,A,01,0,0,2,0,0,0,0,0,0,"- ","- ",32.730980000000002,-115.50005,IMPERIAL,UNINCORPORATED,-115.50041375000001,32.730972110000003
90630650,2017,2018-01-02,9620,2017-12-26,2030,016222,,2,2,9,1300,0,1,1,,2,082,"INTERSTATE 8","SEMINOLE ROAD",1584.00,W,N,A,-,Y,,,8,,,,,,,Y,4,0,1,2,A,-,07,21658,A,N,C,C,A,A,H,-,D,D,0,,,,,Y,,A,01,0,0,1,0,0,0,0,0,0,"- ","- ",32.74436,-114.70834000000001,IMPERIAL,UNINCORPORATED,-114.70831032,32.744291330000003
90632002,2017,2018-01-03,9625,2017-12-21,1556,019035,,4,2,9,1300,0,1,1,,2,003,"INTERSTATE 8 EASTBOUND","LA BRUCHERIE ROAD",590.00,E,N,A,-,Y,,,8,,,,,,E,Y,3,0,2,1,A,-,08,22107,,N,F,A,A,A,H,-,A,D,0,,,,,Y,,A,01,0,1,1,0,0,0,0,0,0,"- ","- ",32.773800000000001,-115.5766,IMPERIAL,UNINCORPORATED,-115.57660002,32.773802789999998
90632037,2017,2018-01-03,9625,2017-12-26,0330,020111,,2,3,9,1300,0,2,4,,2,057,"E/B EVAN HEWES HWY","MCCONNELL ROAD",635.00,W,N,A,-,N,,,,,,,,,,Y,3,0,1,1,A,-,08,22107,,N,F,A,A,A,H,-,D,D,0,,,,,Y,,A,01,0,1,0,0,0,0,0,0,0,"- ","- ",32.802790000000002,-115.48598,IMPERIAL,UNINCORPORATED,-115.48604965,32.80288607
90632070,2017,2018-01-03,9625,2017-12-21,1133,013627,,4,1,9,1300,0,2,4,,2,046,"DOGWOOD ROAD","N. MCCABE ROAD",80.00,S,N,A,-,N,,,,,,,,,,Y,3,0,2,2,A,-,04,21703,,N,C,C,A,A,H,-,A,A,0,,,,,Y,,A,01,0,2,0,0,0,0,0,0,0,"- ","- ",32.753050000000002,-115.53485000000001,IMPERIAL,UNINCORPORATED,-115.53491364,32.7521518
90632201,2017,2018-01-03,9620,2017-12-28,1541,020738,,4,2,9,1300,0,1,1,,2,081,"I-8 E/B","GORDONS WELL",10032.00,E,N,A,-,Y,,,8,,,,,,E,Y,4,0,1,1,A,-,08,22107,,N,F,I,A,A,H,-,A,D,0,,,,,Y,,A,01,0,0,1,0,0,0,0,0,0,"- ","- ",32.711950000000002,-114.925,IMPERIAL,UNINCORPORATED,-114.92502431,32.712009780000002
90632945,2017,2018-01-04,9625,2017-12-24,1715,019667,,7,2,9,1300,0,3,5,,2,040,"AUSTIN ROAD","ATEN ROAD",0.00,,Y,A,-,N,,,,,,,,,,Y,3,0,1,2,A,-,09,21802,B,N,D,C,A,A,H,-,C,A,0,,,,,Y,,D,22,0,1,0,0,0,0,0,0,0,"- ","- ",32.825519999999997,-115.59469,IMPERIAL,UNINCORPORATED,-115.59498008,32.825510049999998
90633258,2017,2018-01-04,9625,2017-12-27,1108,016248,,3,1,9,1300,0,2,4,,2,046,"DOGWOOD ROAD","MC CABE ROAD",91.00,S,N,A,-,N,,,,,,,,,,N,4,0,2,2,A,-,03,22350,,N,C,C,A,A,H,-,A,A,0,,,,,Y,,A,07,0,0,2,0,0,0,0,0,0,"- ","- ",32.753019999999999,-115.53485000000001,IMPERIAL,UNINCORPORATED,-115.53491138,32.752121799999998
90633265,2017,2018-01-17,9625,2017-12-28,1310,015990,,4,1,9,1300,0,1,3,,1,011,"SR-86 N/B",SR-78,400.00,S,N,A,-,Y,,,,,,,,,,Y,3,0,4,4,A,-,03,22350,,N,C,C,A,A,H,-,A,D,0,,,,Y,Y,,D,22,0,4,0,0,0,0,0,0,0,"- ","- ",33.072839999999999,-115.51164,IMPERIAL,UNINCORPORATED,-115.85464238,33.124746379999998
90634928,2017,2018-01-08,9625,2017-12-28,0807,013627,,4,1,9,1300,0,1,3,,2,053,"STATE ROUTE 111 (S/B)","MCCABE ROAD",93.00,N,N,A,-,Y,,,111,,,,,,,Y,3,0,1,3,A,-,03,22350,,N,C,C,A,A,H,-,A,D,0,,,,,Y,,A,01,0,1,0,0,0,0,0,0,0,"- ","- ",32.75311,-115.50085,IMPERIAL,UNINCORPORATED,-115.50076901,32.753111060000002
90635067,2017,2018-01-08,9625,2017-12-31,0251,018464,,7,3,9,1300,0,1,1,,2,006,"I-8 W/B","ANDERHOLT ROAD",385.00,W,N,A,-,Y,,,8,,,,,,W,Y,3,0,1,1,A,-,01,23152,A,N,E,J,A,A,H,-,D,A,0,,,,,Y,Y,D,22,0,1,0,0,0,0,0,0,0,"- ","- ",32.77364,-115.4147,IMPERIAL,UNINCORPORATED,-115.41470009,32.773538700000003
90635158,2018,2018-01-08,9625,2018-01-02,0940,013627,,2,1,9,1300,0,1,1,,2,005,"INTERSTATE 8 (E/B) TRANS TO SR-111 N/B","STATE ROUTE 111 N/B",356.00,E,N,A,-,Y,,,8,,,,R,,,Y,3,0,1,1,A,-,03,22350,,N,E,I,A,A,D,-,A,D,0,,,,,Y,,A,01,0,1,0,0,0,0,0,0,0,"- ","- ",32.773380279541016,-115.50006103515625,IMPERIAL,UNINCORPORATED,-115.50006103515625,32.773380279541016
90635448,2017,2018-01-08,9620,2017-12-28,2130,016222,,4,2,9,1300,0,1,3,,1,063,"STATE ROUTE 78","STALLARD ROAD",2112.00,W,N,A,-,Y,,,78,,,,,,,Y,4,0,1,2,A,-,08,22107,,N,C,C,A,A,H,-,D,D,0,,,,Y,Y,,G,25,0,0,1,0,0,0,0,0,0,"- ","- ",33.352800000000002,-114.72242,IMPERIAL,UNINCORPORATED,-114.72247333999999,33.352789450000003
90636464,2018,2018-01-09,9620,2018-01-03,1707,020738,,3,2,9,1300,0,1,3,,1,062,SR-186,"I-8 EASTBOUND",5280.00,S,N,B,-,Y,,,186,,,,,,,N,4,0,1,2,A,-,03,22350,,F,C,C,A,A,H,-,D,D,0,,,Y,,Y,,A,01,0,0,1,0,0,0,0,0,1,"- ","- ",32.739299774169922,-114.71903228759766,IMPERIAL,UNINCORPORATED,-114.71906280517578,32.739265441894531
90637131,2018,2018-01-10,9625,2018-01-04,0600,016248,,4,1,9,1300,0,2,4,,2,057,"MELOLAND ROAD","EVAN HEWES HIGHWAY",0.00,,Y,A,-,N,,,,,,,,,,Y,4,0,2,2,A,-,09,21802,A,N,D,C,A,A,H,-,B,A,0,,,,,Y,,A,01,0,0,2,0,0,0,0,0,0,"- ","- ",32.802951812744141,-115.44785308837891,IMPERIAL,UNINCORPORATED,-115.44799041748047,32.803329467773438
90637522,2018,2018-01-10,9625,2018-01-07,0006,019668,,7,3,9,1300,0,3,5,,2,010,"GENTRY ROAD","WALKER ROAD",15.00,W,N,A,-,N,,,,,,,,,,Y,4,0,1,1,A,-,03,22350,,N,E,I,A,A,H,-,D,D,0,,,,,Y,,J,48,0,0,1,0,0,0,0,0,0,"- ","- ",33.074878692626953,-115.61486053466797,IMPERIAL,UNINCORPORATED,-115.61444854736328,33.075550079345703
90637602,2018,2018-01-10,9625,2018-01-06,0855,013781,,6,1,9,1300,0,1,1,,2,003,"I-8 EASTBOUND OFF-RAMP","4TH STREET",13.00,W,N,A,-,Y,,,,,,,,,,N,3,0,1,2,A,-,10,21950,A,N,G,B,B,A,H,-,A,A,0,Y,,,,Y,,A,01,0,1,0,0,1,0,0,0,0,"- ","- ",32.773109436035156,-115.55239868164062,IMPERIAL,UNINCORPORATED,,
90638244,2018,2018-01-11,9620,2018-01-06,2015,017837,,6,2,9,1300,0,1,1,,2,082,"I-8 W/B","WINTERHAVEN DR",5280.00,W,N,A,-,Y,,,8,,,,,,W,Y,2,0,1,1,C,-,18,,,N,H,H,A,A,H,-,D,D,0,,,,,Y,,-,"- ",1,0,0,0,0,0,0,0,0,"- ","- ",32.737678527832031,-114.66230773925781,IMPERIAL,UNINCORPORATED,-114.66230773925781,32.737686157226562
90638438,2018,2018-08-31,9625,2018-01-05,1430,019035,,5,2,9,1300,0,3,5,,2,050,"MERIDIAN ST.","BLOOMFIELD ST.",287.00,W,N,A,-,N,,,,,,,,,,Y,4,0,1,2,A,-,08,22107,,N,B,E,A,A,H,-,A,D,0,,,,,Y,,A,07,0,0,1,0,0,0,0,0,0,"- ","- ",32.733299255371094,-115.52259826660156,IMPERIAL,UNINCORPORATED,-115.52238464355469,32.733264923095703
9064109,2020,2020-05-14,1304,2020-02-25,1442,335,ELCE,2,5,4,1304,0,0,0,,0,EAST,7TH,PARK,0.00,,Y,A,-,N,,,,,,,,,,N,4,0,1,2,A,-,09,21804,A,N,D,G,A,A,H,-,A,A,0,,Y,,,Y,,L,04,0,0,1,0,0,0,1,0,0,"- ","- ",,,IMPERIAL,"EL CENTRO",-115.55912780761719,32.795860290527344
90641567,2018,2018-01-17,9625,2018-01-07,0505,013627,,7,3,9,1300,0,1,3,,2,052,"STATE ROUTE 98","BONDS CORNER ROAD",4488.00,E,N,B,-,Y,,,98,,,,,,,Y,3,0,1,1,A,-,08,22107,,N,F,A,A,A,H,-,D,D,0,,,,,Y,,D,22,0,1,0,0,0,0,0,0,0,"- ","- ",32.693828582763672,-115.32235717773438,IMPERIAL,UNINCORPORATED,-115.32236480712891,32.693889617919922
90641628,2018,2018-01-17,9625,2018-01-08,0226,018010,,1,3,9,1300,0,1,3,,2,024,SR-78,SR-115,715.00,W,N,A,-,Y,,,78,,,,,,,Y,3,0,1,1,A,-,01,23152,A,N,E,I,A,A,H,-,C,D,0,,,,,Y,Y,A,01,0,1,0,0,0,0,0,0,0,"- ","- ",32.974349975585938,-115.40804290771484,IMPERIAL,UNINCORPORATED,-115.40794372558594,32.974269866943359
90642101,2018,2018-01-17,9625,2018-01-09,1750,017809,,2,2,9,1300,0,3,5,,2,010,"LACK ROAD","CADY ROAD",3220.00,N,N,B,-,N,,,,,,,,,,Y,2,0,4,1,A,-,08,22107,,N,F,A,A,A,C,-,D,D,0,,,,,Y,,A,08,4,0,0,0,0,0,0,0,0,"- ","- ",32.98590087890625,-115.64990997314453,IMPERIAL,UNINCORPORATED,-115.65000152587891,32.986209869384766
90647860,2018,2018-01-25,9625,2018-01-18,1430,018792,,4,2,9,1300,0,2,4,,2,046,"DOGWOOD ROAD","HARRIS ROAD",0.00,,Y,A,-,N,,,,,,,,,,Y,3,0,2,2,A,-,05,21460,C,N,B,C,A,A,H,-,A,A,0,,,,,Y,,A,01,0,2,0,0,0,0,0,0,0,"- ","- ",32.883621215820312,-115.53547668457031,IMPERIAL,UNINCORPORATED,-115.53549957275391,32.883651733398438
90650193,2018,2018-01-29,9625,2018-01-16,0755,015990,,2,1,9,1300,0,1,3,,1,011,"SR-86 S/B","LACK ROAD",0.00,,Y,A,-,Y,,,86,,,,,,S,Y,2,0,3,2,A,-,09,21803,A,N,D,C,A,A,H,-,A,D,0,,,,Y,Y,,G,25,1,2,0,0,0,0,0,0,0,"- ","- ",33.036998748779297,-115.64740753173828,IMPERIAL,UNINCORPORATED,-115.64740753173828,33.037086486816406
90651630,2018,2018-01-30,9625,2018-01-26,2305,019667,,5,3,9,1300,0,1,1,,2,002,"W/B INTERSTATE 8","MOUNTAIN SPRINGS ROAD",2996.00,E,N,A,-,Y,,,8,,,,,,,Y,3,0,2,2,A,-,03,22350,,N,C,C,A,A,H,-,D,D,0,,,,,Y,,A,01,0,1,1,0,0,0,0,0,0,"- ","- ",32.683631896972656,-116.09129333496094,IMPERIAL,UNINCORPORATED,-116.09130096435547,32.683631896972656
90652028,2018,2018-01-31,9625,2018-01-21,1035,017727,,7,1,9,1300,0,1,3,,1,011,"SR-86 (N/B)",SR-78,636.00,S,N,A,-,Y,,,86,,,,,,,Y,3,0,2,3,A,-,03,22350,,N,C,C,A,A,H,-,A,D,0,,,Y,,Y,,D,22,0,2,0,0,0,0,0,0,2,"- ","- ",33.124801635742188,-115.85459899902344,IMPERIAL,UNINCORPORATED,-115.85467529296875,33.124759674072266
90652265,2018,2018-01-31,9625,2018-01-28,0500,020263,,7,3,9,1300,0,3,5,,2,040,"LA BRUCHERIE ROAD","WAHL ROAD",4224.00,S,N,A,-,N,,,,,,,,,,Y,3,0,1,1,A,-,01,23152,A,N,E,I,A,A,H,-,D,D,0,,,,,Y,Y,A,01,0,1,0,0,0,0,0,0,0,"- ","- ",32.713230133056641,-115.57720947265625,IMPERIAL,UNINCORPORATED,-115.57868194580078,32.818508148193359
90652303,2018,2018-01-31,9625,2018-01-29,0406,019668,,1,3,9,1300,0,1,1,,2,002,"I-8 WESTBOUND","IMPERIAL HIGHWAY",23.00,E,N,A,-,Y,,,8,,,,,,W,Y,4,0,1,2,A,-,03,22350,,N,C,C,A,A,H,-,D,D,0,,,,,Y,,A,01,0,0,1,0,0,0,0,0,0,"- ","- ",32.734500885009766,-115.99420166015625,IMPERIAL,UNINCORPORATED,-115.99419403076172,32.734462738037109
90653291,2018,2018-02-01,9625,2018-01-25,0725,022010,,4,1,9,1300,0,1,1,,2,001,"INTERSTATE 8 EASTBOUND",SR-98,4752.00,W,N,A,-,Y,,,8,,,,,,E,Y,4,0,1,1,A,-,08,22107,,N,E,I,A,A,H,-,A,D,0,,,,,Y,,A,01,0,0,1,0,0,0,0,0,0,"- ","- ",32.724349975585938,-116.03813171386719,IMPERIAL,UNINCORPORATED,-116.03810882568359,32.724311828613281
90653699,2018,2018-02-02,9625,2018-01-27,1706,018020,,6,2,9,1300,0,1,3,,1,022,"SR-111 (NORTHBOUND)","A STREET",17.00,S,N,A,-,Y,,,111,,,,,,,Y,3,0,1,1,A,-,03,22350,,N,F,A,A,A,H,-,B,D,0,,,Y,,Y,,C,02,0,1,0,0,0,0,0,0,1,"- ","- ",33.357700347900391,-115.73387145996094,IMPERIAL,UNINCORPORATED,-115.73386383056641,33.357685089111328
90655422,2018,2018-02-05,9625,2018-02-03,0930,013781,,6,1,9,1300,0,3,5,,2,040,"AUSTIN ROAD","KEYSTONE ROAD",0.00,,Y,A,-,N,,,,,,,,,,Y,3,0,3,2,A,-,09,21802,A,N,D,C,A,A,H,-,A,A,0,,,,,Y,,D,22,0,3,0,0,0,0,0,0,0,"- ","- ",32.912570953369141,-115.59488677978516,IMPERIAL,UNINCORPORATED,-115.59490966796875,32.912551879882812
90657910,2018,2018-02-08,9625,2018-01-31,1506,022010,,3,2,4,1304,0,1,3,,1,054,"SR-111 SOUTHBOUND","HARRIS ROAD",27.00,N,N,A,-,Y,,,,,,,,,,Y,3,0,4,2,A,-,03,22350,,N,C,C,A,A,H,-,A,D,0,,,,,Y,,A,01,0,4,0,0,0,0,0,0,0,"- ","- ",32.883651733398438,-115.50921630859375,IMPERIAL,"EL CENTRO",,
90659759,2018,2018-02-12,9625,2018-02-05,0041,020263,,1,3,9,1300,0,1,3,,1,054,"SR-111 S/B","KEYSTONE ROAD",5280.00,S,N,A,-,Y,,,111,,,,,,S,Y,4,0,1,1,A,-,01,23152,A,N,E,I,A,A,H,-,D,D,0,,,,Y,Y,Y,G,27,0,0,1,0,0,0,0,0,0,"- ","- ",32.898880004882812,-115.50930786132812,IMPERIAL,UNINCORPORATED,-115.50914764404297,32.898880004882812
90659878,2018,2018-02-12,9625,2018-02-06,1615,018792,,2,2,9,1300,0,3,5,,2,050,"OLD HIGHWAY 111","KEYSTONE ROAD",0.00,,Y,A,-,N,,,,,,,,,,Y,3,0,3,2,A,-,09,21802,A,N,D,C,A,A,H,-,A,A,0,,,,,Y,,A,01,0,3,0,0,0,0,0,0,0,"- ","- ",32.912651062011719,-115.51023101806641,IMPERIAL,UNINCORPORATED,-115.51020050048828,32.91265869140625
90660648,2018,2018-02-13,9625,2018-02-08,1615,019035,,4,2,9,1300,0,3,5,,2,050,"WILLOUGHBY ROAD","KLOKE ROAD",190.00,W,N,A,-,N,,,,,,,,,,Y,4,0,1,1,A,-,08,22107,,N,E,I,A,A,H,-,A,D,0,,,,,Y,,D,22,0,0,1,0,0,0,0,0,0,"- ","- ",32.708400726318359,-115.51860046386719,IMPERIAL,UNINCORPORATED,-115.51853179931641,32.708511352539062
90660707,2018,2018-02-13,9625,2018-02-04,0930,017727,,7,1,9,1300,0,3,5,,2,040,"HUFF ROAD","PAYNE ROAD",100.00,S,N,A,-,N,,,,,,,,,,Y,3,0,1,1,A,-,08,22107,,N,F,A,A,A,H,-,A,D,0,,,,,Y,,A,01,0,1,0,0,0,0,0,0,0,"- ","- ",32.860851287841797,-115.71842956542969,IMPERIAL,UNINCORPORATED,-115.71859741210938,32.861335754394531
90663360,2017,2018-02-16,9625,2017-10-04,2500,018933,,3,4,9,1300,0,1,1,,2,001,"INTERSTATE 8 EASTBOUND","MOUNTAIN SPRINGS ROAD",7155.00,W,N,A,-,Y,,,8,,,,,,E,Y,1,1,0,1,A,-,08,22107,,N,F,A,A,A,H,-,D,D,0,,,Y,,Y,,C,02,0,0,0,0,0,0,0,1,0,"- ","- ",32.664349999999999,-116.10576,IMPERIAL,UNINCORPORATED,-116.10565320000001,32.664378790000001
90664522,2018,2018-02-20,9625,2018-02-07,1615,019035,,3,2,9,1300,0,3,5,,2,040,"DOGWOOD ROAD","WILLOUGHBY ROAD",0.00,,Y,A,-,N,,,,,,,,,,N,3,0,1,2,A,-,09,21802,A,N,D,C,A,A,H,-,A,A,0,,,Y,,Y,,D,22,0,1,0,0,0,0,0,0,1,"- ","- ",32.780899047851562,-115.53399658203125,IMPERIAL,UNINCORPORATED,-115.53408050537109,32.708450317382812
9066687,2020,2020-06-09,1301,2020-01-30,0226,904,BRAWL,4,5,3,1301,0,0,0,,0,0B4,"DOGWOOD RD","MEAD RD",344.00,S,N,A,-,N,,,,,,,,,,Y,4,0,1,1,A,-,01,23152,B,N,H,J,A,A,H,-,D,D,0,,,,,Y,Y,-,,0,0,1,0,0,0,0,0,0,"- ","- ",,,IMPERIAL,BRAWLEY,-115.53548431396484,32.955417633056641
90668548,2018,2018-02-23,9625,2018-02-09,1729,019035,,5,2,9,1300,0,3,5,,2,050,"OLD HIGHWAY 111","ATEN ROAD",2523.00,N,N,A,-,Y,,,,,,,,,,Y,4,0,3,2,A,-,08,22107,,N,A,C,A,A,H,-,B,D,0,,,,,Y,,D,22,0,0,3,0,0,0,0,0,0,"- ","- ",32.832698822021484,-115.50119781494141,IMPERIAL,UNINCORPORATED,-115.50125122070312,32.832664489746094