CASE_ID,ACCIDENT_YEAR,PROC_DATE,JURIS,COLLISION_DATE,COLLISION_TIME,OFFICER_ID,REPORTING_DISTRICT,DAY_OF_WEEK,CHP_SHIFT,POPULATION,CNTY_CITY_LOC,SPECIAL_COND,BEAT_TYPE,CHP_BEAT_TYPE,CITY_DIVISION_LAPD,CHP_BEAT_CLASS,BEAT_NUMBER,PRIMARY_RD,SECONDARY_RD,DISTANCE,DIRECTION,INTERSECTION,WEATHER_1,WEATHER_2,STATE_HWY_IND,CALTRANS_COUNTY,CALTRANS_DISTRICT,STATE_ROUTE,ROUTE_SUFFIX,POSTMILE_PREFIX,POSTMILE,LOCATION_TYPE,RAMP_INTERSECTION,SIDE_OF_HWY,TOW_AWAY,COLLISION_SEVERITY,NUMBER_KILLED,NUMBER_INJURED,PARTY_COUNT,PRIMARY_COLL_FACTOR,PCF_CODE_OF_VIOL,PCF_VIOL_CATEGORY,PCF_VIOLATION,PCF_VIOL_SUBSECTION,HIT_AND_RUN,TYPE_OF_COLLISION,MVIW,PED_ACTION,ROAD_SURFACE,ROAD_COND_1,ROAD_COND_2,LIGHTING,CONTROL_DEVICE,CHP_ROAD_TYPE,PEDESTRIAN_ACCIDENT,BICYCLE_ACCIDENT,MOTORCYCLE_ACCIDENT,TRUCK_ACCIDENT,NOT_PRIVATE_PROPERTY,ALCOHOL_INVOLVED,STWD_VEHTYPE_AT_FAULT,CHP_VEHTYPE_AT_FAULT,COUNT_SEVERE_INJ,COUNT_VISIBLE_INJ,COUNT_COMPLAINT_PAIN,COUNT_PED_KILLED,COUNT_PED_INJURED,COUNT_BICYCLIST_KILLED,COUNT_BICYCLIST_INJURED,COUNT_MC_KILLED,COUNT_MC_INJURED,PRIMARY_RAMP,SECONDARY_RAMP,LATITUDE,LONGITUDE,COUNTY,CITY,POINT_X,POINT_Y
90737178,2018,2018-05-30,9625,2018-05-27,1555,017809,,7,2,9,1300,0,3,5,,2,010,"BRANDT ROAD","EDDINS ROAD",87.00,S,N,A,-,N,,,,,,,,,,Y,4,0,1,1,A,-,03,22350,,N,E,I,A,A,H,-,A,A,0,,,,,Y,,A,01,0,0,1,0,0,0,0,0,0,"- ","- ",33.125019073486328,-115.56268310546875,IMPERIAL,UNINCORPORATED,-115.56259155273438,33.125511169433594
90737642,2018,2018-05-30,9625,2018-05-21,0715,019035,,1,1,9,1300,0,2,4,,2,046,"DOGWOOD ROAD","FAWCETT ROAD",1560.00,S,N,A,-,N,,,,,,,,,,Y,3,0,1,1,A,-,08,22107,,N,F,A,A,A,H,-,A,D,0,,,,,Y,,A,01,0,1,0,0,0,0,0,0,0,"- ","- ",32.718341827392578,-115.53414154052734,IMPERIAL,UNINCORPORATED,-115.53427124023438,32.719085693359375
90738579,2018,2018-05-31,9625,2018-05-22,0755,013627,,2,1,9,1300,0,2,4,,2,057,"STATE ROUTE 115","SNYDER ROAD",0.00,,Y,A,-,Y,,,,,,,,,,Y,4,0,2,2,A,-,09,21802,A,N,D,C,A,A,H,-,A,A,0,,,,,Y,,D,22,0,0,2,0,0,0,0,0,0,"- ","- ",32.811119079589844,-115.33245086669922,IMPERIAL,UNINCORPORATED,-115.33712768554688,32.811119079589844
90740175,2018,2018-06-04,9625,2018-05-28,2017,019668,,1,2,9,1300,0,3,5,,2,040,"SILSBEE ROAD","ATEN ROAD",0.00,,Y,A,-,N,,,,,,,,,,Y,3,0,1,1,A,-,03,22350,,N,E,I,A,A,H,-,D,D,0,,,,,Y,,A,01,0,1,0,0,0,0,0,0,0,"- ","- ",32.825630187988281,-115.64597320556641,IMPERIAL,UNINCORPORATED,-115.64643096923828,32.825531005859375
90740833,2018,2018-06-04,9625,2018-05-29,1835,017809,,2,2,9,1300,0,3,5,,2,010,"STATE ROUTE 86 N/B","POE ROAD",5280.00,S,N,A,-,Y,,,86,,,,,,N,Y,4,0,1,2,A,-,07,21658,A,N,C,C,A,A,H,-,A,D,0,,,,Y,Y,,A,01,0,0,1,0,0,0,0,0,0,"- ","- ",33.073040008544922,-115.73934173583984,IMPERIAL,UNINCORPORATED,-115.73940277099609,33.072982788085938
90740841,2018,2018-06-04,9625,2018-06-01,1920,020263,,5,2,9,1300,0,3,5,,2,050,"BARBARA WORTH ROAD",SR-98,5280.00,N,N,A,-,N,,,,,,,,,,Y,4,0,1,1,A,-,08,22107,,N,F,A,A,A,H,-,A,D,0,,,,,Y,,A,01,0,0,1,0,0,0,0,0,0,"- ","- ",32.795150756835938,-115.50350189208984,IMPERIAL,UNINCORPORATED,-115.430908203125,32.708286285400391
90742050,2018,2018-06-06,9625,2018-05-24,0440,019667,,4,3,9,1300,0,3,5,,2,040,"DREW ROAD","LYONS ROAD",250.00,S,N,A,-,N,,,,,,,,,,Y,4,0,1,1,A,-,03,22350,,N,E,I,A,A,H,-,C,D,0,,,,,Y,,A,01,0,0,1,0,0,0,0,0,0,"- ","- ",32.716110229492188,-115.67910003662109,IMPERIAL,UNINCORPORATED,-115.67893981933594,32.715309143066406
90742124,2018,2018-06-06,9625,2018-05-29,1103,022010,,2,1,9,1300,0,1,1,,2,002,"INTERSTATE 8 WESTBOUND","IN KO PAH RD",5280.00,E,N,A,-,Y,,,8,,,,,,W,Y,4,0,1,1,A,-,08,22107,,N,E,I,A,A,H,-,A,D,0,,,,,Y,,A,01,0,0,1,0,0,0,0,0,0,"- ","- ",32.658779144287109,-116.09873962402344,IMPERIAL,UNINCORPORATED,-116.09864807128906,32.658840179443359
90742740,2018,2018-06-06,9620,2018-05-30,1325,018535,,3,1,9,1300,0,2,4,,1,072,"4TH AVENUE","INTERSTATE 8",528.00,S,N,A,-,N,,,,,,,,,,N,4,0,2,2,A,-,03,22350,,N,C,C,A,A,H,-,A,D,0,,,,,Y,,A,07,0,0,2,0,0,0,0,0,0,"- ","- ",32.730690002441406,-114.62478637695312,IMPERIAL,UNINCORPORATED,-115.55232238769531,32.773700714111328
90743599,2018,2018-06-07,9625,2018-06-01,1300,018464,,5,1,9,1300,0,3,5,,2,040,"HACKLEMAN ROAD","SILSBEE ROAD",0.00,,Y,A,-,N,,,,,,,,,,Y,4,0,2,2,A,-,09,21802,A,N,D,C,A,A,H,-,A,A,0,,,,,Y,,A,08,0,0,2,0,0,0,0,0,0,"- ","- ",32.811130523681641,-115.64631652832031,IMPERIAL,UNINCORPORATED,-115.64629364013672,32.811069488525391
90745507,2018,2018-06-11,9625,2018-05-30,1345,017727,,3,1,9,1300,0,3,5,,2,020,"NOFFSINGER ROAD","NILAND AVE",0.00,,Y,A,-,N,,,,,,,,,,Y,3,0,3,2,A,-,09,21802,A,N,D,C,A,A,H,-,A,A,0,,,,,Y,,A,01,0,2,1,0,0,0,0,0,0,"- ","- ",33.234600067138672,-115.51589965820312,IMPERIAL,UNINCORPORATED,-115.5159,33.2346
90746069,2018,2018-06-12,9625,2018-06-01,0635,017727,,5,1,9,1300,0,1,3,,2,024,SR-78,"GECKO PARK ROAD",2445.00,W,N,A,-,Y,,,78,,,,,,,Y,4,0,1,1,A,-,08,22107,,N,E,I,A,A,H,-,A,D,0,,,,,Y,,A,01,0,0,1,0,0,0,0,0,0,"- ","- ",32.973899841308594,-115.18219757080078,IMPERIAL,UNINCORPORATED,-115.18218231201172,32.973857879638672
90746241,2018,2018-06-12,9625,2018-06-03,2150,022010,,7,2,9,1300,0,1,1,,2,003,"INTERSTATE 8 E/B","DUNAWAY ROAD",17424.00,W,N,A,-,Y,,,8,,,,,,E,Y,4,0,1,2,A,-,03,22350,,N,C,C,A,A,H,-,B,D,0,,,,,Y,,A,01,0,0,1,0,0,0,0,0,0,"- ","- ",32.757900238037109,-115.85697174072266,IMPERIAL,UNINCORPORATED,-115.85698699951172,32.758029937744141
90746859,2018,2018-06-12,9625,2018-03-05,2210,020111,,1,3,9,1300,0,2,4,,2,046,"DOGWOOD ROAD","HARRIS ROAD",5280.00,N,N,A,-,N,,,,,,,,,,Y,1,1,0,1,A,-,01,23152,A,N,F,A,A,A,H,-,D,A,0,,,Y,,Y,Y,C,02,0,0,0,0,0,0,0,1,0,"- ","- ",32.900421142578125,-115.53559875488281,IMPERIAL,UNINCORPORATED,-115.53553009033203,32.898078918457031
90748122,2018,2018-06-14,9625,2018-06-06,0740,016248,,3,1,9,1300,0,3,5,,2,050,"OLD HIGHWAY 111","EVAN HEWES HIGHWAY",0.00,,Y,A,-,N,,,,,,,,,,Y,3,0,1,2,A,-,09,21802,A,N,D,C,A,A,H,-,A,A,0,,,,,Y,,A,01,0,1,0,0,0,0,0,0,0,"- ","- ",32.799491882324219,-115.50160980224609,IMPERIAL,UNINCORPORATED,-115.50163269042969,32.799491882324219
90748136,2018,2018-06-14,9620,2018-06-04,0345,020555,,1,3,9,1300,0,2,4,,1,075,"DECORSE RD","ARNOLD RD",0.00,,Y,A,-,N,,,,,,,,,,Y,3,0,1,1,A,-,01,23152,A,N,F,A,A,A,H,-,D,A,0,,,,,Y,Y,A,01,0,1,0,0,0,0,0,0,0,"- ","- ",32.754070281982422,-114.63336181640625,IMPERIAL,UNINCORPORATED,-114.63318634033203,32.752811431884766
90748411,2018,2018-06-14,9625,2018-06-11,1455,020263,,1,2,9,1300,0,3,5,,2,050,"BARBARA WORTH ROAD","JASPER ROAD",0.00,,Y,A,-,N,,,,,,,,,,Y,3,0,2,2,A,-,12,22450,A,N,D,C,A,A,H,-,A,A,0,,,,,Y,,A,01,0,1,1,0,0,0,0,0,0,"- ","- ",32.708450317382812,-115.43089294433594,IMPERIAL,UNINCORPORATED,-115.430908203125,32.708480834960938
90748756,2018,2018-06-15,9625,2018-06-08,1500,020263,,5,2,9,1300,0,1,3,,2,053,"SR-111 N/B","FAWCETT ROAD",494.00,S,N,A,-,Y,,,111,,,,,,N,Y,4,0,1,2,A,-,01,23152,F,N,F,A,A,A,H,-,A,D,0,,,,,Y,,A,07,0,0,1,0,0,0,0,0,0,"- ","- ",32.722320556640625,-115.50042724609375,IMPERIAL,UNINCORPORATED,-115.50025939941406,32.722324371337891
90748766,2018,2018-06-15,9625,2018-06-13,0527,020704,,3,3,9,1300,0,1,3,,1,044,"SR-86 (N/B)","AUSTIN ROAD",3696.00,N,N,A,-,Y,,,86,,,,,,,Y,3,0,1,1,A,-,08,22107,,N,E,I,A,A,H,-,A,D,0,,,,,Y,,A,01,0,1,0,0,0,0,0,0,0,"- ","- ",32.954559326171875,-115.55653381347656,IMPERIAL,UNINCORPORATED,-115.55658721923828,32.954696655273438
90749110,2018,2018-06-15,9625,2018-06-06,0915,016248,,3,1,9,1300,0,1,3,,2,053,"SR-111 N/B","HEBER ROAD",25.00,S,N,A,-,Y,,,111,,,,,,N,Y,3,0,1,2,A,-,03,22350,,N,C,C,A,A,H,-,A,A,0,,,,,Y,,A,01,0,1,0,0,0,0,0,0,0,"- ","- ",32.73046875,-115.50028228759766,IMPERIAL,UNINCORPORATED,-115.50040435791016,32.73046875
90749864,2018,2018-06-18,9625,2018-06-07,0455,019225,,4,3,9,1300,0,3,5,,2,040,"BENNETT ROAD","ROSS ROAD",1240.00,N,N,A,-,N,,,,,,,,,,Y,3,0,1,1,A,-,08,22107,,N,F,A,A,A,H,-,B,D,0,,,,,Y,,A,01,0,1,0,0,0,0,0,0,0,"- ","- ",32.787910461425781,-115.67250061035156,IMPERIAL,UNINCORPORATED,-115.67225646972656,32.785358428955078
90750421,2018,2018-06-18,9625,2018-06-08,1200,018279,,5,1,9,1300,0,3,5,,2,040,"MCCACBE RD","LA BRUCHERIE ROAD",30.00,E,N,A,-,N,,,,,,,,,,Y,3,0,1,2,A,-,01,23152,G,N,C,C,A,A,H,-,A,A,0,,,,,Y,Y,A,01,0,1,0,0,0,0,0,0,0,"- ","- ",32.752449035644531,-115.57750701904297,IMPERIAL,UNINCORPORATED,-115.57766723632812,32.752426147460938
90750746,2018,2018-06-19,9620,2018-06-10,0725,018535,,7,1,9,1300,0,1,1,,2,081,"INTERSTATE 8","GORDONS WELL ROAD",1056.00,E,N,A,G,Y,,,8,,,,,,,Y,3,0,1,1,A,-,08,22107,,N,F,J,A,A,H,-,A,D,0,,,,,Y,,A,01,0,1,0,0,0,0,0,0,0,"- ","- ",32.713359832763672,-114.92240142822266,IMPERIAL,UNINCORPORATED,-114.92243957519531,32.713424682617188
90751443,2018,2018-06-19,9625,2018-06-10,1540,017809,,7,2,9,1300,0,1,3,,1,011,"STATE ROUTE 86 S/B","KALIN ROAD",0.00,,Y,A,-,Y,,,86,,,,,,S,Y,4,0,1,2,A,-,09,21802,B,N,E,J,A,A,H,-,A,A,0,,,,,Y,,A,01,0,0,1,0,0,0,0,0,0,"- ","- ",32.984081268310547,-115.57810974121094,IMPERIAL,UNINCORPORATED,-115.57785797119141,32.984287261962891
90751888,2018,2018-06-20,9625,2018-06-09,0415,018930,,6,3,9,1300,0,3,5,,2,040,"ROSS ROAD","BENNETT ROAD",1056.00,E,N,A,-,N,,,,,,,,,,N,3,0,1,2,A,-,11,21956,,N,G,B,E,A,H,-,D,D,0,Y,,,,Y,Y,N,60,0,1,0,0,1,0,0,0,0,"- ","- ",32.78179931640625,-115.66770172119141,IMPERIAL,UNINCORPORATED,-115.66884613037109,32.781967163085938
90752821,2018,2018-06-21,9625,2018-06-12,2000,019225,,2,2,9,1300,0,1,3,,1,021,SR-111,"DOWDEN ROAD",792.00,S,N,A,-,Y,,,111,,,,,,,Y,3,0,1,1,A,-,01,23152,A,N,E,J,A,A,H,-,B,D,0,,,,,Y,Y,A,01,0,1,0,0,0,0,0,0,0,"- ","- ",33.087398529052734,-115.5166015625,IMPERIAL,UNINCORPORATED,-115.51654815673828,33.087356567382812
90752966,2018,2018-06-21,9625,2018-06-18,0500,019668,,1,3,9,1300,0,1,1,,2,003,"INTERSTATE 8 EASTBOUND","IMPERIAL AVENUE",1334.00,W,N,A,-,Y,,,,,,,,,,Y,3,0,2,1,A,-,08,22107,,N,E,I,A,A,H,-,B,D,0,,,,,Y,,D,22,0,2,0,0,0,0,0,0,0,"- ","- ",32.772850036621094,-115.73584747314453,IMPERIAL,UNINCORPORATED,-115.57367706298828,32.773815155029297
90757230,2018,2018-06-27,9625,2018-06-19,1320,017727,,2,1,9,1300,0,1,1,,2,001,"E/B I-8","MOUNTAIN SPRINGS ROAD",15154.00,E,N,A,-,Y,,,,,,,,,,Y,3,0,2,2,A,-,03,22350,,N,F,A,A,A,H,-,A,D,0,,,Y,,Y,,C,02,0,2,0,0,0,0,0,0,1,"- ","- ",,,IMPERIAL,UNINCORPORATED,,
90757327,2018,2018-06-27,9625,2018-06-14,0810,016248,,4,1,9,1300,0,1,1,,2,002,"I-8 W/B",SR-98,4224.00,W,N,A,-,Y,,,8,,,,,,W,Y,3,0,2,2,A,-,07,21658,A,N,C,C,A,A,H,-,A,D,0,,,,,Y,,A,07,0,2,0,0,0,0,0,0,0,"- ","- ",32.725200653076172,-116.03694915771484,IMPERIAL,UNINCORPORATED,-116.03694915771484,32.725181579589844
90757691,2018,2018-06-28,9620,2018-06-22,0350,018290,,5,3,9,1300,0,1,3,,1,063,"SR-78 E/B","MIDWAY WELL RD",8448.00,E,N,A,-,Y,,,78,,,,,,E,Y,4,0,1,1,A,-,08,22107,,N,F,A,A,A,H,-,D,D,0,,,,,Y,,A,07,0,0,1,0,0,0,0,0,0,"- ","- ",33.236080169677734,-114.83796691894531,IMPERIAL,UNINCORPORATED,-114.83802032470703,33.236160278320312
90758104,2018,2018-06-28,9620,2018-06-20,0845,018535,,3,1,9,1300,0,1,3,,1,062,"EB SR-78","OGILBY RD",4224.00,E,N,A,-,Y,,,78,,,,,,,Y,3,0,2,1,A,-,08,22107,,N,F,I,A,A,H,-,A,D,0,,,,,Y,,A,07,0,2,0,0,0,0,0,0,0,"- ","- ",33.093109130859375,-114.90225982666016,IMPERIAL,UNINCORPORATED,-114.90238952636719,33.093154907226562
90761291,2018,2018-07-02,9625,2018-06-22,0730,018279,,5,1,9,1300,0,1,1,,2,003,"I-8 E/B","IMPERIAL HIGHWAY",3168.00,E,N,A,-,Y,,,8,,,,,,E,Y,3,0,1,1,A,-,08,22107,,N,F,A,A,A,H,-,A,D,0,,,,,Y,,D,22,0,1,0,0,0,0,0,0,0,"- ","- ",32.737281799316406,-115.98049926757812,IMPERIAL,UNINCORPORATED,-115.98048400878906,32.737205505371094
90765360,2018,2018-07-09,9625,2018-06-28,1500,019667,,4,2,9,1300,0,3,5,,2,050,"JASPER ROAD","MEADOWS ROAD",195.00,E,N,A,-,N,,,,,,,,,,Y,4,0,2,1,A,-,08,22107,,N,E,I,A,A,H,-,A,D,0,,,,,Y,,A,01,0,0,2,0,0,0,0,0,0,"- ","- ",32.708568572998047,-115.48161315917969,IMPERIAL,UNINCORPORATED,-115.48164367675781,32.708625793457031
90766201,2018,2018-07-10,9625,2018-06-24,2140,022010,,7,2,9,1300,0,1,1,,2,003,"INTERSTATE 8 E/B","DERRICK ROAD",1585.00,W,N,A,-,Y,,,8,,,,,,E,Y,3,0,2,1,A,-,08,22107,,N,E,I,A,A,H,-,B,D,0,,,,,Y,,D,22,0,1,1,0,0,0,0,0,0,"- ","- ",32.773818969726562,-115.7130126953125,IMPERIAL,UNINCORPORATED,-115.7130126953125,32.773880004882812
90766210,2018,2018-08-15,9625,2018-06-02,0500,019668,,6,3,9,1300,0,3,5,,2,050,"KEYSTONE ROAD","CASEY ROAD",85.00,E,N,A,-,N,,,,,,,,,,Y,1,1,0,1,A,-,08,22107,,N,F,A,A,A,H,-,B,D,0,,,,,Y,,D,22,0,0,0,0,0,0,0,0,0,"- ","- ",32.916439056396484,-115.42308807373047,IMPERIAL,UNINCORPORATED,-115.42313385009766,32.916511535644531
90766605,2018,2018-07-10,9625,2018-06-30,1515,019667,,6,2,9,1300,0,1,1,,2,001,"INTERSTATE 8 (EASTBOUND)","IN KO PAH PARK ROAD",2217.00,E,N,A,-,Y,,,8,,,,,,,Y,3,0,2,1,A,-,08,22107,,N,E,I,A,A,H,-,A,D,0,,,,,Y,,A,01,0,1,1,0,0,0,0,0,0,"- ","- ",32.649139404296875,-116.1024169921875,IMPERIAL,UNINCORPORATED,-116.10261535644531,32.649303436279297
90766620,2018,2018-07-10,9625,2018-06-30,0430,020704,,6,3,9,1300,0,3,5,,2,050,"OLD HIGHWAY 111","ATEN ROAD",2640.00,S,N,A,-,Y,,,,,,,,,,Y,3,0,1,1,A,-,01,23152,A,N,E,I,A,A,H,-,D,D,0,,,,,Y,Y,A,01,0,1,0,0,0,0,0,0,0,"- ","- ",32.818111419677734,-115.50131988525391,IMPERIAL,UNINCORPORATED,-115.50130462646484,32.818557739257812
90767397,2018,2018-07-11,9625,2018-07-02,1625,017809,,1,2,9,1300,0,1,3,,1,011,"STATE ROUTE 86 S/B","HOSKINS ROAD",2112.00,S,N,A,-,Y,,,86,,,,,,S,Y,4,0,1,2,A,-,07,21658,A,N,B,C,A,A,H,-,A,D,0,,,,Y,Y,,G,26,0,0,1,0,0,0,0,0,0,"- ","- ",33.037338256835938,-115.66105651855469,IMPERIAL,UNINCORPORATED,-115.66105651855469,33.037075042724609
90767810,2018,2018-07-12,9625,2018-07-03,1740,022010,,2,2,9,1300,0,1,3,,2,056,SR-115,"GONDER ROAD",686.00,S,N,A,-,Y,,,115,,,,,,,Y,4,0,1,1,A,-,01,23152,A,N,F,A,A,A,H,-,A,D,0,,,,,Y,Y,A,01,0,0,1,0,0,0,0,0,0,"- ","- ",32.939121246337891,-115.4063720703125,IMPERIAL,UNINCORPORATED,-115.40627288818359,32.939121246337891
90768197,2018,2018-07-12,9625,2018-06-29,0600,017055,,5,1,9,1300,0,1,3,,2,052,SR-98,"HIGHLINE CANAL",2112.00,W,N,A,-,Y,,,98,,,,,,,Y,3,0,1,1,A,-,08,22107,,N,F,A,A,A,H,-,A,D,0,,,,,Y,,A,07,0,1,0,0,0,0,0,0,0,"- ","- ",32.694679260253906,-115.28933715820312,IMPERIAL,UNINCORPORATED,-115.28933715820312,32.694664001464844
90768225,2018,2018-07-12,9625,2018-07-07,1655,019668,,6,2,9,1300,0,1,1,,2,003,"I-8 EASTBOUND","DOGWOOD ROAD",2112.00,W,N,A,-,Y,,,,,,,,,,Y,3,0,3,2,A,-,03,22350,,N,C,C,A,A,H,-,A,D,0,,,,,Y,,A,01,0,2,1,0,0,0,0,0,0,"- ","- ",32.773750305175781,-115.54251861572266,IMPERIAL,UNINCORPORATED,-115.54204559326172,32.773685455322266
90768608,2018,2018-07-13,9625,2018-07-06,0440,019225,,5,3,9,1300,0,1,1,,2,001,"INTERSTATE 8 (EASTBOUND)","IN-KO-PAH PARK ROAD",3696.00,E,N,A,-,Y,,,8,,,,,,,Y,4,0,1,1,A,-,08,22107,,N,E,I,A,A,H,-,D,D,0,,,,,Y,,A,01,0,0,1,0,0,0,0,0,0,"- ","- ",32.655189514160156,-116.09735870361328,IMPERIAL,UNINCORPORATED,-116.09762573242188,32.655372619628906
90769386,2018,2018-07-16,9625,2018-06-28,0950,013627,,4,1,9,1300,0,3,5,,2,050,"ATEN ROAD","OLD STATE ROUTE 111",1662.00,W,N,B,-,N,,,,,,,,,,Y,3,0,2,2,A,-,09,21802,A,N,D,C,A,A,H,-,A,A,0,,,,Y,Y,,A,01,0,2,0,0,0,0,0,0,0,"- ","- ",32.825630187988281,-115.50675201416016,IMPERIAL,UNINCORPORATED,-115.50672912597656,32.825519561767578
90769388,2018,2018-07-16,9625,2018-06-19,1219,016248,,2,1,9,1300,0,1,3,,1,042,SR-98,"CLARK ROAD",1031.00,W,N,A,-,Y,,,98,,,,,,,Y,2,0,4,1,A,-,08,22107,,N,E,I,A,A,G,-,A,D,0,,,,,Y,,A,07,2,2,0,0,0,0,0,0,0,"- ","- ",32.679370880126953,-115.56305694580078,IMPERIAL,UNINCORPORATED,-115.56305694580078,32.679340362548828
90770697,2018,2018-07-17,9625,2018-07-04,1455,017432,,3,2,9,1300,0,1,3,,1,051,"STATE ROUTE 7","STATE ROUTE 7 EXPRESSWAY",0.00,,Y,A,-,Y,,,7,,,,,,,Y,2,0,1,2,A,-,09,21802,A,N,D,C,A,A,H,-,A,A,0,,,Y,,Y,,A,01,1,0,0,0,0,0,0,0,1,"- ","- ",32.683128356933594,-115.38622283935547,IMPERIAL,UNINCORPORATED,-115.38622283935547,32.683124542236328
90771282,2018,2018-07-17,9625,2018-07-11,1905,020111,,3,2,9,1300,0,1,1,,2,001,"I-8 E/B",SR-98,5280.00,W,N,A,C,Y,,,8,,,,,,E,Y,3,0,1,1,A,-,08,22107,,N,F,A,A,B,H,-,A,A,0,,,,,Y,,A,01,0,1,0,0,0,0,0,0,0,"- ","- ",32.724559783935547,-116.03768920898438,IMPERIAL,UNINCORPORATED,-116.03766632080078,32.724502563476562
90771622,2018,2018-07-18,9625,2018-07-12,1619,017809,,4,2,9,1300,0,1,3,,1,012,"STATE ROUTE 86 S/B","HARVARD AVENUE",500.00,N,N,C,G,Y,,,86,,,,,,S,Y,3,0,1,1,C,-,18,,,N,F,A,A,B,G,-,A,D,0,,,,Y,Y,,-,"- ",0,1,0,0,0,0,0,0,0,"- ","- ",33.269508361816406,-115.95717620849609,IMPERIAL,UNINCORPORATED,-115.95723724365234,33.269466400146484
90771845,2018,2018-07-18,9625,2018-07-12,0929,019035,,4,1,9,1300,0,1,3,,1,042,SR-98,"PULLIAM ROAD",1475.00,W,N,A,-,Y,,,98,,,,,,,Y,4,0,1,1,A,-,08,22107,,N,F,A,A,A,H,-,A,D,0,,,,,Y,,A,01,0,0,1,0,0,0,0,0,0,"- ","- ",32.679298400878906,-115.65879821777344,IMPERIAL,UNINCORPORATED,-115.65879821777344,32.679454803466797
90772196,2018,2018-07-18,9620,2018-07-13,0930,018703,,5,1,9,1300,0,2,4,,1,075,"YUMA RD","ARNOLD RD",1362.00,S,N,A,-,N,,,,,,,,,,Y,4,0,1,1,A,-,08,22107,,N,E,I,A,A,H,-,A,D,0,,,,,Y,,A,07,0,0,1,0,0,0,0,0,0,"- ","- ",32.7489013671875,-114.65055847167969,IMPERIAL,UNINCORPORATED,-114.65058898925781,32.749114990234375
90772584,2018,2018-07-19,9625,2018-07-14,2120,020111,,6,2,9,1300,0,3,5,,2,040,"AUSTIN ROAD","BREWER ROAD",2165.00,S,N,A,-,N,,,,,,,,,,Y,4,0,1,2,A,-,08,22107,,N,B,C,A,A,H,-,D,D,0,,,Y,,Y,,A,07,0,0,1,0,0,0,0,0,1,"- ","- ",32.834300994873047,-115.59496307373047,IMPERIAL,UNINCORPORATED,-115.59500885009766,32.834220886230469
90772638,2018,2018-07-19,9625,2018-07-12,1458,018792,,4,2,9,1300,0,1,3,,2,056,"STATE ROUTE 115","RT 78",0.00,,Y,A,-,Y,,,115,,,,,,,Y,4,0,2,2,A,-,09,21801,A,N,A,C,A,A,H,-,A,A,0,,,,,Y,,D,22,0,0,2,0,0,0,0,0,0,"- ","- ",32.974178314208984,-115.40798187255859,IMPERIAL,UNINCORPORATED,-115.40799713134766,32.974143981933594
90772819,2018,2018-07-19,9620,2018-07-16,1525,018468,,1,2,9,1300,0,1,3,,1,063,"STATE ROUTE 78","MITCHELLS CAMP RD",7920.00,E,N,A,-,Y,,,,,,,,,,Y,3,0,1,1,A,-,03,22350,,N,E,I,A,A,H,-,A,D,0,,,,,Y,,A,01,0,1,0,0,0,0,0,0,0,"- ","- ",,,IMPERIAL,UNINCORPORATED,-114.72712707519531,33.327568054199219
90775852,2018,2018-07-24,9625,2018-07-13,2034,018792,,5,2,9,1300,0,3,5,,2,010,"MONTEREY AVENUE","RT 86",3168.00,E,N,A,-,N,,,,,,,,,,N,3,0,1,2,A,-,08,22107,,N,D,G,A,A,H,-,D,D,0,,Y,,,Y,Y,L,04,0,1,0,0,0,0,1,0,0,"- ","- ",33.402000427246094,-116.04313659667969,IMPERIAL,UNINCORPORATED,-116.03752136230469,33.401798248291016
90776041,2018,2018-07-25,9625,2018-07-16,1350,017055,,1,1,9,1300,0,1,3,,2,023,SR-115,"ALBRIGHT ROAD",0.00,,Y,A,-,Y,,,115,,,,,,,Y,3,0,2,2,A,-,12,22450,A,N,D,C,A,A,H,-,A,A,0,,,,,Y,,A,01,0,2,0,0,0,0,0,0,0,"- ","- ",33.103950500488281,-115.44965362548828,IMPERIAL,UNINCORPORATED,-115.44966125488281,33.103950500488281
90776344,2018,2018-07-25,9625,2018-05-01,1320,017055,,2,1,9,1300,0,1,3,,1,012,"SR-86 (N/B)","COOMBS ROAD",165.00,N,N,A,-,Y,,,86,,,,,,,Y,1,1,2,2,A,-,08,22107,,N,A,I,A,A,H,-,A,D,0,,,,Y,Y,,D,22,1,1,0,0,0,0,0,0,0,"- ","- ",33.323699951171875,-115.99714660644531,IMPERIAL,UNINCORPORATED,-115.99716186523438,33.323692321777344
90776401,2018,2018-07-25,9625,2018-07-24,0605,017055,,2,1,9,1300,0,2,4,,2,047,"FORRESTER ROAD","CARTER ROAD",0.00,,Y,A,-,N,,,,,,,,,,Y,2,0,1,2,A,-,09,21802,A,N,D,C,A,A,H,-,A,A,0,,,,,Y,,A,01,1,0,0,0,0,0,0,0,0,"- ","- ",32.935558319091797,-115.62161254882812,IMPERIAL,UNINCORPORATED,-115.62164306640625,32.935581207275391