CASE_ID,ACCIDENT_YEAR,PROC_DATE,JURIS,COLLISION_DATE,COLLISION_TIME,OFFICER_ID,REPORTING_DISTRICT,DAY_OF_WEEK,CHP_SHIFT,POPULATION,CNTY_CITY_LOC,SPECIAL_COND,BEAT_TYPE,CHP_BEAT_TYPE,CITY_DIVISION_LAPD,CHP_BEAT_CLASS,BEAT_NUMBER,PRIMARY_RD,SECONDARY_RD,DISTANCE,DIRECTION,INTERSECTION,WEATHER_1,WEATHER_2,STATE_HWY_IND,CALTRANS_COUNTY,CALTRANS_DISTRICT,STATE_ROUTE,ROUTE_SUFFIX,POSTMILE_PREFIX,POSTMILE,LOCATION_TYPE,RAMP_INTERSECTION,SIDE_OF_HWY,TOW_AWAY,COLLISION_SEVERITY,NUMBER_KILLED,NUMBER_INJURED,PARTY_COUNT,PRIMARY_COLL_FACTOR,PCF_CODE_OF_VIOL,PCF_VIOL_CATEGORY,PCF_VIOLATION,PCF_VIOL_SUBSECTION,HIT_AND_RUN,TYPE_OF_COLLISION,MVIW,PED_ACTION,ROAD_SURFACE,ROAD_COND_1,ROAD_COND_2,LIGHTING,CONTROL_DEVICE,CHP_ROAD_TYPE,PEDESTRIAN_ACCIDENT,BICYCLE_ACCIDENT,MOTORCYCLE_ACCIDENT,TRUCK_ACCIDENT,NOT_PRIVATE_PROPERTY,ALCOHOL_INVOLVED,STWD_VEHTYPE_AT_FAULT,CHP_VEHTYPE_AT_FAULT,COUNT_SEVERE_INJ,COUNT_VISIBLE_INJ,COUNT_COMPLAINT_PAIN,COUNT_PED_KILLED,COUNT_PED_INJURED,COUNT_BICYCLIST_KILLED,COUNT_BICYCLIST_INJURED,COUNT_MC_KILLED,COUNT_MC_INJURED,PRIMARY_RAMP,SECONDARY_RAMP,LATITUDE,LONGITUDE,COUNTY,CITY,POINT_X,POINT_Y
90857841,2018,2018-11-12,9620,2018-11-02,0157,019360,,5,3,9,1300,0,1,1,,2,081,"INTERSTATE 8 WESTBOUND","GRAYS WELL RD",2112.00,W,N,A,-,Y,,,8,,,,,,W,Y,3,0,1,1,A,-,01,23152,A,N,E,I,A,A,H,-,D,D,0,,,,,Y,Y,A,01,0,1,0,0,0,0,0,0,0,"- ","- ",32.738899230957031,-114.88829040527344,IMPERIAL,UNINCORPORATED,-114.88828277587891,32.738876342773438
90858247,2018,2018-11-12,9625,2018-11-01,1532,018464,,4,2,9,1300,0,3,5,,2,020,"BLAIR ROAD","PETERSON RD",445.00,N,N,A,-,N,,,,,,,,,,N,4,0,1,2,A,-,09,21804,A,N,D,C,A,A,H,-,A,A,0,,,,,Y,,A,01,0,0,1,0,0,0,0,0,0,"- ","- ",33.163249969482422,-115.49317932128906,IMPERIAL,UNINCORPORATED,-115.49317169189453,33.163265228271484
90858271,2018,2018-11-12,9625,2018-11-04,0008,018773,,7,3,9,1300,0,3,5,,2,040,"BLACK HILLS DRIVE","WILD HORSE DRIVE",150.00,W,N,A,-,N,,,,,,,,,,Y,3,0,1,1,A,-,01,23152,A,N,E,I,A,A,H,-,C,D,0,,,,,Y,Y,A,07,0,1,0,0,0,0,0,0,0,"- ","- ",32.741630554199219,-115.53517913818359,IMPERIAL,UNINCORPORATED,-115.53575134277344,32.741569519042969
90858297,2018,2018-11-12,9625,2018-11-05,1836,018464,,1,2,9,1300,0,1,3,,1,011,"SR-86 (S/B)","LACK ROAD",1149.00,S,N,A,-,Y,,,86,,,,,,,Y,2,0,1,2,A,-,03,22350,,N,C,C,A,A,H,-,A,D,0,,,,,Y,,A,01,1,0,0,0,0,0,0,0,0,"- ","- ",33.037078857421875,-115.64356994628906,IMPERIAL,UNINCORPORATED,-115.64356994628906,33.037021636962891
90859879,2018,2018-11-14,9625,2018-11-04,0005,018773,,7,3,9,1300,0,3,5,,2,040,"MAPLE AVENUE","CHERRY LANE",200.00,E,N,A,-,N,,,,,,,,,,Y,3,0,1,2,A,-,01,23152,A,N,B,E,A,A,H,-,C,D,0,,,,,Y,Y,A,07,0,1,0,0,0,0,0,0,0,"- ","- ",32.740810394287109,-115.5408935546875,IMPERIAL,UNINCORPORATED,-115.54121398925781,32.740863800048828
90860744,2018,2018-11-15,9620,2018-11-09,1310,016015,,5,1,9,1300,0,3,5,,2,070,"G STREET","SECOND STREET",0.00,,Y,A,-,N,,,,,,,,,,N,4,0,3,2,A,-,09,21800,A,N,D,C,A,A,H,-,A,D,0,,,,,Y,,D,22,0,0,3,0,0,0,0,0,0,"- ","- ",32.740459442138672,-114.63542938232422,IMPERIAL,UNINCORPORATED,-114.63542175292969,32.740501403808594
90860746,2018,2018-11-15,9625,2018-11-02,0745,017055,,5,1,9,1300,0,3,5,,2,010,"SEA PALM AVENUE","SEA FAIR AVENUE",25.00,E,N,A,-,N,,,,,,,,,,N,3,0,1,2,A,-,03,22350,,N,B,C,A,A,H,-,A,A,0,,,,,Y,,A,07,0,1,0,0,0,0,0,0,0,"- ","- ",33.308738708496094,-115.95945739746094,IMPERIAL,UNINCORPORATED,-115.95946502685547,33.308692932128906
90860954,2018,2018-11-15,9625,2018-09-26,0625,018279,,3,1,9,1300,0,1,1,,2,001,"I-8, E/B","IN-KO-PAH PARK RD",10560.00,E,N,A,-,Y,,,8,,,,,,E,Y,1,1,0,1,A,-,08,22107,,N,F,I,A,A,H,-,B,D,0,,,,,Y,,A,01,0,0,0,0,0,0,0,0,0,"- ","- ",32.667850494384766,-116.10597229003906,IMPERIAL,UNINCORPORATED,-116.10584259033203,32.667816162109375
90861270,2018,2018-11-15,9625,2018-11-13,2205,020263,,2,3,9,1300,0,1,1,,2,005,"I-8, E/B","BOWKER ROAD",8.00,W,N,A,-,Y,,,8,,,,,,E,Y,3,0,1,1,A,-,08,22107,,N,F,A,A,A,H,-,D,D,0,,,,,Y,,A,01,0,1,0,0,0,0,0,0,0,"- ","- ",32.773349761962891,-115.4739990234375,IMPERIAL,UNINCORPORATED,-115.4739990234375,32.773468017578125
90861323,2018,2018-11-16,9625,2018-11-04,1322,013627,,7,1,9,1300,0,1,3,,2,053,"S/B STATE ROUTE 111 TRANS TO I-8","S/B STATE ROUTE 111",32.00,W,N,B,-,Y,,,111,,,,R,,,Y,4,0,1,1,A,-,08,22107,,N,F,A,A,A,H,-,A,D,0,,,Y,,Y,,C,02,0,0,1,0,0,0,0,0,1,"- ","- ",32.772899627685547,-115.50161743164062,IMPERIAL,UNINCORPORATED,-115.50161743164062,32.772899627685547
90862747,2018,2018-11-19,9625,2018-11-14,0540,020263,,3,3,9,1300,0,2,4,,2,057,"EVAN HEWES HIGHWAY","COUNTRY CLUB DRIVE",0.00,,Y,A,-,N,,,,,,,,,,Y,4,0,2,3,A,-,12,22450,A,N,D,C,A,A,H,-,B,A,0,,,,,Y,,A,01,0,0,2,0,0,0,0,0,0,"- ","- ",32.8043212890625,-115.42201232910156,IMPERIAL,UNINCORPORATED,-115.42196655273438,32.804431915283203
90864370,2018,2018-11-20,9625,2018-11-09,1727,022010,,5,2,9,1300,0,1,3,,2,056,SR-115,"ALAMO ROAD",67.00,S,N,A,-,Y,,,115,,,,,,,Y,3,0,1,2,A,-,03,22350,,N,C,C,A,A,H,-,B,D,0,,,Y,,Y,,A,01,0,1,0,0,0,0,0,0,1,"- ","- ",32.818569183349609,-115.40608215332031,IMPERIAL,UNINCORPORATED,-115.40613555908203,32.818569183349609
90868251,2018,2018-11-27,9625,2018-10-28,0206,020263,,7,3,9,1300,0,1,1,,2,003,"I-8 E/B FROM IMPERIAL AVENUE S/B","OCOTILLO DRIVE",1170.00,N,N,A,-,Y,,,,,,,,,,Y,1,1,0,1,A,-,08,22107,,N,E,I,A,A,H,-,D,D,0,,,Y,,Y,Y,C,02,0,0,0,0,0,0,0,1,0,"- ","- ",32.773899078369141,-115.56944274902344,IMPERIAL,UNINCORPORATED,,
90869171,2018,2018-11-28,9625,2018-11-15,0810,017727,,4,1,9,1300,0,2,4,,2,046,"DOGWOOD ROAD","CORRELL ROAD",45.00,S,N,A,-,N,,,,,,,,,,N,4,0,1,2,A,-,03,22350,,N,C,C,A,A,H,-,A,A,0,,,,,Y,,A,01,0,0,1,0,0,0,0,0,0,"- ","- ",32.737800598144531,-115.53450012207031,IMPERIAL,UNINCORPORATED,-115.53458404541016,32.737796783447266
90869244,2018,2018-11-28,9625,2018-11-16,2340,020263,,5,3,9,1300,0,3,5,,2,040,"AUSTIN ROAD",SR-86,200.00,W,N,A,-,N,,,,,,,,,,Y,4,0,1,1,A,-,01,23152,A,N,F,A,A,A,H,-,D,D,0,,,,,Y,Y,A,07,0,0,1,0,0,0,0,0,0,"- ","- ",32.950801849365234,-115.56748199462891,IMPERIAL,UNINCORPORATED,-115.56758117675781,32.950778961181641
90869616,2018,2018-11-28,9625,2018-10-03,0710,017432,,3,1,9,1300,0,2,4,,2,046,"DOGWOOD ROAD",SR-98,0.00,,Y,A,-,Y,,,,,,,,,,Y,2,0,3,2,A,-,12,21453,A,N,D,C,A,A,H,-,A,A,0,,,,,Y,,D,22,1,0,2,0,0,0,0,0,0,"- ","- ",32.679248809814453,-115.53346252441406,IMPERIAL,UNINCORPORATED,-115.533447265625,32.679218292236328
90870263,2018,2018-11-29,9625,2018-11-16,1026,018279,,5,1,9,1300,0,1,1,,2,004,"I-8, W/B","IMPERIAL HIGHWAY",15312.00,E,N,A,-,Y,,,8,,,,,,W,Y,3,0,1,1,A,-,03,22350,,N,F,A,A,A,H,-,A,D,0,,,,,Y,,A,01,0,1,0,0,0,0,0,0,0,"- ","- ",32.745689392089844,-115.94568634033203,IMPERIAL,UNINCORPORATED,-115.94566345214844,32.745479583740234
90870311,2018,2018-11-29,9625,2018-11-21,1645,018464,,3,2,9,1300,0,1,3,,2,023,SR-115,"TITSWORTH ROAD",568.00,N,N,A,-,Y,,,115,,,,,,,Y,4,0,7,1,A,-,08,22107,,N,F,A,A,A,H,-,D,D,0,,,,,Y,,A,08,0,0,7,0,0,0,0,0,0,"- ","- ",33.076801300048828,-115.44960021972656,IMPERIAL,UNINCORPORATED,-115.44963836669922,33.076797485351562
90870735,2018,2018-11-29,9625,2018-11-25,1820,019225,,7,2,9,1300,0,1,1,,2,004,"INTERSTATE 8 (WESTBOUND)","IMPERIAL HIGHWAY",15840.00,E,N,A,-,Y,,,8,,,,,,,Y,4,0,1,1,A,-,08,22107,,N,E,I,A,A,H,-,D,D,0,,,,,Y,,A,01,0,0,1,0,0,0,0,0,0,"- ","- ",32.745689392089844,-115.94470977783203,IMPERIAL,UNINCORPORATED,-115.9447021484375,32.745609283447266
90870772,2018,2018-11-29,9625,2018-11-25,0430,020111,,7,3,9,1300,0,3,5,,2,050,"HOLT ROAD","ROBINSON ROAD",233.00,S,N,A,-,N,,,,,,,,,,Y,2,0,1,1,A,-,01,23152,A,N,F,A,A,A,H,-,D,A,0,,,,,Y,Y,A,07,1,0,0,0,0,0,0,0,0,"- ","- ",32.854518890380859,-115.38014984130859,IMPERIAL,UNINCORPORATED,-115.38028717041016,32.853984832763672
90872567,2018,2018-11-30,9625,2018-11-18,0955,016248,,7,1,9,1300,0,1,3,,2,052,"STATE ROUTE 98","HOLDRIDGE ROAD",13200.00,E,N,A,-,Y,,,98,,,,,,,Y,2,0,1,1,A,-,08,22107,,N,F,A,A,A,H,-,A,D,0,,,,,Y,,A,01,1,0,0,0,0,0,0,0,0,"- ","- ",32.712581634521484,-115.24220275878906,IMPERIAL,UNINCORPORATED,-115.24219512939453,32.712799072265625
90872628,2018,2018-11-30,9620,2018-11-25,1639,019582,,7,2,9,1300,0,1,1,,2,082,"I-8 E/B","WINTERHAVEN DR",1584.00,W,N,A,-,Y,,,8,,,,,,E,Y,2,0,1,2,A,-,07,21658,A,F,F,A,A,A,H,-,A,D,0,,,,,Y,,-,99,1,0,0,0,0,0,0,0,0,"- ","- ",32.737758636474609,-114.65712738037109,IMPERIAL,UNINCORPORATED,-114.65712738037109,32.737129211425781
90874160,2018,2018-12-03,9625,2018-11-26,1535,019667,,1,2,9,1300,0,3,5,,2,050,"ATEN ROAD, E/B","OLD HIGHWAY 111",645.00,W,N,A,-,N,,,,,,,,,,Y,3,0,1,1,A,-,08,22107,,N,E,I,A,A,H,-,A,A,0,,,,,Y,,A,01,0,1,0,0,0,0,0,0,0,"- ","- ",32.825969696044922,-115.50353240966797,IMPERIAL,UNINCORPORATED,-115.50339508056641,32.825748443603516
90874175,2018,2018-12-03,9625,2018-11-21,1419,019035,,3,2,9,1300,0,1,3,,1,012,"SR-86 N/B","MONTEREY AVENUE",0.00,,Y,A,-,Y,,,86,,,,,,N,Y,2,0,2,2,A,-,09,21803,A,N,D,C,A,A,H,-,A,A,0,,,,,Y,,A,01,1,0,1,0,0,0,0,0,0,"- ","- ",33.402000427246094,-116.04470062255859,IMPERIAL,UNINCORPORATED,-116.04503631591797,33.40191650390625
90875356,2018,2018-12-04,9625,2018-11-25,1806,022010,,7,2,9,1300,0,1,3,,1,011,"SR-86, S/B",SR-78,0.00,,Y,A,-,Y,,,86,,,,,,S,Y,3,0,2,2,A,-,12,21453,A,N,D,C,A,A,H,-,B,A,0,,,,,Y,,A,07,0,2,0,0,0,0,0,0,0,"- ","- ",32.998931884765625,-115.58901977539062,IMPERIAL,UNINCORPORATED,-115.58901214599609,32.998939514160156
90875368,2018,2018-12-04,9625,2018-11-23,0415,020263,,5,3,9,1300,0,1,3,,2,056,"SR-115, S/B","ZENOS ROAD",200.00,N,N,A,-,Y,,,115,,,,,,S,Y,2,0,4,2,A,-,05,21650,,N,A,C,A,A,H,-,C,D,0,,,,,Y,,A,01,2,1,1,0,0,0,0,0,0,"- ","- ",32.813770294189453,-115.40617370605469,IMPERIAL,UNINCORPORATED,-115.4061279296875,32.813770294189453
90875391,2018,2018-12-04,9625,2018-11-22,0110,020704,,4,3,9,1300,0,1,1,,2,001,"I-8 (E/B)","IN KO PAH ROAD",2640.00,E,N,A,-,Y,,,8,,,,,,,Y,2,0,1,1,A,-,08,22107,,N,E,I,A,A,H,-,D,D,0,,,,,Y,,A,01,1,0,0,0,0,0,0,0,0,"- ","- ",32.649211883544922,-116.10263824462891,IMPERIAL,UNINCORPORATED,-116.10266876220703,32.649234771728516
90875901,2018,2018-12-05,9625,2018-11-23,0750,017432,,5,1,9,1300,0,1,1,,2,004,"I-8 (W/B)","IMPERIAL HIGHWAY",13200.00,E,N,A,-,Y,,,8,,,,,,,Y,4,0,4,2,A,-,07,21658,A,N,C,C,A,A,H,-,A,D,0,,,,,Y,,A,01,0,0,4,0,0,0,0,0,0,"- ","- ",32.744598388671875,-115.95252990722656,IMPERIAL,UNINCORPORATED,-115.95252227783203,32.744552612304688
90876021,2018,2018-12-05,9625,2018-11-28,0525,020111,,3,3,3,1301,0,1,3,,1,011,"WALKER ROAD, W/B","FORRESTER ROAD",1901.00,E,N,A,-,N,,,,,,,,,,Y,3,0,5,2,A,-,08,22107,,N,A,A,A,A,H,-,C,A,0,,,,,Y,,D,22,0,1,4,0,0,0,0,0,0,"- ","- ",33.074981689453125,-115.61495208740234,IMPERIAL,BRAWLEY,-115.614501953125,33.075344085693359
90876512,2018,2018-12-05,9625,2018-11-21,0750,017055,,3,1,9,1300,0,1,3,,1,012,"SR-86 (S/B)",SR-78,0.00,,Y,A,-,Y,,,86,,,,,,,Y,3,0,3,2,A,-,09,21802,A,N,D,C,A,A,H,-,A,A,0,,,,Y,Y,,A,07,0,3,0,0,0,0,0,0,0,"- ","- ",33.125778198242188,-115.85543823242188,IMPERIAL,UNINCORPORATED,-115.85543060302734,33.125782012939453
90877071,2018,2018-12-06,9625,2018-12-03,1715,019225,,1,2,9,1300,0,1,3,,2,053,"STATE ROUTE 111 (NORTHBOUND)","JASPER ROAD",2112.00,N,N,A,-,Y,,,111,,,,,,,Y,4,0,1,2,A,-,03,22350,,N,C,C,A,A,H,-,D,A,0,,,,,Y,,D,22,0,0,1,0,0,0,0,0,0,"- ","- ",32.716049194335938,-115.49935150146484,IMPERIAL,UNINCORPORATED,-115.49948120117188,32.716049194335938
90879643,2018,2018-12-10,9625,2018-12-02,2220,020263,,7,3,9,1300,0,1,3,,2,025,SR-78,"IMP MPM 30",2640.00,E,N,A,-,Y,,,78,,,,,,,Y,3,0,1,1,A,-,01,23152,F,N,F,A,A,A,H,-,D,D,0,,,,,Y,,A,01,0,1,0,0,0,0,0,0,0,"- ","- ",32.970489501953125,-115.25138854980469,IMPERIAL,UNINCORPORATED,-115.25138854980469,32.970535278320312
9087973,2020,2020-10-21,1304,2020-05-07,1629,326,EWES,4,5,4,1304,0,0,0,,0,,IMPERIAL,BRADSHAW,0.00,,Y,A,-,Y,IMP,11,86,-,-,8.302,I,5,S,Y,4,0,2,2,A,-,12,21453,A,N,D,C,A,A,H,-,A,A,0,,,,,Y,,-,"- ",0,0,2,0,0,0,0,0,0,"- ","- ",,,IMPERIAL,"EL CENTRO",-115.56992340087891,32.811126708984375
90881050,2018,2018-12-12,9625,2018-12-01,2030,019035,,6,2,9,1300,0,1,3,,2,053,"SR-111 N/B","MCCABE ROAD",2112.00,N,N,A,-,Y,,,111,,,,,,N,Y,3,0,1,1,A,-,01,23152,A,N,F,A,A,A,H,-,C,D,0,,,,,Y,Y,D,22,0,1,0,0,0,0,0,0,0,"- ","- ",32.758701324462891,-115.50070190429688,IMPERIAL,UNINCORPORATED,-115.50083923339844,32.758697509765625
90881552,2018,2018-12-12,9625,2018-12-06,2019,019035,,4,2,9,1300,0,1,3,,2,053,"SR-111 S/B","JASPER ROAD",2640.00,N,N,C,-,Y,,,111,,,,,,S,Y,4,0,1,2,A,-,08,22107,,N,B,C,A,A,H,-,C,D,0,,,,,Y,,A,01,0,0,1,0,0,0,0,0,0,"- ","- ",32.713298797607422,-115.49960327148438,IMPERIAL,UNINCORPORATED,-115.49946594238281,32.713302612304688
90881579,2018,2018-12-12,9625,2018-12-06,1425,019225,,4,2,9,1300,0,1,1,,2,001,"INTERSTATE 8 (EASTBOUND)","MOUNTAIN SPRINGS ROAD",20856.00,E,N,B,C,Y,,,8,,,,,,,Y,4,0,1,1,A,-,08,22107,,N,E,I,A,B,H,-,A,D,0,,,,,Y,,A,01,0,0,1,0,0,0,0,0,0,"- ","- ",32.694789886474609,-116.06331634521484,IMPERIAL,UNINCORPORATED,-116.06331634521484,32.694786071777344
9088161,2020,2020-06-04,1301,2020-01-04,2315,9A8,BRAWL,6,5,3,1301,0,0,0,,0,001,"FLAMMANG AV","SPRUCE ST",115.00,E,N,A,-,N,,,,,,,,,,N,4,0,1,2,A,-,01,23152,B,N,C,E,A,A,H,-,C,D,0,,,,,Y,Y,D,22,0,0,1,0,0,0,0,0,0,"- ","- ",,,IMPERIAL,BRAWLEY,-115.53758239746094,32.988140106201172
9088165,2020,2020-09-23,1301,2020-02-28,0502,9A2,BRAWL,5,5,3,1301,0,0,0,,0,003,"RT 111","N BEST RD",0.00,,Y,A,-,Y,IMP,11,78,-,R,13.880,H,-,E,Y,3,0,1,2,A,-,09,21802,A,N,C,C,A,A,H,-,C,A,0,,,,Y,Y,,A,01,0,1,0,0,0,0,0,0,0,"- ","- ",,,IMPERIAL,BRAWLEY,-115.51034545898438,32.999397277832031
90881675,2018,2018-12-12,9625,2018-12-09,2100,019667,,7,2,9,1300,0,1,3,,2,052,SR-98,"MAGGIO ROAD",356.00,W,N,A,-,Y,,,98,,,,,,,Y,4,0,1,2,A,-,09,21804,A,N,D,C,A,A,H,-,D,D,0,,,,,Y,,E,22,0,0,1,0,0,0,0,0,0,"- ","- ",32.693878173828125,-115.39697265625,IMPERIAL,UNINCORPORATED,-115.39697265625,32.693740844726562
90883089,2018,2018-12-14,9625,2018-12-06,1735,019225,,4,2,9,1300,0,3,5,,2,040,"S-2 (IMPERIAL HIGHWAY)","DOS CABEZA ROAD",4224.00,W,N,C,-,N,,,,,,,,,,Y,4,0,1,1,A,-,08,22107,,N,F,A,A,B,H,-,D,D,0,,,,,Y,,D,22,0,0,1,0,0,0,0,0,0,"- ","- ",32.757900238037109,-116.06199645996094,IMPERIAL,UNINCORPORATED,-116.06200408935547,32.757896423339844
90883126,2018,2018-12-14,9625,2018-12-10,0450,019668,,1,3,9,1300,0,1,1,,2,005,"INTERSTATE 8 EASTBOUND","BONDS CORNER ROAD",3211.00,W,N,A,-,Y,,,,,,,,,,Y,4,0,1,2,C,-,18,,,N,E,J,A,A,H,-,C,D,0,,,,Y,Y,,-,"- ",0,0,1,0,0,0,0,0,0,"- ","- ",32.771999359130859,-115.30950164794922,IMPERIAL,UNINCORPORATED,-115.34757232666016,32.773239135742188
90883626,2018,2018-12-14,9625,2018-12-04,0001,013627,,2,3,9,1300,0,3,5,,2,050,"1903 MILLER ROAD","STATE ROUTE 115",35.00,N,N,A,-,N,,,,,,,,,,Y,3,0,1,1,A,-,08,22107,,M,E,I,A,A,H,-,D,A,0,,,,,Y,,A,01,0,1,0,0,0,0,0,0,0,"- ","- ",32.787681579589844,-115.30281829833984,IMPERIAL,UNINCORPORATED,-115.3028564453125,32.787540435791016
90884335,2018,2018-12-17,9625,2018-12-05,0925,013627,,3,1,9,1300,0,3,5,,2,050,"BOWKER ROAD","JASPER ROAD",0.00,,Y,B,-,N,,,,,,,,,,Y,4,0,1,2,A,-,05,21752,D,N,D,C,A,A,H,-,A,D,0,,,,,Y,,D,22,0,0,1,0,0,0,0,0,0,"- ","- ",32.708530426025391,-115.46499633789062,IMPERIAL,UNINCORPORATED,-115.46510314941406,32.708560943603516
90884552,2018,2018-12-17,9625,2018-12-10,0740,016248,,1,1,9,1300,0,2,4,,2,046,"DOGWOOD ROAD","HUSTON ROAD",1300.00,S,N,B,-,N,,,,,,,,,,N,4,0,1,1,A,-,03,22350,,N,H,A,A,A,H,-,A,D,0,,,,,Y,,A,01,0,0,1,0,0,0,0,0,0,"- ","- ",32.836418151855469,-115.53611755371094,IMPERIAL,UNINCORPORATED,-115.53571319580078,32.836498260498047
90884565,2018,2018-12-17,9625,2018-12-05,1200,013627,,3,1,9,1300,0,3,5,,2,050,"ROOD ROAD","MAGGIO ROAD",402.00,S,N,A,-,N,,,,,,,,,,Y,2,0,1,2,A,-,05,21651,A,N,B,C,A,A,H,-,A,D,0,,,,Y,Y,,-,"- ",1,0,0,0,0,0,0,0,0,"- ","- ",32.684539794921875,-115.37821960449219,IMPERIAL,UNINCORPORATED,-115.37818145751953,32.6846923828125
90884687,2018,2018-12-17,9620,2018-12-13,1933,020738,,4,2,9,1300,0,1,1,,2,081,"I-8 EASTBOUND","GRAYS WELLS RD",2640.00,E,N,A,-,Y,,,,,,,,,,Y,2,0,1,1,A,-,08,22107,,N,F,A,A,A,H,-,D,D,0,,,,,Y,,D,22,1,0,0,0,0,0,0,0,0,"- ","- ",34.746860504150391,-114.87525177001953,IMPERIAL,UNINCORPORATED,,
90885139,2018,2018-12-18,9625,2018-07-22,0127,020263,,7,3,9,1300,0,3,5,,2,050,"BOWKER ROAD","MCCABE ROAD",2032.00,N,N,A,-,N,,,,,,,,,,Y,1,1,1,1,A,-,08,22107,,N,F,A,A,A,H,-,D,A,0,,,Y,,Y,,C,02,0,1,0,0,0,0,0,1,1,"- ","- ",32.757949829101562,-115.46504211425781,IMPERIAL,UNINCORPORATED,-115.46502685546875,32.757663726806641
90886125,2018,2019-01-07,9625,2018-12-12,0538,019668,,3,3,9,1300,0,3,5,,2,050,"ROSS ROAD","BASS COVE ROAD",3590.00,W,N,A,-,N,,,,,,,,,,Y,2,0,1,1,A,-,01,23152,A,N,E,I,A,A,H,-,D,D,0,,,,,Y,Y,A,01,1,0,0,0,0,0,0,0,0,"- ","- ",32.781501770019531,-115.52361297607422,IMPERIAL,UNINCORPORATED,-115.52658081054688,32.781501770019531
90886160,2018,2018-12-19,9625,2018-12-17,1800,019667,,1,2,9,1300,0,1,3,,2,053,"NORTHBOUND SR-111","HEBER ROAD",180.00,S,N,A,-,Y,,,111,,,,,,,N,4,0,1,2,A,-,03,22350,,N,C,C,A,A,H,-,C,A,0,,,,,Y,,A,01,0,0,1,0,0,0,0,0,0,"- ","- ",32.730018615722656,-115.50025177001953,IMPERIAL,UNINCORPORATED,-115.50039672851562,32.730018615722656
90887353,2018,2018-12-20,9625,2018-12-18,1500,019667,,2,2,9,1300,0,2,4,,2,046,"DOGWOOD ROAD, N/B","HEBER ROAD",1232.00,S,N,A,-,N,,,,,,,,,,Y,4,0,1,2,A,-,03,22350,,N,C,C,A,A,H,-,A,D,0,,,,,Y,,A,01,0,0,1,0,0,0,0,0,0,"- ","- ",32.727241516113281,-115.53440856933594,IMPERIAL,UNINCORPORATED,-115.53440093994141,32.727272033691406
90887926,2018,2018-12-21,9625,2018-12-16,2120,018792,,7,2,9,1300,0,1,3,,1,021,"111 S/B","FREDRICKS ROAD",350.00,N,N,A,-,Y,,,,,,,,,,Y,3,0,1,2,A,-,05,21460,A,N,D,C,A,A,H,-,D,D,0,,,,,Y,,A,01,0,1,0,0,0,0,0,0,0,"- ","- ",33.005241394042969,-115.52655029296875,IMPERIAL,UNINCORPORATED,,
90888086,2018,2018-12-21,9620,2018-12-14,1400,020738,,5,2,9,1300,0,1,1,,2,082,"I-8 WESTBOUND","OGILBY RD",250.00,E,N,B,-,Y,,,8,,,,,,W,Y,4,0,1,2,A,-,01,23152,F,N,B,C,A,A,H,-,A,D,0,,,,,Y,,A,01,0,0,1,0,0,0,0,0,0,"- ","- ",32.76055908203125,-114.83615112304688,IMPERIAL,UNINCORPORATED,-114.83615112304688,32.760551452636719
90889500,2018,2018-12-24,9625,2018-12-18,1540,020516,,2,2,9,1300,0,1,3,,2,053,"N/B SR111","HEBER ROAD",3920.00,N,N,A,-,Y,,,,,,,,,,Y,4,0,1,2,A,-,03,22350,,N,C,C,A,A,H,-,A,D,0,,,,,Y,,A,01,0,0,1,0,0,0,0,0,0,"- ","- ",32.741390228271484,-115.50054168701172,IMPERIAL,UNINCORPORATED,,
90890399,2018,2018-12-26,9620,2018-12-18,0655,016222,,2,1,9,1300,0,1,1,,2,081,"INTERSTATE 8","GORDONS WELL RD",8448.00,E,N,A,-,Y,,,8,,,,,,,Y,4,0,1,1,A,-,01,23152,F,N,E,I,A,A,H,-,A,D,0,,,,,Y,,A,07,0,0,1,0,0,0,0,0,0,"- ","- ",32.710441589355469,-114.93222045898438,IMPERIAL,UNINCORPORATED,-114.93221282958984,32.710403442382812
90891052,2018,2018-12-27,9625,2018-12-21,1930,019667,,5,2,9,1300,0,2,4,,2,046,"DOGWOOD ROAD","BLACK HILLS ROAD",85.00,S,N,B,-,N,,,,,,,,,,N,4,0,1,2,A,-,05,21202,A,N,B,G,A,A,H,-,C,D,0,,Y,,,Y,Y,L,04,0,0,1,0,0,0,1,0,0,"- ","- ",32.741268157958984,-115.53463745117188,IMPERIAL,UNINCORPORATED,-115.53466796875,32.741336822509766
90891244,2018,2018-12-27,9625,2018-12-18,1635,020516,,2,2,9,1300,0,1,3,,2,053,"N/B SR-111","CORRELL ROAD",320.00,S,N,A,-,Y,,,111,,,,,,,Y,3,0,1,4,A,-,03,22350,,N,C,C,A,A,H,-,A,D,0,,,,,Y,,D,22,0,1,0,0,0,0,0,0,0,"- ","- ",32.736930847167969,-115.50038909912109,IMPERIAL,UNINCORPORATED,-115.50053405761719,32.736927032470703