CASE_ID,ACCIDENT_YEAR,PROC_DATE,JURIS,COLLISION_DATE,COLLISION_TIME,OFFICER_ID,REPORTING_DISTRICT,DAY_OF_WEEK,CHP_SHIFT,POPULATION,CNTY_CITY_LOC,SPECIAL_COND,BEAT_TYPE,CHP_BEAT_TYPE,CITY_DIVISION_LAPD,CHP_BEAT_CLASS,BEAT_NUMBER,PRIMARY_RD,SECONDARY_RD,DISTANCE,DIRECTION,INTERSECTION,WEATHER_1,WEATHER_2,STATE_HWY_IND,CALTRANS_COUNTY,CALTRANS_DISTRICT,STATE_ROUTE,ROUTE_SUFFIX,POSTMILE_PREFIX,POSTMILE,LOCATION_TYPE,RAMP_INTERSECTION,SIDE_OF_HWY,TOW_AWAY,COLLISION_SEVERITY,NUMBER_KILLED,NUMBER_INJURED,PARTY_COUNT,PRIMARY_COLL_FACTOR,PCF_CODE_OF_VIOL,PCF_VIOL_CATEGORY,PCF_VIOLATION,PCF_VIOL_SUBSECTION,HIT_AND_RUN,TYPE_OF_COLLISION,MVIW,PED_ACTION,ROAD_SURFACE,ROAD_COND_1,ROAD_COND_2,LIGHTING,CONTROL_DEVICE,CHP_ROAD_TYPE,PEDESTRIAN_ACCIDENT,BICYCLE_ACCIDENT,MOTORCYCLE_ACCIDENT,TRUCK_ACCIDENT,NOT_PRIVATE_PROPERTY,ALCOHOL_INVOLVED,STWD_VEHTYPE_AT_FAULT,CHP_VEHTYPE_AT_FAULT,COUNT_SEVERE_INJ,COUNT_VISIBLE_INJ,COUNT_COMPLAINT_PAIN,COUNT_PED_KILLED,COUNT_PED_INJURED,COUNT_BICYCLIST_KILLED,COUNT_BICYCLIST_INJURED,COUNT_MC_KILLED,COUNT_MC_INJURED,PRIMARY_RAMP,SECONDARY_RAMP,LATITUDE,LONGITUDE,COUNTY,CITY,POINT_X,POINT_Y
90926640,2018,2019-02-14,9625,2018-12-31,0345,020111,,1,3,9,1300,0,1,3,,1,054,"SR-111 S/B","KEYSTONE ROAD",0.00,,Y,A,-,Y,,,111,,,,,,S,Y,1,1,1,2,A,-,12,21453,A,N,D,C,A,A,H,-,C,A,0,,,,,Y,,A,01,1,0,0,0,0,0,0,0,0,"- ","- ",32.912509918212891,-115.50919342041016,IMPERIAL,UNINCORPORATED,-115.50914001464844,32.912509918212891
90926893,2019,2019-02-14,9625,2019-02-06,1040,013627,,3,1,9,1300,0,3,5,,2,050,"ROOD ROAD","CARR ROAD",167.00,S,N,A,-,N,,,,,,,,,,N,3,0,1,2,A,-,06,21754,,N,B,C,A,A,H,-,A,D,0,,,Y,,Y,,C,02,0,1,0,0,0,0,0,0,1,"- ","- ",32.679279327392578,-115.37850189208984,IMPERIAL,UNINCORPORATED,-115.37840270996094,32.679363250732422
90928687,2019,2019-02-19,9625,2019-02-11,1947,020516,,1,2,9,1300,0,1,1,,2,004,"INTERSTATE 8 W/B","DUNAWAY ROAD",3640.00,W,N,A,-,Y,,,8,,,,,,W,Y,2,0,1,1,A,-,08,22107,,N,F,A,A,A,H,-,D,D,0,,,,,Y,,D,22,1,0,0,0,0,0,0,0,0,"- ","- ",32.766571044921875,-115.81265258789062,IMPERIAL,UNINCORPORATED,-115.81266784667969,32.766639709472656
90928914,2019,2019-02-19,9625,2019-02-14,0240,020263,,4,3,9,1300,0,1,3,,2,055,SR-115,"HARRIS ROAD",20.00,S,N,B,-,Y,,,115,,,,,,,N,4,0,1,1,C,-,18,,,N,E,H,A,B,H,-,D,D,0,,,,,Y,,-,"- ",0,0,1,0,0,0,0,0,0,"- ","- ",32.883399963378906,-115.40619659423828,IMPERIAL,UNINCORPORATED,-115.40624237060547,32.883399963378906
90929370,2019,2019-02-19,9625,2019-01-02,1930,018792,,3,2,9,1300,0,3,5,,2,020,"EAST BEAL ROAD","LOW ROAD",768.00,W,N,A,-,N,,,,,,,,,,Y,1,1,1,2,A,-,03,22350,,N,A,G,A,A,H,-,D,D,0,,Y,,,Y,,D,22,1,0,0,0,0,1,1,0,0,"- ","- ",33.258090972900391,-115.46771240234375,IMPERIAL,UNINCORPORATED,-115.46751403808594,33.258213043212891
90929417,2019,2019-02-19,9625,2019-02-07,1315,017432,,4,1,9,1300,0,1,3,,1,044,"STATE ROUTE 86 N/B","LEGION ROAD",1467.00,S,N,A,-,Y,,,86,,,,,,N,Y,4,0,1,1,A,-,08,22107,,N,E,I,A,A,H,-,A,D,0,,,,,Y,,A,01,0,0,1,0,0,0,0,0,0,"- ","- ",32.956230163574219,-115.552978515625,IMPERIAL,UNINCORPORATED,-115.55308532714844,32.956371307373047
90930455,2018,2019-02-20,9625,2018-12-27,0500,018773,,4,3,9,1300,0,1,3,,2,052,SR-98,"HOLDRIDGE ROAD",15840.00,E,N,A,-,Y,,,98,,,,,,,Y,1,3,1,2,A,-,05,21650,,N,A,C,A,A,H,-,D,D,0,,,,,Y,,A,01,0,0,1,0,0,0,0,0,0,"- ","- ",32.712779998779297,-115.24163818359375,IMPERIAL,UNINCORPORATED,-115.24163818359375,32.712787628173828
90931450,2019,2019-02-21,9625,2019-02-11,1119,013627,,1,1,9,1300,0,2,4,,2,057,"EVAN HEWES HIGHWAY EASTBOUND","BELL ROAD",923.00,W,N,A,-,N,,,,,,,,,,Y,3,0,1,1,A,-,08,22107,,N,F,A,A,A,H,-,A,D,0,,,,,Y,,A,07,0,1,0,0,0,0,0,0,0,"- ","- ",32.802761077880859,-115.44258117675781,IMPERIAL,UNINCORPORATED,-115.44218444824219,32.803318023681641
90931459,2019,2019-02-21,9625,2019-02-11,0753,013627,,1,1,9,1300,0,1,3,,1,054,"STATE ROUTE 111","ATEN ROAD",1066.00,S,N,B,-,Y,,,111,,,,,,,Y,4,0,1,5,A,-,04,21703,,N,C,C,A,A,H,-,A,D,0,,,,,Y,,A,01,0,0,1,0,0,0,0,0,0,"- ","- ",32.822761535644531,-115.50012969970703,IMPERIAL,UNINCORPORATED,-115.500244140625,32.822761535644531
90931478,2019,2019-02-21,9625,2019-02-12,0754,013627,,2,1,9,1300,0,1,3,,2,053,"STATE ROUTE 111 N/B","INTERSTATE 8",432.00,S,N,B,-,Y,,,111,,,,,,N,Y,4,0,1,2,A,-,04,21703,,N,C,C,A,A,H,-,A,D,0,,,,,Y,,A,01,0,0,1,0,0,0,0,0,0,"- ","- ",32.772369384765625,-115.50106811523438,IMPERIAL,UNINCORPORATED,-115.50115966796875,32.772365570068359
90931513,2019,2019-02-21,9625,2019-02-13,1242,017731,,3,1,9,1300,0,1,3,,2,052,"SR-98 W/B","BARBARA WORTH ROAD",2640.00,W,N,A,-,Y,,,98,,,,,,W,N,4,0,1,2,A,-,03,22350,,N,C,A,A,A,D,-,A,A,0,,,,,Y,,A,08,0,0,1,0,0,0,0,0,0,"- ","- ",32.694000244140625,-115.44114685058594,IMPERIAL,UNINCORPORATED,-115.44114685058594,32.693851470947266
90931527,2019,2019-02-21,9625,2019-02-12,1215,017731,,2,1,9,1300,0,1,3,,1,042,SR-98,"CRUCIFIXION TORN",214.00,W,N,A,-,Y,,,98,,,,,,,Y,3,0,3,2,A,-,05,21650,,N,B,C,A,A,H,-,A,D,0,,,,Y,Y,,A,07,0,1,2,0,0,0,0,0,0,"- ","- ",32.667171478271484,-115.8739013671875,IMPERIAL,UNINCORPORATED,-115.8739013671875,32.667236328125
90932047,2019,2019-02-22,9625,2019-02-15,1950,017809,,5,2,9,1300,0,1,3,,1,012,"STATE ROUTE 86 SB","SUNRISE DRIVE",0.00,,Y,A,-,Y,,,,,,,,,,Y,2,0,2,2,A,-,09,21802,A,N,D,C,A,A,H,-,D,A,0,,,,,Y,,A,07,1,1,0,0,0,0,0,0,0,"- ","- ",33.284759521484375,-115.96360778808594,IMPERIAL,UNINCORPORATED,,
90932336,2018,2019-02-22,9625,2018-12-30,2055,017809,,7,2,9,1300,0,3,5,,2,010,"SUBURBAN AVENUE","CATALINA AVENUE",520.00,S,N,A,-,N,,,,,,,,,,Y,1,1,0,1,A,-,01,23152,A,N,F,A,A,A,A,-,D,D,0,,,,,Y,Y,D,22,0,0,0,0,0,0,0,0,0,"- ","- ",33.295021057128906,-115.98930358886719,IMPERIAL,UNINCORPORATED,-115.98917388916016,33.294742584228516
90932943,2019,2019-02-25,9625,2019-02-13,0755,017432,,3,1,9,1300,0,1,3,,1,054,"STATE ROUTE 111 N/B","ATEN ROAD",1954.00,S,N,A,-,Y,,,111,,,,,,N,N,4,0,1,3,A,-,03,22350,,N,C,C,A,A,H,-,A,D,0,,,,,Y,,D,22,0,0,1,0,0,0,0,0,0,"- ","- ",32.820400238037109,-115.50016784667969,IMPERIAL,UNINCORPORATED,-115.50028228759766,32.820400238037109
90932967,2019,2019-02-25,9625,2019-02-18,2048,018792,,1,2,9,1300,0,1,3,,1,011,"SR-86 N/B","BAUGHMAN ROAD",581.00,S,N,A,-,Y,,,86,,,,,,N,Y,3,0,1,1,A,-,08,22107,,N,E,I,A,A,H,-,D,D,0,,,,,Y,,A,07,0,1,0,0,0,0,0,0,0,"- ","- ",33.028659820556641,-115.60803985595703,IMPERIAL,UNINCORPORATED,-115.60813140869141,33.028598785400391
90933005,2019,2019-02-25,9625,2019-02-15,1640,019035,,5,2,9,1300,0,1,3,,2,053,"SR-111 N/B","MCCABE ROAD",45.00,S,N,A,-,Y,,,111,,,,,,N,N,3,0,1,2,A,-,03,22350,,N,C,C,A,A,H,-,B,A,0,,,,,Y,,A,01,0,1,0,0,0,0,0,0,0,"- ","- ",32.751499176025391,-115.50050354003906,IMPERIAL,UNINCORPORATED,-115.50075531005859,32.751499176025391
90933606,2019,2019-10-01,9625,2019-02-18,1556,018773,,1,2,9,1300,0,3,5,,2,050,"BARBARA WORTH ROAD","ROSS ROAD",0.00,,Y,A,-,N,,,,,,,,,,Y,4,0,1,2,A,-,09,21802,A,N,D,C,A,A,H,-,A,A,0,,,,,Y,,D,22,0,0,1,0,0,0,0,0,0,"- ","- ",32.781078338623047,-115.43079376220703,IMPERIAL,UNINCORPORATED,-115.43076324462891,32.781150817871094
90934045,2019,2019-02-26,9625,2019-02-21,1641,018773,,4,2,9,1300,0,1,3,,2,055,SR-115,"BRIDENSTEIN ROAD",950.00,E,N,B,-,Y,,,115,,,,,,,Y,3,0,1,1,A,-,08,22107,,N,F,A,A,A,H,-,A,D,0,,,,,Y,,A,01,0,1,0,0,0,0,0,0,0,"- ","- ",32.811069488525391,-115.35173034667969,IMPERIAL,UNINCORPORATED,-115.35173034667969,32.811134338378906
90934332,2019,2019-02-26,9625,2019-02-22,2339,020054,,5,3,9,1300,0,1,1,,2,005,"E/B I-8","DOGWOOD ROAD",1162.00,E,N,A,-,Y,,,,,,,,,,Y,3,0,1,1,A,-,01,23152,A,N,E,I,A,A,H,-,D,D,0,,,,,Y,Y,D,22,0,1,0,0,0,0,0,0,0,"- ","- ",32.773628234863281,-115.53070068359375,IMPERIAL,UNINCORPORATED,,
9093517,2020,2020-07-27,1301,2020-04-07,2041,910,BRAWL,2,5,3,1301,0,0,0,,0,001,"N RIO VISTA AV","W ADLER ST",79.00,S,N,A,-,N,,,,,,,,,,N,3,0,1,2,A,-,13,22502,A,N,G,C,A,A,H,-,C,D,0,,,,,Y,,A,01,0,1,0,0,0,0,0,0,0,"- ","- ",,,IMPERIAL,BRAWLEY,-115.54798126220703,32.985492706298828
90935575,2019,2019-02-27,9625,2019-02-17,0520,017727,,7,3,9,1300,0,3,5,,2,020,"AVENUE C","1ST ST",170.00,S,N,A,-,N,,,,,,,,,,Y,2,0,1,1,A,-,01,23152,A,N,A,I,A,A,H,-,D,D,0,,,,,Y,,A,01,1,0,0,0,0,0,0,0,0,"- ","- ",33.354038238525391,-115.73169708251953,IMPERIAL,UNINCORPORATED,-115.73175811767578,33.353836059570312
90939267,2019,2019-03-04,9625,2019-02-20,0625,017432,,3,1,9,1300,0,1,3,,1,022,"STATE ROUTE 111","BEACH ROAD",1056.00,N,N,A,-,Y,,,111,,,,,,,Y,3,0,1,1,A,-,08,22107,,N,E,I,A,A,H,-,A,D,0,,,,,Y,,A,01,0,1,0,0,0,0,0,0,0,"- ","- ",33.266040802001953,-115.56307220458984,IMPERIAL,UNINCORPORATED,-115.56309509277344,33.266006469726562
90939286,2019,2019-03-04,9625,2019-02-23,1713,018792,,6,2,9,1300,0,3,5,,2,010,"BORREGO SALTON SEAWAY","ALTADENA AVE",15.00,E,N,A,-,N,,,,,,,,,,Y,3,0,1,2,A,-,09,21801,A,N,D,C,A,A,H,-,B,D,0,,,,,Y,,A,01,0,1,0,0,0,0,0,0,0,"- ","- ",33.273651123046875,-115.97540283203125,IMPERIAL,UNINCORPORATED,-115.97553253173828,33.273639678955078
90939496,2019,2019-03-05,9620,2019-02-25,1657,017051,,1,2,9,1300,0,1,1,,2,081,"I-8 W/B","S-34 (OGILBY RD)",5280.00,W,N,A,-,Y,,,8,,,,,,W,Y,2,0,1,1,A,-,08,22107,,N,E,I,A,A,H,-,A,D,0,,,,,Y,,A,01,1,0,0,0,0,0,0,0,0,"- ","- ",32.757301330566406,-114.85472869873047,IMPERIAL,UNINCORPORATED,-114.85469818115234,32.757217407226562
90939667,2019,2019-03-05,9620,2019-02-27,0827,016222,,3,1,9,1300,0,1,3,,1,062,SR-186,"ALL AMERICAN CANAL",12.00,N,N,A,-,Y,,,186,,,,,,,Y,3,0,3,2,A,-,05,21650,,N,A,C,A,A,H,-,A,D,0,,,,,Y,,A,01,0,2,1,0,0,0,0,0,0,"- ","- ",32.737388610839844,-114.71694183349609,IMPERIAL,UNINCORPORATED,-114.71703338623047,32.737312316894531
90940251,2019,2019-03-18,9625,2019-02-22,0850,017055,,5,1,9,1300,0,2,4,,2,046,"DOGWOOD ROAD","MCCABE ROAD",175.00,S,N,A,-,N,,,,,,,,,,N,4,0,1,2,A,-,03,22350,,N,C,C,A,A,H,-,A,D,0,,,,,Y,,A,01,0,0,1,0,0,0,0,0,0,"- ","- ",32.751789093017578,-115.53495788574219,IMPERIAL,UNINCORPORATED,-115.53489685058594,32.75189208984375
90940476,2019,2019-03-06,9625,2019-02-28,0400,019225,,4,3,9,1300,0,1,1,,2,003,"INTERSTATE 8 (EASTBOUND)","SILSBEE ROAD",3168.00,W,N,A,-,Y,,,8,,,,,,,Y,4,0,1,1,A,-,01,23152,A,N,F,A,A,A,H,-,D,D,0,,,,,Y,Y,D,22,0,0,1,0,0,0,0,0,0,"- ","- ",32.773738861083984,-115.65654754638672,IMPERIAL,UNINCORPORATED,-115.65654754638672,32.773799896240234
90941183,2019,2019-03-06,9625,2019-02-24,0555,017727,,7,3,9,1300,0,1,3,,2,023,SR-115,"WIEST ROAD",4752.00,W,N,A,-,Y,,,115,,,,,,,Y,3,0,1,1,A,-,08,22107,,N,F,A,A,A,H,-,D,D,0,,,,,Y,,A,07,0,1,0,0,0,0,0,0,0,"- ","- ",33.125499725341797,-115.46610260009766,IMPERIAL,UNINCORPORATED,-115.46610260009766,33.125625610351562
90941471,2019,2019-03-07,9625,2019-03-03,2255,020111,,7,3,9,1300,0,1,3,,2,014,"SR-78 W/B","ELDER ROAD",0.00,,Y,A,-,N,,,78,,,,,,W,Y,3,0,1,1,A,-,03,22350,,N,E,I,A,A,H,-,C,A,0,,,,,Y,,A,07,0,1,0,0,0,0,0,0,0,"- ","- ",32.999080657958984,-115.58966827392578,IMPERIAL,UNINCORPORATED,-115.58898162841797,32.999275207519531
90941712,2019,2019-03-07,9625,2019-03-06,1545,018279,,3,2,9,1300,0,1,3,,2,053,"SR-111, S/B","MCCABE ROAD",1200.00,N,N,A,-,Y,,,,,,,,,,Y,4,0,1,2,A,-,03,22350,,N,C,C,A,A,H,-,A,A,0,,,,,Y,,A,01,0,0,1,0,0,0,0,0,0,"- ","- ",32.756259918212891,-115.55085754394531,IMPERIAL,UNINCORPORATED,,
90941738,2019,2019-06-17,9620,2019-01-28,2255,018703,,1,3,9,1300,0,2,4,,1,061,"S-34 (OGILBY ROAD)",SR-78,20592.00,S,N,A,-,N,,,,,,,,,,Y,1,1,0,1,A,-,08,22107,,N,E,I,A,A,H,-,D,D,0,,,,,Y,,A,01,0,0,0,0,0,0,0,0,0,"- ","- ",33.03179931640625,-114.9039306640625,IMPERIAL,UNINCORPORATED,-114.90398406982422,33.031791687011719
90941984,2019,2019-03-07,9625,2019-02-26,1545,018930,,2,2,9,1300,0,1,3,,1,021,"SR-111, S/B","HOOBER ROAD",5.00,N,N,A,-,Y,,,111,,,,,,S,Y,2,0,2,1,A,-,08,22107,,N,E,I,A,A,H,-,A,D,0,,,,,Y,,D,22,1,1,0,0,0,0,0,0,0,"- ","- ",33.169101715087891,-115.51889801025391,IMPERIAL,UNINCORPORATED,-115.51905822753906,33.169101715087891
90941997,2019,2019-03-07,9625,2019-02-28,0920,013627,,4,1,9,1300,0,3,5,,2,050,"BOWKER ROAD","JASPER ROAD",1083.00,S,N,B,-,N,,,,,,,,,,Y,3,0,1,1,A,-,08,22107,,N,F,A,A,A,H,-,A,D,0,,,,,Y,,A,01,0,1,0,0,0,0,0,0,0,"- ","- ",32.705539703369141,-115.46495819091797,IMPERIAL,UNINCORPORATED,-115.46511840820312,32.705600738525391
90942710,2019,2019-03-08,9625,2019-02-26,0730,017727,,2,1,9,1300,0,3,5,,2,020,"SR-78 (E/B)","HOVLEY ROAD",55.00,W,N,A,-,Y,,,78,,,,,,,Y,3,0,1,2,A,-,03,22350,,N,C,D,A,A,H,-,A,A,0,,,,Y,Y,,G,26,0,1,0,0,0,0,0,0,0,"- ","- ",33.001701354980469,-115.54419708251953,IMPERIAL,UNINCORPORATED,-115.54420471191406,33.001712799072266
90944782,2019,2019-03-12,9625,2019-02-28,0625,017432,,4,1,9,1300,0,1,3,,1,054,"SR-111 (S/B)","KEYSTONE ROAD",1056.00,N,N,A,-,Y,,,111,,,,,,,Y,2,0,1,1,A,-,08,22107,,N,F,A,A,A,H,-,A,A,0,,,,,Y,,D,22,1,0,0,0,0,0,0,0,0,"- ","- ",32.915390014648438,-115.50920104980469,IMPERIAL,UNINCORPORATED,-115.50913238525391,32.915390014648438
90945167,2019,2019-03-13,9625,2019-03-03,1157,013627,,7,1,9,1300,0,3,5,,2,050,"HEBER ROAD","ANDERHOLT ROAD",761.00,W,N,B,G,N,,,,,,,,,,Y,4,0,2,1,A,-,08,22107,,N,F,I,A,A,H,-,A,D,0,,,,,Y,,A,07,0,0,2,0,0,0,0,0,0,"- ","- ",32.730220794677734,-115.41626739501953,IMPERIAL,UNINCORPORATED,-115.41620635986328,32.73016357421875
90946072,2019,2019-03-14,9625,2019-03-04,0754,013627,,1,1,9,1300,0,3,5,,2,050,"OLD HIGHWAY 111","IVC NORTH PARKING LOT ENTRANCE",0.00,,Y,B,-,N,,,,,,,,,,Y,2,0,2,2,A,-,09,21802,A,N,D,C,A,A,H,-,A,A,0,,,,,Y,,A,01,1,1,0,0,0,0,0,0,0,"- ","- ",32.831409454345703,-115.50126647949219,IMPERIAL,UNINCORPORATED,,
90946558,2019,2019-03-14,9625,2019-03-04,1335,017432,,1,1,9,1300,0,1,3,,2,014,"STATE ROUTE 78 E/B","HOVLEY ROAD",140.00,W,N,A,-,Y,,,78,,,,,,E,Y,4,0,4,2,A,-,03,22350,,N,C,C,A,A,H,-,A,A,0,,,,,Y,,A,01,0,0,4,0,0,0,0,0,0,"- ","- ",33.001621246337891,-115.5447998046875,IMPERIAL,UNINCORPORATED,-115.54479217529297,33.001590728759766
90946575,2019,2019-03-14,9625,2019-03-05,0804,013627,,2,1,9,1300,0,3,5,,2,050,"SINGH ROAD","ROSS ROAD",0.00,,Y,B,-,N,,,,,,,,,,N,3,0,1,2,A,-,09,21802,A,F,D,C,A,A,H,-,A,A,0,,,,,Y,,A,01,0,1,0,0,0,0,0,0,0,"- ","- ",32.781509399414062,-115.50241088867188,IMPERIAL,UNINCORPORATED,-115.50238037109375,32.781490325927734
90948023,2019,2019-03-18,9625,2019-01-26,1818,019225,,6,2,9,1300,0,3,5,,2,050,"HEBER AVENUE",SR-86,197.00,N,N,A,-,N,,,,,,,,,,N,1,1,0,2,A,-,03,22350,,N,G,B,D,A,H,-,C,D,0,Y,,,,Y,,A,01,0,0,0,1,0,0,0,0,0,"- ","- ",32.731281280517578,-115.53009796142578,IMPERIAL,UNINCORPORATED,-115.53008270263672,32.731227874755859
90949828,2019,2019-03-20,9625,2019-03-14,0940,019668,,4,1,9,1300,0,2,4,,2,046,"DOGWOOD ROAD","SCHARTZ ROAD",54.00,N,N,A,-,N,,,,,,,,,,Y,4,0,1,4,A,-,03,22350,,N,C,C,A,A,H,-,A,D,0,,,,,Y,,A,01,0,0,1,0,0,0,0,0,0,"- ","- ",32.941928863525391,-115.53559112548828,IMPERIAL,UNINCORPORATED,-115.53553771972656,32.941936492919922
90950205,2019,2019-03-20,9625,2019-03-08,0644,013627,,5,1,9,1300,0,1,3,,2,056,SR-115,"NORRISH ROAD",6.00,N,N,B,-,Y,,,115,,,,,,,Y,2,0,1,2,A,-,05,21752,D,N,F,C,A,A,H,-,B,D,0,,,Y,Y,Y,,C,02,1,0,0,0,0,0,0,0,1,"- ","- ",32.832920074462891,-115.4061279296875,IMPERIAL,UNINCORPORATED,-115.40616607666016,32.832920074462891
90950232,2019,2019-03-20,9625,2019-03-14,2005,018279,,4,2,9,1300,0,3,5,,2,050,"MCCABE ROAD","BARBARA WORTH ROAD",0.00,,Y,A,-,N,,,,,,,,,,Y,4,0,1,2,A,-,12,22450,A,N,D,C,A,A,H,-,D,A,0,,,,,Y,,A,01,0,0,1,0,0,0,0,0,0,"- ","- ",32.751941680908203,-115.43077087402344,IMPERIAL,UNINCORPORATED,-115.43074035644531,32.751941680908203
90952326,2019,2019-03-25,9625,2019-03-15,0850,016248,,5,1,9,1300,0,3,5,,2,040,"DREW ROAD","GRAHAM ROAD",937.00,S,N,A,-,N,,,,,,,,,,Y,2,0,1,1,A,-,08,22107,,N,F,A,A,A,H,-,A,D,0,,,,,Y,,D,22,1,0,0,0,0,0,0,0,0,"- ","- ",32.735748291015625,-115.68953704833984,IMPERIAL,UNINCORPORATED,-115.68990325927734,32.735485076904297
90952980,2019,2019-03-25,9625,2019-03-18,1525,019667,,1,2,9,1300,0,1,1,,2,001,"I-8 E/B","IN KO PAH PARK ROAD",2415.00,E,N,A,-,Y,,,8,,,,,,E,Y,3,0,1,2,A,-,08,22107,,N,F,D,A,A,H,-,A,D,0,,,,,Y,,A,01,0,1,0,0,0,0,0,0,0,"- ","- ",32.6485595703125,-116.10315704345703,IMPERIAL,UNINCORPORATED,-116.10321044921875,32.648601531982422
90952998,2019,2019-09-24,9625,2019-02-19,2500,013627,,2,4,9,1300,0,1,1,,2,002,"INTERSTATE 8 (W/B)","STATE ROUTE 98",10771.00,W,N,B,-,Y,,,8,,,,,,,Y,1,1,0,1,A,-,08,22107,,N,F,A,A,A,H,-,D,D,0,,,,,Y,,A,01,0,0,0,0,0,0,0,0,0,"- ","- ",32.728660583496094,-116.05612182617188,IMPERIAL,UNINCORPORATED,-116.05614471435547,32.728538513183594
90953991,2019,2019-03-26,9625,2019-03-16,0640,013627,,6,1,9,1300,0,1,3,,2,053,"STATE ROUTE 111 (N/B)","CHICK ROAD",101.00,N,N,A,-,Y,,,111,,,,,,,Y,4,0,1,1,A,-,01,23152,F,N,E,I,A,A,H,-,C,D,0,,,,,Y,,A,01,0,0,1,0,0,0,0,0,0,"- ","- ",32.768081665039062,-115.50076293945312,IMPERIAL,UNINCORPORATED,-115.50099945068359,32.768070220947266
90954394,2019,2019-03-27,9625,2019-03-21,2230,020054,,4,3,9,1300,0,3,5,,2,040,"CLARK ROAD","WILLOUGHBY ROAD",188.00,N,N,A,-,N,,,,,,,,,,Y,3,0,1,1,A,-,01,23152,A,N,E,I,A,A,H,-,D,D,0,,,,,Y,Y,A,07,0,1,0,0,0,0,0,0,0,"- ","- ",32.707969665527344,-115.55992889404297,IMPERIAL,UNINCORPORATED,-115.55997467041016,32.709018707275391
90955570,2019,2019-03-28,9625,2019-03-19,1555,019035,,2,2,9,1300,0,2,4,,2,047,"FORRESTER ROAD","WORTHINGTON ROAD",0.00,,Y,A,-,N,,,,,,,,,,Y,4,0,2,2,A,-,09,21802,A,N,D,C,A,A,H,-,A,A,0,,,,,Y,,D,22,0,0,2,0,0,0,0,0,0,"- ","- ",32.847301483154297,-115.62069702148438,IMPERIAL,UNINCORPORATED,-115.62075805664062,32.847389221191406
90955590,2019,2019-03-28,9625,2019-03-22,0550,018279,,5,3,9,1300,0,3,5,,2,050,"MCCABE RD","BOWKER RD",0.00,,Y,A,-,N,,,,,,,,,,Y,4,0,1,2,A,-,09,21802,A,N,D,C,A,A,H,-,B,A,0,,,,,Y,,D,22,0,0,1,0,0,0,0,0,0,"- ","- ",32.752128601074219,-115.96498107910156,IMPERIAL,UNINCORPORATED,-115.46501922607422,32.752109527587891
90957172,2019,2019-03-29,9625,2019-03-19,2130,019225,,2,2,9,1300,0,3,5,,2,040,"NANCE ROAD","WORTHINGTON ROAD",0.00,,Y,A,-,N,,,,,,,,,,Y,3,0,1,1,A,-,01,23152,A,N,H,J,A,A,H,-,C,A,0,,,,,Y,Y,A,01,0,1,0,0,0,0,0,0,0,"- ","- ",32.847431182861328,-115.58619689941406,IMPERIAL,UNINCORPORATED,-115.58644104003906,32.847358703613281
90958724,2019,2019-04-02,9625,2019-03-17,1110,016248,,7,1,9,1300,0,1,3,,2,053,"SR-111 S/B","MCCABE ROAD",0.00,,Y,A,-,Y,,,111,,,,,,S,Y,3,0,3,2,A,-,09,21804,A,N,D,C,A,A,H,-,A,A,0,,,,,Y,,J,41,0,1,2,0,0,0,0,0,0,"- ","- ",32.742439270019531,-115.50083923339844,IMPERIAL,UNINCORPORATED,-115.5006103515625,32.742443084716797
90959005,2019,2019-04-11,9625,2019-03-22,1720,019667,,5,2,9,1300,0,1,3,,1,012,"SR-86 S/B","BLACK DIAMOND ROAD",0.00,,Y,A,-,Y,,,86,,,,,,S,Y,2,0,7,2,A,-,09,21802,A,N,D,C,A,A,H,-,A,A,0,,,,,Y,,A,07,3,4,0,0,0,0,0,0,0,"- ","- ",33.357929229736328,-116.01889038085938,IMPERIAL,UNINCORPORATED,-116.01898956298828,33.357898712158203
90959621,2019,2019-04-02,9625,2019-03-25,0305,022010,,1,3,9,1300,0,1,3,,1,011,"SR-86 S/B","ALLEN ROAD",15840.00,N,N,A,-,Y,,,86,,,,,,S,Y,4,0,3,1,A,-,08,22107,,N,E,I,A,A,H,-,D,D,0,,,,,Y,,A,07,0,0,3,0,0,0,0,0,0,"- ","- ",33.119541168212891,-115.85157012939453,IMPERIAL,UNINCORPORATED,-115.85145568847656,33.119640350341797
90960869,2019,2019-04-04,9625,2019-03-26,1453,018773,,2,2,9,1300,0,1,3,,1,054,"SR-111 SOUTHBOUND","EVAN HEWES HIGHWAY",1340.00,S,N,A,-,Y,,,111,,,,,,S,Y,3,0,2,3,A,-,03,22350,,N,C,C,A,A,D,-,A,A,0,,,,Y,Y,,G,24,0,1,1,0,0,0,0,0,0,"- ","- ",32.798240661621094,-115.500732421875,IMPERIAL,UNINCORPORATED,-115.50062561035156,32.798240661621094