CASE_ID,ACCIDENT_YEAR,PROC_DATE,JURIS,COLLISION_DATE,COLLISION_TIME,OFFICER_ID,REPORTING_DISTRICT,DAY_OF_WEEK,CHP_SHIFT,POPULATION,CNTY_CITY_LOC,SPECIAL_COND,BEAT_TYPE,CHP_BEAT_TYPE,CITY_DIVISION_LAPD,CHP_BEAT_CLASS,BEAT_NUMBER,PRIMARY_RD,SECONDARY_RD,DISTANCE,DIRECTION,INTERSECTION,WEATHER_1,WEATHER_2,STATE_HWY_IND,CALTRANS_COUNTY,CALTRANS_DISTRICT,STATE_ROUTE,ROUTE_SUFFIX,POSTMILE_PREFIX,POSTMILE,LOCATION_TYPE,RAMP_INTERSECTION,SIDE_OF_HWY,TOW_AWAY,COLLISION_SEVERITY,NUMBER_KILLED,NUMBER_INJURED,PARTY_COUNT,PRIMARY_COLL_FACTOR,PCF_CODE_OF_VIOL,PCF_VIOL_CATEGORY,PCF_VIOLATION,PCF_VIOL_SUBSECTION,HIT_AND_RUN,TYPE_OF_COLLISION,MVIW,PED_ACTION,ROAD_SURFACE,ROAD_COND_1,ROAD_COND_2,LIGHTING,CONTROL_DEVICE,CHP_ROAD_TYPE,PEDESTRIAN_ACCIDENT,BICYCLE_ACCIDENT,MOTORCYCLE_ACCIDENT,TRUCK_ACCIDENT,NOT_PRIVATE_PROPERTY,ALCOHOL_INVOLVED,STWD_VEHTYPE_AT_FAULT,CHP_VEHTYPE_AT_FAULT,COUNT_SEVERE_INJ,COUNT_VISIBLE_INJ,COUNT_COMPLAINT_PAIN,COUNT_PED_KILLED,COUNT_PED_INJURED,COUNT_BICYCLIST_KILLED,COUNT_BICYCLIST_INJURED,COUNT_MC_KILLED,COUNT_MC_INJURED,PRIMARY_RAMP,SECONDARY_RAMP,LATITUDE,LONGITUDE,COUNTY,CITY,POINT_X,POINT_Y
91080362,2019,2019-09-23,9625,2019-09-14,1840,018792,,6,2,9,1300,0,3,5,,2,020,"WILKINS ROAD","BEAL ROAD",1539.00,N,N,A,-,N,,,,,,,,,,Y,2,0,1,1,A,-,01,23152,A,N,F,A,A,A,H,-,D,D,0,,,,,Y,Y,A,01,1,0,0,0,0,0,0,0,0,"- ","- ",33.243270874023438,-115.50537109375,IMPERIAL,UNINCORPORATED,-115.5069580078125,33.244491577148438
91080386,2019,2019-09-23,9625,2019-09-13,1512,018279,,5,2,9,1300,0,1,3,,2,024,SR-78,"GREEN RD",118.00,W,N,A,-,Y,,,78,,,,,,,Y,4,0,1,2,A,-,03,22350,,N,C,C,A,A,H,-,A,D,0,,,,,Y,,A,01,0,0,1,0,0,0,0,0,0,"- ","- ",32.974819183349609,-115.32405853271484,IMPERIAL,UNINCORPORATED,-115.32405853271484,32.974761962890625
91080519,2019,2019-09-23,9625,2019-09-17,0537,021107,,2,3,9,1300,0,1,3,,2,053,"STATE ROUTE 111 NORTHBOUND","ROSS ROAD",0.00,,Y,A,-,Y,,,111,,,,,,N,Y,3,0,1,2,A,-,03,22350,,N,C,C,A,A,H,-,C,A,0,,,,,Y,,A,01,0,1,0,0,0,0,0,0,0,"- ","- ",32.781471252441406,-115.50135040283203,IMPERIAL,UNINCORPORATED,-115.50151062011719,32.781467437744141
91081064,2019,2019-09-23,9625,2019-09-13,2130,018930,,5,2,9,1300,0,3,5,,2,050,"ANDERHOLT ROAD","JASPER ROAD",36.00,S,N,A,-,N,,,,,,,,,,Y,4,0,1,1,A,-,08,22107,,N,F,A,A,A,H,-,C,D,0,,,Y,,Y,,C,02,0,0,1,0,0,0,0,0,1,"- ","- ",32.708091735839844,-115.41425323486328,IMPERIAL,UNINCORPORATED,-115.41426086425781,32.708271026611328
91081077,2019,2019-09-23,9625,2019-09-14,1400,017727,,6,2,9,1300,0,3,5,,2,020,"BRANDT ROAD","YOUNG ROAD",1375.00,N,N,A,-,N,,,,,,,,,,N,4,0,1,1,A,-,08,22107,,N,E,I,A,A,H,-,A,D,0,,,,,Y,,A,01,0,0,1,0,0,0,0,0,0,"- ","- ",33.136798858642578,-115.56259918212891,IMPERIAL,UNINCORPORATED,-115.56259918212891,33.136756896972656
91083137,2019,2019-09-25,9625,2019-08-31,1725,017432,,6,2,9,1300,0,1,3,,1,054,"STATE ROUTE 111 S/B","WORTHINGTON ROAD",0.00,,Y,A,-,Y,,,111,,,,,,S,Y,2,0,7,2,A,-,12,21453,A,N,D,C,A,A,H,-,A,A,0,,,,,Y,,A,01,4,1,2,0,0,0,0,0,0,"- ","- ",32.84735107421875,-115.50775909423828,IMPERIAL,UNINCORPORATED,-115.50764465332031,32.847400665283203
91083722,2019,2019-09-26,9620,2019-09-23,1835,017051,,1,2,9,1300,0,1,1,,2,081,"I-8 E/B","GORDONS WELL RD O/C",3168.00,E,N,C,-,Y,,,8,,,,,,E,Y,4,0,1,1,A,-,03,22350,,N,F,A,A,B,H,-,D,D,0,,,,,Y,,A,08,0,0,1,0,0,0,0,0,0,"- ","- ",32.708770751953125,-114.94288635253906,IMPERIAL,UNINCORPORATED,-114.94287872314453,32.708545684814453
91083790,2019,2019-09-26,9625,2019-09-17,1010,019667,,2,1,9,1300,0,1,1,,2,001,"INTERSTATE 8 E/B","MOUNTAIN SPRINGS ROAD",7394.00,E,N,A,-,Y,,,8,,,,,,E,Y,3,0,1,1,A,-,08,22107,,N,E,I,A,A,H,-,A,D,0,,,,,Y,,A,01,0,1,0,0,0,0,0,0,0,"- ","- ",32.676078796386719,-116.07391357421875,IMPERIAL,UNINCORPORATED,-116.07394409179688,32.676105499267578
91083891,2019,2019-09-26,9625,2019-09-19,0555,019667,,4,3,9,1300,0,2,4,,2,047,"FORRESTER ROAD","EVAN HEWES HIGHWAY",228.00,N,N,A,-,N,,,,,,,,,,Y,4,0,2,2,A,-,03,22350,,N,C,C,A,A,H,-,B,A,0,,,,,Y,,A,01,0,0,2,0,0,0,0,0,0,"- ","- ",32.797389984130859,-115.62098693847656,IMPERIAL,UNINCORPORATED,-115.62078857421875,32.797183990478516
91083914,2019,2019-09-26,9625,2019-09-24,1741,018773,,2,2,9,1300,0,1,3,,2,053,"SR-111 SOUTHBOUND","HEBER ROAD",75.00,N,N,A,-,Y,,,111,,,,,,S,Y,4,0,1,2,A,-,03,22350,,N,C,C,A,A,H,-,A,A,0,,,,,Y,,A,01,0,0,1,0,0,0,0,0,0,"- ","- ",32.730888366699219,-115.50051116943359,IMPERIAL,UNINCORPORATED,-115.50041198730469,32.730892181396484
91085904,2019,2019-09-27,9625,2019-09-25,1516,018773,,3,2,9,1300,0,3,5,,2,050,"PITZER ROAD","MCCABE ROAD",11.00,N,N,C,-,N,,,,,,,,,,Y,4,0,2,2,A,-,03,22350,,N,B,C,A,B,F,-,A,A,0,,,,,Y,,A,01,0,0,2,0,0,0,0,0,0,"- ","- ",32.752559661865234,-115.51761627197266,IMPERIAL,UNINCORPORATED,-115.51763153076172,32.752490997314453
91086785,2019,2019-09-30,9625,2019-09-22,1656,018279,,7,2,9,1300,0,1,3,,1,021,SR-111,"POUND RD",50.00,S,N,A,-,Y,,,111,,,,,,,Y,4,0,7,2,A,-,03,22350,,N,C,C,A,A,H,-,A,D,0,,,,,Y,,A,07,0,0,7,0,0,0,0,0,0,"- ","- ",33.220050811767578,-115.51898956298828,IMPERIAL,UNINCORPORATED,-115.51904296875,33.220050811767578
91086906,2019,2019-09-30,9625,2019-09-06,0730,013627,,5,1,9,1300,0,1,3,,1,022,"STATE ROUTE 111","AVENUE A",7920.00,N,N,B,-,Y,,,111,,,,,,,Y,2,0,1,1,A,-,03,22350,,N,F,A,A,D,F,-,A,D,0,,,,,Y,,A,07,1,0,0,0,0,0,0,0,0,"- ","- ",33.363819122314453,-115.76371765136719,IMPERIAL,UNINCORPORATED,-115.76407623291016,33.363269805908203
91088093,2019,2019-10-01,9625,2019-09-28,1201,016248,,6,1,9,1300,0,3,5,,2,040,"ATEN ROAD","GULLET ROAD",0.00,,Y,B,-,N,,,,,,,,,,N,2,0,1,1,A,-,08,22107,,N,F,A,A,A,B,-,A,D,0,,,Y,,Y,,C,02,1,0,0,0,0,0,0,0,1,"- ","- ",32.825641632080078,-115.63796997070312,IMPERIAL,UNINCORPORATED,-115.63787841796875,32.825569152832031
91088164,2019,2019-10-01,9625,2019-08-13,1928,018792,,2,2,9,1300,0,3,5,,2,040,"AUSTIN ROAD","KEYSTONE ROAD",3696.00,N,N,A,-,N,,,,,,,,,,Y,1,1,2,1,A,-,08,22107,,N,F,A,A,A,H,-,B,A,0,,,,,Y,,A,01,0,2,0,0,0,0,0,0,0,"- ","- ",32.92694091796875,-115.59439849853516,IMPERIAL,UNINCORPORATED,-115.59493255615234,32.922653198242188
91090402,2019,2019-10-04,9625,2019-09-24,1140,016248,,2,1,9,1300,0,2,4,,2,046,"DOGWOOD ROAD","ATEN ROAD",3433.00,S,N,A,-,N,,,,,,,,,,Y,4,0,1,1,A,-,08,22107,,N,F,A,A,A,H,-,A,D,0,,,,,Y,,A,01,0,0,1,0,0,0,0,0,0,"- ","- ",32.815769195556641,-115.53584289550781,IMPERIAL,UNINCORPORATED,-115.53569030761719,32.816047668457031
91090747,2019,2019-10-04,9625,2019-10-03,0730,018930,,4,1,9,1300,0,1,1,,2,004,"INTERSTATE 8","8TH STREET",983.00,E,N,A,-,Y,,,,,,,,,,Y,4,0,1,1,A,-,08,22107,,N,F,I,A,A,H,-,A,D,0,,,,,Y,,A,01,0,0,1,0,0,0,0,0,0,"- ","- ",32.773948669433594,-115.55764007568359,IMPERIAL,UNINCORPORATED,-115.55792999267578,32.773727416992188
91090936,2019,2019-10-04,9625,2019-09-27,2010,018464,,5,2,9,1300,0,1,3,,2,053,"SR-111 (S/B)","HEBER ROAD",645.00,N,N,A,-,Y,,,111,,,,,,,N,4,0,1,2,A,-,03,22350,,N,C,C,A,A,H,-,C,A,0,,,,,Y,,A,01,0,0,1,0,0,0,0,0,0,"- ","- ",32.732490539550781,-115.50054931640625,IMPERIAL,UNINCORPORATED,-115.50045013427734,32.732490539550781
91090942,2019,2019-10-04,9625,2019-09-21,0036,022010,,6,3,4,1304,0,2,S,,2,901,"7TH STREET","BROADWAY STREET",0.00,,Y,A,-,N,,,,,,,,,,Y,4,0,2,2,A,-,12,22450,A,N,D,C,A,A,H,-,C,A,0,,,,,Y,,-,98,0,0,2,0,0,0,0,0,0,"- ","- ",32.793869018554688,-115.55912017822266,IMPERIAL,"EL CENTRO",-115.55911254882812,32.793869018554688
91091938,2019,2019-10-07,9625,2019-05-27,1935,018930,,1,2,9,1300,0,2,4,,2,046,"DOGWOOD ROAD","HAWK STREET",0.00,,Y,A,-,N,,,,,,,,,,Y,1,1,1,4,A,-,12,22450,A,N,D,C,A,A,H,-,A,A,0,,,,,Y,,A,07,1,0,0,0,0,0,0,0,0,"- ","- ",32.734798431396484,-115.53459930419922,IMPERIAL,UNINCORPORATED,-115.53450775146484,32.734821319580078
91092539,2019,2019-10-08,9620,2019-10-01,1530,017837,Quech,2,2,9,1300,0,2,4,,1,075,"S-24 (PICACHO RD)","INDIAN ROCK RD",30.00,S,N,A,-,N,,,,,,,,,,N,3,0,1,2,A,-,08,22107,,N,B,C,A,A,H,-,A,D,0,,,,,Y,,E,22,0,1,0,0,0,0,0,0,0,"- ","- ",32.760040283203125,-114.61612701416016,IMPERIAL,UNINCORPORATED,-114.61613464355469,32.759963989257812
91093367,2019,2019-10-09,9625,2019-09-27,1233,019667,,5,1,9,1300,0,2,4,,2,046,"DOGWOOD RD","HARRIS RD.",3168.00,N,N,A,-,N,,,,,,,,,,Y,3,0,2,2,A,-,01,23153,A,N,A,C,A,A,H,-,A,D,0,,,,,Y,Y,D,22,0,1,1,0,0,0,0,0,0,"- ","- ",32.892719268798828,-115.53549957275391,IMPERIAL,UNINCORPORATED,-115.53549957275391,32.892307281494141
91093385,2019,2019-11-05,9625,2019-09-28,1115,017432,,6,1,9,1300,0,3,5,,2,010,"BLACK SEA AVE","CERRITO AVE",0.00,,Y,A,-,N,,,,,,,,,,Y,3,0,2,2,A,-,09,21800,A,N,D,C,A,A,H,-,A,D,0,,,,,Y,,A,01,0,1,1,0,0,0,0,0,0,"- ","- ",33.335849761962891,-115.97512054443359,IMPERIAL,UNINCORPORATED,-115.97518157958984,33.335830688476562
91093704,2019,2019-10-09,9625,2019-09-29,0550,017432,,7,3,9,1300,0,1,1,,2,001,"INTERSTATE 8 (E/B)","IN KO PAH ROAD",2640.00,E,N,A,-,Y,,,8,,,,,,,Y,3,0,1,1,A,-,08,22107,,N,E,I,A,A,H,-,A,D,0,,,,,Y,,A,01,0,1,0,0,0,0,0,0,0,"- ","- ",32.649879455566406,-116.10218811035156,IMPERIAL,UNINCORPORATED,-116.10215759277344,32.649852752685547
91094129,2019,2019-10-09,9625,2019-09-27,0855,017055,,5,1,9,1300,0,1,3,,1,012,"SR-86 (N/B)","AIR PARK DRIVE",2640.00,N,N,A,-,Y,,,86,,,,,,,Y,2,0,1,1,A,-,08,22107,,N,E,I,A,A,H,-,A,A,0,,,,,Y,,A,01,1,0,0,0,0,0,0,0,0,"- ","- ",33.258029937744141,-115.94827270507812,IMPERIAL,UNINCORPORATED,-115.94830322265625,33.258007049560547
91094665,2019,2019-10-10,9625,2019-09-30,2100,018279,,1,2,9,1300,0,1,3,,2,024,SR-78,SR-111,1056.00,E,N,A,-,Y,,,78,,,,,,,Y,3,0,2,2,A,-,03,22350,,N,C,C,A,A,H,-,D,D,0,,,,,Y,,A,01,0,2,0,0,0,0,0,0,0,"- ","- ",32.978630065917969,-115.49742126464844,IMPERIAL,UNINCORPORATED,-115.49742126464844,32.978656768798828
91094737,2019,2019-10-10,9625,2019-09-30,0625,017432,,1,1,9,1300,0,2,4,,2,045,"EVAN HEWES HIGHWAY","WESTMORLAND ROAD",108.00,W,N,A,-,N,,,,,,,,,,Y,3,0,2,2,A,-,06,21751,,N,A,C,A,A,H,-,A,D,0,,,,,Y,,A,01,0,2,0,0,0,0,0,0,0,"- ","- ",32.791061401367188,-115.74459075927734,IMPERIAL,UNINCORPORATED,-115.74465179443359,32.791069030761719
91094921,2019,2019-10-10,9625,2019-10-01,1035,016248,,2,1,9,1300,0,1,3,,1,044,"AUSTIN ROAD",SR-86,0.00,,Y,A,-,Y,,,,,,,,,,Y,3,0,1,2,A,-,09,21802,A,N,D,C,A,A,H,-,A,A,0,,,,,Y,,D,22,0,1,0,0,0,0,0,0,0,"- ","- ",32.950431823730469,-115.56713104248047,IMPERIAL,UNINCORPORATED,-115.56707000732422,32.950458526611328
91098763,2019,2019-10-16,9625,2019-06-10,1210,016248,,1,1,9,1300,0,3,5,,2,050,"NORRISH ROAD","HOLT ROAD",0.00,,Y,A,-,N,,,,,,,,,,Y,1,1,1,2,A,-,12,22450,A,N,D,C,A,A,H,-,A,A,0,,,,Y,Y,,G,27,1,0,0,0,0,0,0,0,0,"- ","- ",32.832759857177734,-115.38031768798828,IMPERIAL,UNINCORPORATED,-115.38027954101562,32.832748413085938
91098765,2019,2019-10-16,9625,2019-10-05,2043,018464,,6,2,9,1300,0,1,3,,2,053,"SR-111 (S/B)","HEBER ROAD",400.00,N,N,A,-,Y,,,111,,,,,,,N,4,0,1,2,A,-,03,22350,,N,C,C,A,A,H,-,A,D,0,,,,,Y,,D,22,0,0,1,0,0,0,0,0,0,"- ","- ",32.731468200683594,-115.50060272216797,IMPERIAL,UNINCORPORATED,-115.50042724609375,32.731472015380859
91098773,2019,2019-10-16,9625,2019-10-06,2250,019225,,7,3,9,1300,0,1,3,,1,011,"STATE ROUTE 86 (SOUTHBOUND)","LACK ROAD",100.00,N,N,A,-,Y,,,86,,,,,,,Y,3,0,1,2,A,-,03,22350,,N,C,C,A,A,H,-,D,D,0,,,,,Y,,A,01,0,1,0,0,0,0,0,0,0,"- ","- ",33.037181854248047,-115.64774322509766,IMPERIAL,UNINCORPORATED,-115.64774322509766,33.037082672119141
91098791,2019,2019-10-16,9625,2019-10-05,1527,018464,,6,2,9,1300,0,1,3,,2,052,SR-98,"HOLDRIDGE ROAD",4224.00,W,N,A,-,Y,,,98,,,,,,,Y,2,0,5,1,A,-,08,22107,,N,F,A,A,A,H,-,A,D,0,,,,,Y,,D,22,2,1,2,0,0,0,0,0,0,"- ","- ",32.694931030273438,-115.28890991210938,IMPERIAL,UNINCORPORATED,-115.28887176513672,32.694866180419922
91098804,2019,2019-10-16,9625,2019-10-04,0300,016248,,5,3,9,1300,0,3,5,,2,050,"BARBARA WORTH DRIVE","EVAN HEWES HIGHWAY",2587.00,S,N,A,-,N,,,,,,,,,,Y,3,0,1,1,A,-,08,22107,,N,E,I,A,A,H,-,A,D,0,,,,,Y,,A,01,0,1,0,0,0,0,0,0,0,"- ","- ",32.796310424804688,-115.43077087402344,IMPERIAL,UNINCORPORATED,-115.43061828613281,32.79669189453125
91099945,2019,2019-10-17,9625,2019-10-07,1415,017727,,1,2,9,1300,0,3,5,,2,020,"SR-78 (W/B)","BRANDT ROAD",0.00,,Y,A,-,N,,,78,,,,,,,Y,4,0,2,3,A,-,09,21803,A,N,D,C,A,A,H,-,A,A,0,,,,,Y,,A,01,0,0,2,0,0,0,0,0,0,"- ","- ",33.000400543212891,-115.5614013671875,IMPERIAL,UNINCORPORATED,-115.5614013671875,33.000335693359375
91100538,2019,2019-10-18,9625,2019-10-08,1255,013627,,2,1,9,1300,0,1,3,,2,056,"EVAN HEWES HIGHWAY","MCCONNELL ROAD",0.00,,Y,A,-,N,,,,,,,,,,Y,4,0,2,3,A,-,09,21801,A,N,D,C,A,A,H,-,A,D,0,,,,,Y,,D,22,0,0,2,0,0,0,0,0,0,"- ","- ",32.803298950195312,-115.4840087890625,IMPERIAL,UNINCORPORATED,-115.48400115966797,32.803348541259766
91101286,2019,2019-10-21,9625,2019-10-09,2011,020054,,3,2,9,1300,0,1,3,,2,053,SR-111,"HEBER ROAD",223.00,S,N,A,-,Y,,,111,,,,,,,Y,4,0,1,2,A,-,03,22350,,N,C,C,A,A,H,-,C,D,0,,,,,Y,,D,22,0,0,1,0,0,0,0,0,0,"- ","- ",32.730571746826172,-115.50006103515625,IMPERIAL,UNINCORPORATED,-115.50040435791016,32.730564117431641
91101287,2019,2019-10-21,9625,2019-10-09,0605,017432,,3,1,9,1300,0,1,1,,2,001,"I-8 W/B TO DREW RD S/B","DREW ROAD",0.00,,Y,A,-,Y,,,8,,,,R,,W,Y,4,0,2,2,A,-,12,22450,A,N,D,C,A,A,H,-,B,A,0,,,,,Y,,D,22,0,0,2,0,0,0,0,0,0,"- ","- ",32.774570465087891,-115.69033050537109,IMPERIAL,UNINCORPORATED,-115.69033050537109,32.774570465087891
91102697,2019,2019-10-23,9625,2019-10-18,2052,018464,,5,2,9,1300,0,1,3,,2,052,SR-98,"VENCILL ROAD",1267.00,W,N,A,-,Y,,,98,,,,,,,Y,2,0,3,2,A,-,01,23152,A,F,A,C,A,A,H,-,D,D,0,,,,,Y,Y,A,07,1,1,1,0,0,0,0,0,0,"- ","- ",32.693859100341797,-115.35845184326172,IMPERIAL,UNINCORPORATED,-115.35845184326172,32.693813323974609
91103099,2019,2019-10-22,9625,2019-10-10,1723,018464,,4,2,9,1300,0,3,5,,2,050,"BARBARA WORTH ROAD","MCCABE ROAD",0.00,,Y,A,-,N,,,,,,,,,,Y,4,0,2,2,A,-,09,21802,A,N,D,C,A,A,H,-,A,A,0,,,,,Y,,A,01,0,0,2,0,0,0,0,0,0,"- ","- ",32.751949310302734,-115.43074035644531,IMPERIAL,UNINCORPORATED,-115.43074035644531,32.751941680908203
91103479,2019,2019-10-23,9625,2019-10-11,1005,019667,,5,1,9,1300,0,1,3,,1,042,SR-98,"HAMMERS ROAD",1350.00,E,N,A,-,Y,,,98,,,,,,,Y,4,0,2,3,A,-,03,22350,,N,C,C,A,A,H,-,A,D,0,,,,,Y,,A,01,0,0,2,0,0,0,0,0,0,"- ","- ",32.67926025390625,-115.55113220214844,IMPERIAL,UNINCORPORATED,-115.55113220214844,32.679313659667969
91103511,2019,2019-10-23,9625,2019-10-11,1431,020054,,5,2,4,1304,0,1,1,,2,004,"I-8 W/B OFF-RAMP TO IMPERIAL AVENUE","IMPERIAL AVENUE",250.00,E,N,A,-,Y,,,8,,,,R,,W,Y,4,0,1,1,A,-,08,22107,,N,E,I,A,A,H,-,A,D,0,,,,,Y,,A,01,0,0,1,0,0,0,0,0,0,"- ","- ",32.774620056152344,-115.56858825683594,IMPERIAL,"EL CENTRO",-115.56858825683594,32.774620056152344
91103518,2019,2019-10-23,9625,2019-10-11,1550,018464,,5,2,9,1300,0,1,3,,2,053,"SR-111 (S/B)","HEBER ROAD",600.00,N,N,A,-,Y,,,111,,,,,,,N,4,0,2,2,A,-,03,22350,,M,C,C,A,A,H,-,A,D,0,,,,,Y,,A,07,0,0,2,0,0,0,0,0,0,"- ","- ",32.732379913330078,-115.50051879882812,IMPERIAL,UNINCORPORATED,-115.50044250488281,32.732379913330078
91103548,2019,2019-10-23,9625,2019-10-13,0418,020516,,7,3,9,1300,0,1,3,,1,011,"S/B SR-86","ALLEN RD.",134.00,N,N,A,-,Y,,,86,,,,,,,Y,2,0,3,1,A,-,08,22107,,N,E,J,A,A,H,-,D,D,0,,,,,Y,,A,07,1,1,1,0,0,0,0,0,0,"- ","- ",33.103511810302734,-115.80077362060547,IMPERIAL,UNINCORPORATED,-115.80078125,33.103473663330078
91103606,2019,2019-10-23,9625,2019-10-13,1900,017809,,7,2,9,1300,0,2,4,,2,057,"STATE ROUTE 115","EVAN HEWES HIGHWAY",0.00,,Y,A,-,Y,,,115,,,,,,,Y,2,0,9,3,A,-,09,21801,A,N,D,C,A,A,H,-,D,A,0,,,,,Y,,D,22,7,2,0,0,0,0,0,0,0,"- ","- ",32.805740356445312,-115.40622711181641,IMPERIAL,UNINCORPORATED,-115.40612030029297,32.805740356445312
91103671,2019,2019-10-23,9625,2019-10-15,1442,020054,,2,2,9,1300,0,1,1,,2,003,"I-8 E/B","DUNAWAY ROAD",1320.00,W,N,A,-,Y,,,8,,,,,,E,Y,4,0,1,1,C,-,18,,,N,H,A,A,A,H,-,A,D,0,,,,,Y,,-,"- ",0,0,1,0,0,0,0,0,0,"- ","- ",32.768749237060547,-115.80029296875,IMPERIAL,UNINCORPORATED,-115.80030059814453,32.768787384033203
91106794,2019,2019-10-25,9625,2019-10-03,1621,018464,,4,2,9,1300,0,3,5,,2,050,"OLD HIGHWAY 111","ATEN ROAD",0.00,,Y,A,-,N,,,,,,,,,,Y,4,0,1,2,A,-,09,21802,A,N,D,C,A,A,H,-,A,D,0,,,,,Y,,A,01,0,0,1,0,0,0,0,0,0,"- ","- ",32.825778961181641,-115.50128936767578,IMPERIAL,UNINCORPORATED,-115.50131225585938,32.825771331787109
91106812,2019,2019-10-25,9625,2019-10-17,0156,021107,,4,3,9,1300,0,1,3,,1,054,"STATE ROUTE 111 NORTHBOUND","WORTHINGTON ROAD",0.00,,Y,A,-,Y,,,111,,,,,,N,Y,4,0,1,1,A,-,08,22107,,N,E,I,A,A,H,-,C,A,0,,,,,Y,,A,01,0,0,1,0,0,0,0,0,0,"- ","- ",32.847679138183594,-115.50753784179688,IMPERIAL,UNINCORPORATED,-115.50772094726562,32.847610473632812
91106818,2019,2019-10-25,9625,2019-10-17,1455,018464,,4,2,9,1300,0,3,5,,2,050,"PITZER ROAD","MCCABE ROAD",0.00,,Y,A,-,N,,,,,,,,,,Y,4,0,1,2,A,-,09,21801,A,N,A,C,A,A,H,-,A,A,0,,,,,Y,,A,01,0,0,1,0,0,0,0,0,0,"- ","- ",32.752449035644531,-115.517578125,IMPERIAL,UNINCORPORATED,-115.51763153076172,32.752460479736328
91109089,2019,2019-10-29,9625,2019-10-18,1500,017809,,5,2,9,1300,0,3,5,,2,020,"ENGLISH ROAD","SCHRIMPF ROAD",0.00,,Y,A,-,N,,,,,,,,,,Y,2,0,1,2,A,-,09,21800,A,N,D,C,A,A,H,-,A,D,0,,,,,Y,,D,22,1,0,0,0,0,0,0,0,0,"- ","- ",33.198238372802734,-115.54502105712891,IMPERIAL,UNINCORPORATED,-115.54499053955078,33.198329925537109
91109517,2019,2019-10-30,9625,2019-10-19,0500,019225,,6,3,9,1300,0,2,4,,2,057,"EVAN HEWES HIGHWAY","BELL ROAD",960.00,E,N,A,-,N,,,,,,,,,,Y,4,0,1,1,A,-,01,23152,A,N,E,I,A,A,H,-,D,D,0,,,,,Y,Y,A,01,0,0,1,0,0,0,0,0,0,"- ","- ",32.803359985351562,-115.43602752685547,IMPERIAL,UNINCORPORATED,-115.43609619140625,32.803363800048828
91110622,2019,2019-10-31,9625,2019-10-21,0858,013627,,1,1,9,1300,0,3,5,,2,050,"ALAMO ROAD","STATE ROUTE 115",2160.00,E,N,A,-,N,,,,,,,,,,Y,4,0,1,2,A,-,04,21703,,N,C,C,A,A,H,-,A,D,0,,,,,Y,,D,22,0,0,1,0,0,0,0,0,0,"- ","- ",32.818389892578125,-115.39904022216797,IMPERIAL,UNINCORPORATED,-115.39910125732422,32.818363189697266
91110880,2019,2019-10-31,9625,2019-10-23,1505,020111,,3,2,9,1300,0,3,5,,2,040,"CLARK ROAD","HEBER ROAD",0.00,,Y,A,-,N,,,,,,,,,,Y,4,0,1,3,A,-,09,21802,A,N,D,C,A,A,H,-,A,A,0,,,,,Y,,A,01,0,0,1,0,0,0,0,0,0,"- ","- ",32.730678558349609,-115.56005096435547,IMPERIAL,UNINCORPORATED,-115.56031799316406,32.730640411376953
9111093,2020,2020-11-02,1304,2020-05-29,1409,GARCIA35,,5,5,4,1304,0,0,0,,0,WEST,"BRADSHAW AVE","IMPERIAL AV",0.00,W,N,A,-,N,,,,,,,,,,Y,3,0,2,2,A,-,09,21804,A,N,D,C,A,A,H,-,A,A,0,,,,,Y,,A,01,0,1,1,0,0,0,0,0,0,"- ","- ",32.811149597167969,-115.57183074951172,IMPERIAL,"EL CENTRO",-115.569997,32.811073999999998
91112690,2019,2019-11-04,9625,2019-10-24,1540,020054,,4,2,9,1300,0,2,4,,2,046,"DOGWOOD ROAD","WILLOUGHBY ROAD",843.00,N,N,A,-,N,,,,,,,,,,Y,4,0,3,2,A,-,03,22350,,N,C,C,A,A,H,-,A,D,0,,,,,Y,,A,01,0,0,3,0,0,0,0,0,0,"- ","- ",32.711219787597656,-115.53407287597656,IMPERIAL,UNINCORPORATED,-115.53412628173828,32.71075439453125
91113152,2019,2019-11-04,9625,2019-10-27,0800,019668,,7,1,9,1300,0,1,3,,1,012,"STATE ROUTE 86 SOUTHBOUND","NORM NIVER ROAD",0.00,,Y,A,-,Y,,,86,,,,,,S,Y,3,0,1,2,A,-,09,21802,A,N,D,C,A,A,H,-,A,A,0,,,,,Y,,E,22,0,1,0,0,0,0,0,0,0,"- ","- ",33.357398986816406,-116.01838684082031,IMPERIAL,UNINCORPORATED,-116.018798828125,33.357273101806641
91113325,2019,2019-11-05,9625,2019-10-27,0715,013627,,7,1,9,1300,0,1,3,,1,042,"STATE ROUTE 98","COYOTE 1",7920.00,E,N,B,-,Y,,,98,,,,,,,Y,4,0,1,1,A,-,08,22107,,N,F,A,A,A,H,-,B,D,0,,,,,Y,,A,07,0,0,1,0,0,0,0,0,0,"- ","- ",32.677928924560547,-115.89629364013672,IMPERIAL,UNINCORPORATED,-115.89629364013672,32.677925109863281