CASE_ID,ACCIDENT_YEAR,PROC_DATE,JURIS,COLLISION_DATE,COLLISION_TIME,OFFICER_ID,REPORTING_DISTRICT,DAY_OF_WEEK,CHP_SHIFT,POPULATION,CNTY_CITY_LOC,SPECIAL_COND,BEAT_TYPE,CHP_BEAT_TYPE,CITY_DIVISION_LAPD,CHP_BEAT_CLASS,BEAT_NUMBER,PRIMARY_RD,SECONDARY_RD,DISTANCE,DIRECTION,INTERSECTION,WEATHER_1,WEATHER_2,STATE_HWY_IND,CALTRANS_COUNTY,CALTRANS_DISTRICT,STATE_ROUTE,ROUTE_SUFFIX,POSTMILE_PREFIX,POSTMILE,LOCATION_TYPE,RAMP_INTERSECTION,SIDE_OF_HWY,TOW_AWAY,COLLISION_SEVERITY,NUMBER_KILLED,NUMBER_INJURED,PARTY_COUNT,PRIMARY_COLL_FACTOR,PCF_CODE_OF_VIOL,PCF_VIOL_CATEGORY,PCF_VIOLATION,PCF_VIOL_SUBSECTION,HIT_AND_RUN,TYPE_OF_COLLISION,MVIW,PED_ACTION,ROAD_SURFACE,ROAD_COND_1,ROAD_COND_2,LIGHTING,CONTROL_DEVICE,CHP_ROAD_TYPE,PEDESTRIAN_ACCIDENT,BICYCLE_ACCIDENT,MOTORCYCLE_ACCIDENT,TRUCK_ACCIDENT,NOT_PRIVATE_PROPERTY,ALCOHOL_INVOLVED,STWD_VEHTYPE_AT_FAULT,CHP_VEHTYPE_AT_FAULT,COUNT_SEVERE_INJ,COUNT_VISIBLE_INJ,COUNT_COMPLAINT_PAIN,COUNT_PED_KILLED,COUNT_PED_INJURED,COUNT_BICYCLIST_KILLED,COUNT_BICYCLIST_INJURED,COUNT_MC_KILLED,COUNT_MC_INJURED,PRIMARY_RAMP,SECONDARY_RAMP,LATITUDE,LONGITUDE,COUNTY,CITY,POINT_X,POINT_Y
91157461,2019,2020-01-02,9625,2019-12-23,0450,020516,,1,3,9,1300,0,1,3,,1,012,"S/B SR-86","BORREGO SALTON SEAWAY",0.00,,Y,B,-,Y,,,86,,,,,,,Y,4,0,1,2,A,-,09,21453,C,N,D,C,A,A,H,-,C,A,0,,,,,Y,,A,01,0,0,1,0,0,0,0,0,0,"- ","- ",33.278938293457031,-115.96444702148438,IMPERIAL,UNINCORPORATED,-115.96434020996094,33.279026031494141
91157492,2019,2020-01-02,9625,2019-12-26,0950,018279,,4,1,9,1300,0,3,5,,2,010,"BRANDT ROAD","STATE ROUTE 86",600.00,S,N,B,C,N,,,,,,,,,,Y,4,0,1,1,A,-,08,22107,,N,E,I,A,B,H,-,A,D,0,,,,,Y,,A,01,0,0,1,0,0,0,0,0,0,"- ","- ",32.976600646972656,-115.5614013671875,IMPERIAL,UNINCORPORATED,-115.56145477294922,32.977470397949219
91160099,2019,2020-01-06,9625,2019-12-25,1328,018279,,3,1,9,1300,0,3,5,,2,020,"EDDINS ROAD","CORN ROAD",1056.00,W,N,A,-,N,,,,,,,,,,Y,2,0,2,1,A,-,01,23152,A,N,E,I,A,A,H,-,A,D,0,,,,,Y,Y,A,01,1,1,0,0,0,0,0,0,0,"- ","- ",33.125801086425781,-115.53389739990234,IMPERIAL,UNINCORPORATED,-115.53542327880859,33.125728607177734
91160480,2019,2020-01-07,9625,2019-12-25,1427,018930,,3,2,9,1300,0,2,4,,2,046,"DOGWOOD ROAD","FAWCETT ROAD",1500.00,S,N,A,-,N,,,,,,,,,,Y,4,0,1,1,A,-,08,22107,,N,E,I,A,A,H,-,A,D,0,,,,,Y,,A,01,0,0,1,0,0,0,0,0,0,"- ","- ",32.717601776123047,-115.53410339355469,IMPERIAL,UNINCORPORATED,-115.53427124023438,32.719249725341797
91161285,2019,2020-01-14,9625,2019-12-29,0134,020263,,7,3,9,1300,0,1,3,,2,053,SR-111,SR-86,0.00,,Y,A,-,Y,,,111,,,,,,,Y,2,0,4,2,A,-,01,23153,A,N,D,C,A,A,H,-,C,A,0,,,,,Y,Y,D,22,3,1,0,0,0,0,0,0,0,"- ","- ",32.73065185546875,-115.50032043457031,IMPERIAL,UNINCORPORATED,-115.50040435791016,32.730648040771484
91162770,2019,2020-01-10,9625,2019-12-31,1612,019035,,2,2,9,1300,0,3,5,,2,040,"LA BRUCHERIE ROAD","WAHL ROAD",0.00,,Y,A,-,N,,,,,,,,,,Y,4,0,3,2,A,-,09,21802,A,N,D,C,A,A,H,-,A,A,0,,,,,Y,,A,01,0,0,3,0,0,0,0,0,0,"- ","- ",32.723598480224609,-115.57749938964844,IMPERIAL,UNINCORPORATED,-115.57868957519531,32.820308685302734
91163887,2020,2020-01-13,9625,2020-01-01,1844,020054,,3,2,9,1300,0,1,1,,2,003,"I-8 EASTBOUND","DUNAWAY ROAD",4752.00,W,N,A,-,Y,,,8,,,,,,E,Y,3,0,1,1,A,-,08,22107,,N,F,A,A,A,H,-,D,D,0,,,,,Y,,A,01,0,1,0,0,0,0,0,0,0,"- ","- ",32.765830993652344,-115.81495666503906,IMPERIAL,UNINCORPORATED,-115.81495666503906,32.765819549560547
91164073,2019,2020-01-13,9625,2019-12-31,1637,018792,,2,2,9,1300,0,1,3,,2,052,SR-98,"WEED ROAD",12.00,E,N,A,-,Y,,,98,,,,,,,Y,4,0,1,2,A,-,03,22350,,N,B,C,A,A,H,-,A,D,0,,,Y,,Y,,C,02,0,0,1,0,0,0,0,0,1,"- ","- ",32.679359436035156,-115.56845855712891,IMPERIAL,UNINCORPORATED,-115.56845855712891,32.679359436035156
91164167,2020,2020-01-13,9625,2020-01-02,0805,016248,,4,1,9,1300,0,2,4,,2,057,"EVAN HEWES HIGHWAY W/B",SR-115,100.00,W,N,A,-,N,,,,,,,,,,Y,3,0,1,2,A,-,07,21658,A,N,B,C,A,A,H,-,A,D,0,,,,,Y,,A,01,0,1,0,0,0,0,0,0,0,"- ","- ",32.805858612060547,-115.40646362304688,IMPERIAL,UNINCORPORATED,-115.40640258789062,32.805763244628906
91164233,2020,2020-01-13,9625,2020-01-04,2230,019668,,6,3,9,1300,0,1,3,,2,053,"SR-111 S/B","MCCABE ROAD",367.00,S,N,A,-,Y,,,111,,,,,,S,N,4,0,2,2,A,-,03,22350,,N,C,C,A,B,H,-,C,D,0,,,,,Y,,A,01,0,0,2,0,0,0,0,0,0,"- ","- ",32.751270294189453,-115.50093078613281,IMPERIAL,UNINCORPORATED,-115.50074768066406,32.751270294189453
91164265,2020,2020-01-13,9625,2020-01-04,1723,020516,,6,2,9,1300,0,3,5,,2,040,"CLARK ROAD","ATEN ROAD",268.00,S,N,A,-,N,,,,,,,,,,N,4,0,2,2,A,-,03,22350,,N,C,C,A,A,H,-,C,A,0,,,,,Y,,A,01,0,0,2,0,0,0,0,0,0,"- ","- ",32.824581146240234,-115.56156921386719,IMPERIAL,UNINCORPORATED,-115.56154632568359,32.824699401855469
91165498,2020,2020-02-06,9625,2020-01-02,0830,017432,,4,1,9,1300,0,1,3,,1,042,"STATE ROUTE 98","COYOTE #2 ROAD",11616.00,E,N,A,-,Y,,,98,,,,,,,Y,4,0,2,1,A,-,08,22107,,N,E,I,A,A,H,-,A,D,0,,,,,Y,,D,22,0,0,2,0,0,0,0,0,0,"- ","- ",32.671558380126953,-115.84909820556641,IMPERIAL,UNINCORPORATED,-115.84909820556641,32.671531677246094
91166326,2020,2020-01-15,9625,2020-01-04,1045,018279,,6,1,9,1300,0,1,1,,2,001,"I-8 E/B",SR-98,16368.00,W,N,A,-,Y,,,8,,,,,,E,Y,3,0,2,1,A,-,03,22350,,N,E,I,A,A,H,-,A,D,0,,,,,Y,,A,01,0,2,0,0,0,0,0,0,0,"- ","- ",32.701900482177734,-116.05528259277344,IMPERIAL,UNINCORPORATED,-116.05518341064453,32.701850891113281
91167069,2020,2020-01-29,9625,2020-01-06,2124,018773,,1,2,9,1300,0,1,3,,2,053,"SR-111 SOUTHBOUND",SR-86,0.00,,Y,A,-,Y,,,111,,,,,,S,Y,1,1,4,2,A,-,09,21453,C,N,D,C,A,A,H,-,C,A,0,,,,,Y,,A,01,2,2,0,0,0,0,0,0,0,"- ","- ",32.730609893798828,-115.50054931640625,IMPERIAL,UNINCORPORATED,-115.50040435791016,32.730613708496094
91168199,2020,2020-01-20,9625,2020-01-07,1319,017055,,2,1,9,1300,0,3,5,,2,010,"WAKER ROAD","GENTRY ROAD",0.00,,Y,A,-,N,,,,,,,,,,Y,3,0,1,2,A,-,03,22350,,N,B,C,A,A,H,-,A,A,0,,,,Y,Y,,A,01,0,1,0,0,0,0,0,0,0,"- ","- ",33.075130462646484,-115.61464691162109,IMPERIAL,UNINCORPORATED,-115.61444854736328,33.075550079345703
91169579,2020,2020-01-21,9625,2020-01-09,2500,016248,,4,4,9,1300,0,1,1,,2,001,"I-8 E/B","MOUNTAIN SPRINGS ROAD",1584.00,E,N,A,-,Y,,,8,,,,,,E,Y,3,0,1,1,A,-,03,22350,,N,E,I,A,A,H,-,A,D,0,,,,,Y,,A,01,0,1,0,0,0,0,0,0,0,"- ","- ",32.672351837158203,-116.09104156494141,IMPERIAL,UNINCORPORATED,-116.09104156494141,32.672367095947266
91169657,2020,2020-01-21,9625,2020-01-09,0455,019225,,4,3,9,1300,0,3,5,,2,050,"HEBER ROAD","STATE ROUTE 111 N/B",50.00,E,N,A,-,Y,,,,,,,,,,Y,4,0,1,2,A,-,03,22350,,F,A,C,A,A,H,-,D,D,0,,,,,Y,,A,07,0,0,1,0,0,0,0,0,0,"- ","- ",32.730678558349609,-115.50006866455078,IMPERIAL,UNINCORPORATED,,
91170046,2020,2020-01-22,9625,2020-01-10,0610,017727,,5,1,9,1300,0,3,5,,2,020,"BLAIR ROAD","LINDSEY ROAD",5.00,N,N,A,-,N,,,,,,,,,,Y,4,0,1,1,A,-,08,22107,,N,E,I,A,A,H,-,E,D,0,,,,,Y,,A,01,0,0,1,0,0,0,0,0,0,"- ","- ",33.147499084472656,-115.49320220947266,IMPERIAL,UNINCORPORATED,-115.49320983886719,33.147533416748047
91170117,2020,2020-01-22,9625,2020-01-10,0443,018930,,5,3,9,1300,0,1,3,,2,024,SR-78,"BUTTERS ROAD",1100.00,E,N,A,-,Y,,,78,,,,,,,N,2,0,1,2,A,-,03,22350,,N,G,B,E,A,H,-,D,D,0,Y,,,,Y,,D,22,1,0,0,0,1,0,0,0,0,"- ","- ",32.974399566650391,-115.3634033203125,IMPERIAL,UNINCORPORATED,-115.3634033203125,32.97467041015625
91173375,2020,2020-01-24,9625,2020-01-21,1618,020263,,2,2,9,1300,0,1,1,,2,002,"I-8 W/B","MOUNTAIN SPRINGS ROAD",10560.00,E,N,A,G,Y,,,8,,,,,,W,Y,2,0,1,1,A,-,08,22107,,N,F,A,A,A,H,-,A,D,0,,,,,Y,,D,22,1,0,0,0,0,0,0,0,0,"- ","- ",32.709590911865234,-116.0660400390625,IMPERIAL,UNINCORPORATED,-116.06560516357422,32.709766387939453
91173409,2020,2020-01-24,9625,2020-01-21,0605,020054,,2,1,9,1300,0,3,5,,2,040,"BROCKMAN ROAD","MCCABE ROAD",151.00,S,N,B,-,N,,,,,,,,,,Y,3,0,3,2,A,-,05,21460,A,N,A,C,A,B,H,-,B,D,0,,,,Y,Y,,D,22,0,1,2,0,0,0,0,0,0,"- ","- ",32.751899719238281,-115.63777923583984,IMPERIAL,UNINCORPORATED,-115.63782501220703,32.752006530761719
91174202,2020,2020-01-27,9625,2020-01-17,2042,018773,,5,2,9,1300,0,1,3,,2,052,SR-98,"BONESTEELE ROAD",2640.00,E,N,A,-,Y,,,98,,,,,,,Y,2,0,4,2,A,-,06,21751,,N,B,C,A,A,H,-,D,D,0,,,,,Y,,A,01,1,0,3,0,0,0,0,0,0,"- ","- ",32.694351196289062,-115.31848907470703,IMPERIAL,UNINCORPORATED,-115.31848907470703,32.694377899169922
91174633,2019,2020-01-29,9625,2019-09-29,0730,016248,,7,1,9,1300,0,1,3,,2,053,"SR-111 N/B",I-8,1130.00,S,N,A,-,Y,,,111,,,,,,N,Y,1,1,2,4,A,-,08,22107,,F,C,G,A,A,H,-,A,D,0,,Y,,,Y,Y,A,01,2,0,0,0,0,1,2,0,0,"- ","- ",32.770500183105469,-115.50093841552734,IMPERIAL,UNINCORPORATED,-115.5010986328125,32.770492553710938
91175887,2019,2020-01-29,9625,2019-12-01,1838,019225,,7,2,9,1300,0,1,1,,2,005,"I-8 E/B","MILLER ROAD",3000.00,W,N,A,-,Y,,,8,,,,,,E,Y,1,1,5,3,A,-,08,22107,,N,C,E,E,A,H,-,D,D,0,Y,,,,Y,,A,01,0,3,2,0,1,0,0,0,0,"- ","- ",32.773151397705078,-115.31271362304688,IMPERIAL,UNINCORPORATED,-115.31271362304688,32.773189544677734
91175920,2020,2020-01-29,9625,2020-01-20,1545,020263,,1,2,9,1300,0,1,3,,2,043,SR-86,"MCCABE ROAD",0.00,,Y,B,-,Y,,,,,,,,,,Y,3,0,4,2,A,-,12,21453,A,N,D,C,A,A,H,-,A,A,0,,,,,Y,,A,01,0,4,0,0,0,0,0,0,0,"- ","- ",32.778228759765625,-115.50361633300781,IMPERIAL,UNINCORPORATED,-115.55182647705078,32.752368927001953
91178515,2020,2020-02-03,9625,2020-01-22,0750,017432,,3,1,9,1300,0,1,3,,1,054,"STATE ROUTE 111 (N/B)","EVAN HEWES HIGHWAY",1056.00,S,N,A,-,Y,,,111,,,,,,,Y,4,0,2,2,A,-,03,22350,,N,C,C,A,A,H,-,A,A,0,,,,,Y,,A,07,0,0,2,0,0,0,0,0,0,"- ","- ",32.796890258789062,-115.50048065185547,IMPERIAL,UNINCORPORATED,-115.50062561035156,32.796890258789062
91178631,2020,2020-02-03,9625,2020-01-25,1255,016248,,6,1,9,1300,0,1,3,,2,053,"SR-111 N/B","MCCABE ROAD",35.00,S,N,A,-,Y,,,111,,,,,,N,Y,4,0,1,2,A,-,03,22350,,N,C,C,A,A,H,-,A,A,0,,,,,Y,,A,01,0,0,1,0,0,0,0,0,0,"- ","- ",32.752120971679688,-115.50045013427734,IMPERIAL,UNINCORPORATED,-115.50075531005859,32.752117156982422
91179525,2020,2020-02-04,9625,2020-01-27,1830,018464,,1,2,9,1300,0,1,3,,1,021,SR-111,"ENGLISH ROAD",795.00,S,N,A,-,Y,,,111,,,,,,,Y,4,0,1,2,A,-,01,23152,A,N,B,C,A,A,H,-,D,D,0,,,,,Y,Y,A,07,0,0,1,0,0,0,0,0,0,"- ","- ",33.254638671875,-115.53988647460938,IMPERIAL,UNINCORPORATED,-115.53988647460938,33.254646301269531
91179729,2020,2020-02-04,9625,2020-01-23,0810,017055,,4,1,9,1300,0,3,5,,2,010,"S. MARINA DRIVE","SHORES OASIS STREET",40.00,W,N,A,-,N,,,,,,,,,,Y,3,0,1,2,A,-,03,22350,,N,C,C,A,A,H,-,A,A,0,,,,,Y,,A,07,0,1,0,0,0,0,0,0,0,"- ","- ",33.288181304931641,-115.96336364746094,IMPERIAL,UNINCORPORATED,-115.96339416503906,33.288166046142578
91179983,2020,2020-02-04,9625,2020-01-23,1019,017432,,4,1,9,1300,0,2,4,,2,046,"DOGWOOD ROAD","KEYSTONE ROAD",4752.00,S,N,A,-,N,,,,,,,,,,Y,4,0,1,1,A,-,03,22350,,N,E,I,A,A,H,-,A,D,0,,,,,Y,,A,08,0,0,1,0,0,0,0,0,0,"- ","- ",32.899559020996094,-115.53568267822266,IMPERIAL,UNINCORPORATED,-115.53553771972656,32.899734497070312
91179995,2020,2020-02-04,9625,2020-01-28,1715,018464,,2,2,9,1300,0,1,3,,2,024,SR-78,"HASTAIN ROAD",491.00,W,N,A,-,Y,,,78,,,,,,,Y,2,0,1,1,A,-,08,22107,,N,E,I,A,A,H,-,A,D,0,,,,,Y,,D,22,1,0,0,0,0,0,0,0,0,"- ","- ",32.974418640136719,-115.40782928466797,IMPERIAL,UNINCORPORATED,-115.40782165527344,32.974414825439453
9118043,2020,2020-09-15,1304,2020-06-10,0810,359,,3,5,4,1304,0,0,0,,0,,"MAIN ST","12TH ST",0.00,,Y,A,-,N,,,,,,,,,,Y,4,0,1,2,A,-,01,23152,A,N,D,C,A,A,H,-,A,A,0,,,,,Y,Y,A,01,0,0,1,0,0,0,0,0,0,"- ","- ",,,IMPERIAL,"EL CENTRO",-115.56553649902344,32.792831420898438
91180474,2020,2020-02-05,9625,2020-01-25,0840,017432,,6,1,9,1300,0,2,4,,2,046,"DOGWOOD ROAD","HAWK ROAD",160.00,S,N,A,-,N,,,,,,,,,,Y,4,0,2,1,A,-,03,22350,,N,E,I,A,A,H,-,A,D,0,,,,,Y,,A,01,0,0,2,0,0,0,0,0,0,"- ","- ",32.734428405761719,-115.53463745117188,IMPERIAL,UNINCORPORATED,-115.53450012207031,32.734382629394531
91180706,2020,2020-02-05,9625,2020-02-01,1655,019225,,6,2,9,1300,0,1,1,,2,005,"I-8 EB FROM SR-111 SB","INTERSTATE 8 EB",280.00,S,N,A,-,Y,,,8,,,,R,,E,Y,4,0,1,1,A,-,08,22107,,N,F,A,A,A,H,-,A,D,0,,,Y,,Y,,C,02,0,0,1,0,0,0,0,0,1,"- ","- ",32.772708892822266,-115.50180816650391,IMPERIAL,UNINCORPORATED,-115.50180816650391,32.772708892822266
91180770,2020,2020-02-05,9625,2020-02-03,1408,018279,,1,2,9,1300,0,3,5,,2,050,"BOWKER ROAD","JASPER ROAD",0.00,,Y,B,-,N,,,,,,,,,,Y,2,0,2,2,A,-,12,22450,A,N,D,C,A,A,H,-,A,A,0,,,,,Y,,A,01,1,1,0,0,0,0,0,0,0,"- ","- ",32.708530426025391,-115.46508026123047,IMPERIAL,UNINCORPORATED,-115.46510314941406,32.708560943603516
91181715,2020,2020-02-06,9625,2020-01-27,1330,017432,,1,1,9,1300,0,1,1,,2,003,"INTERSTATE 8 (E/B)","SILSBEE ROAD",1814.00,E,N,A,-,Y,,,8,,,,,,,Y,2,0,4,2,A,-,03,22350,,N,C,C,A,A,H,-,A,D,0,,,,,Y,,A,07,1,3,0,0,0,0,0,0,0,"- ","- ",32.773769378662109,-115.63983917236328,IMPERIAL,UNINCORPORATED,-115.63983917236328,32.773715972900391
91183280,2020,2020-02-10,9625,2020-01-29,1615,017809,,3,2,9,1300,0,2,4,,2,047,"FORRESTER ROAD","ANDRE ROAD",15.00,S,N,A,-,N,,,,,,,,,,Y,2,0,1,2,A,-,05,21752,D,N,D,C,A,A,H,-,A,A,0,,,,Y,Y,,A,01,1,0,0,0,0,0,0,0,0,"- ","- ",33.015171051025391,-115.62158966064453,IMPERIAL,UNINCORPORATED,-115.62153625488281,33.015548706054688
91183288,2020,2020-02-10,9620,2020-02-05,1528,019582,,3,2,9,1300,0,1,1,,2,082,"I-8 E/B",SR-186,4752.00,W,N,A,-,Y,,,8,,,,,,E,Y,3,0,1,1,A,-,08,22107,,N,E,I,A,A,H,-,A,D,0,,,,,Y,,A,01,0,1,0,0,0,0,0,0,0,"- ","- ",32.745529174804688,-114.73513031005859,IMPERIAL,UNINCORPORATED,-114.73508453369141,32.74566650390625
91184037,2020,2020-02-10,9625,2020-02-02,1040,019035,,7,1,9,1300,0,3,5,,2,010,"WALKER ROAD","GENTRY ROAD",85.00,W,N,A,-,N,,,,,,,,,,Y,3,0,4,2,A,-,03,22350,,N,D,C,A,A,H,-,A,D,0,,,,,Y,,A,01,0,1,3,0,0,0,0,0,0,"- ","- ",33.074901580810547,-115.61460113525391,IMPERIAL,UNINCORPORATED,-115.61450958251953,33.075321197509766
91184065,2020,2020-02-10,9625,2020-01-23,0947,017727,,4,1,9,1300,0,3,5,,2,020,"GENTRY ROAD","VAIL ROAD",1756.00,S,N,A,-,N,,,,,,,,,,Y,2,0,2,2,A,-,03,22350,,N,C,C,A,A,H,-,A,D,0,,,,,Y,,D,22,1,1,0,0,0,0,0,0,0,"- ","- ",33.099498748779297,-115.61409759521484,IMPERIAL,UNINCORPORATED,-115.61431121826172,33.099441528320312
91184557,2020,2020-02-11,9625,2020-01-31,1033,019667,,5,1,9,1300,0,1,3,,2,025,SR-78,"GREEN ROAD",0.00,,Y,A,-,Y,,,78,,,,,,,N,3,0,1,2,A,-,05,21752,D,N,B,C,A,A,H,-,A,A,0,,,,,Y,,A,07,0,1,0,0,0,0,0,0,0,"- ","- ",32.974758148193359,-115.32366180419922,IMPERIAL,UNINCORPORATED,-115.32366180419922,32.974761962890625
91184565,2020,2020-02-11,9625,2020-02-01,0753,020516,,6,1,9,1300,0,3,5,,2,050,"HEBER ROAD","MELOLAND ROAD",860.00,E,N,A,-,N,,,,,,,,,,N,3,0,1,1,A,-,08,22107,,N,E,I,A,A,H,-,A,D,0,,,Y,,Y,,C,02,0,1,0,0,0,0,0,0,1,"- ","- ",32.730258941650391,-115.44503021240234,IMPERIAL,UNINCORPORATED,-115.445036,32.730268000000002
91184594,2020,2020-02-11,9625,2020-01-24,0615,017727,,5,1,9,1300,0,3,5,,2,010,SR-78,SR-115,0.00,,Y,A,-,Y,,,78,,,,,,,Y,3,0,8,2,A,-,09,21801,A,N,D,C,A,A,H,-,D,D,0,,,,,Y,,M,51,0,7,1,0,0,0,0,0,0,"- ","- ",32.974201202392578,-115.40809631347656,IMPERIAL,UNINCORPORATED,-115.40810394287109,32.97418212890625
91184653,2019,2020-02-11,9625,2019-11-08,0315,020111,,5,3,9,1300,0,3,5,,2,010,"NORM NIVER ROAD","NURSERY ROAD",390.00,S,N,A,-,N,,,,,,,,,,Y,1,1,1,2,A,-,08,22107,,N,B,C,A,A,H,-,D,D,0,,,,,Y,Y,A,01,0,1,0,0,0,0,0,0,0,"- ","- ",33.356258392333984,-116.01936340332031,IMPERIAL,UNINCORPORATED,-116.0201416015625,33.356716156005859
91184854,2020,2020-02-11,9625,2020-01-31,2230,019225,,5,3,9,1300,0,3,5,,2,010,"KALIN ROAD","CADY ROAD",500.00,N,N,A,-,N,,,,,,,,,,N,3,0,1,2,A,-,11,21954,A,F,G,B,E,A,H,-,D,D,0,Y,,,,Y,,N,60,0,1,0,0,1,0,0,0,0,"- ","- ",32.980510711669922,-115.57861328125,IMPERIAL,UNINCORPORATED,-115.57859039306641,32.980587005615234
91185032,2020,2020-02-12,9620,2020-02-09,1532,019291,,7,2,9,1300,0,1,3,,1,062,SR-186,I-8,1056.00,S,N,A,-,N,,,186,,,,,,,Y,4,0,1,3,A,-,03,22350,,N,C,C,A,A,H,-,A,D,0,,,,,Y,,D,22,0,0,1,0,0,0,0,0,0,"- ","- ",32.740558624267578,-114.72000885009766,IMPERIAL,UNINCORPORATED,-114.72003173828125,32.740550994873047
91185698,2020,2020-02-12,9625,2020-02-01,0435,018930,,6,3,9,1300,0,1,1,,2,002,"INTERSTATE 8 W/B","MOUNTAIN SPRINGS ROAD",31152.00,E,N,A,-,Y,,,8,,,,,,W,Y,3,0,1,1,A,-,08,22107,,N,E,I,A,A,H,-,D,D,0,,,,Y,Y,,G,27,0,1,0,0,0,0,0,0,0,"- ","- ",32.724899291992188,-116.03910064697266,IMPERIAL,UNINCORPORATED,-116.03910064697266,32.724929809570312
91186176,2020,2020-02-13,9625,2020-02-06,1855,017809,,4,2,9,1300,0,3,5,,2,020,"KERSHAW ROAD","YOCUM ROAD",0.00,,Y,A,-,N,,,,,,,,,,Y,4,0,1,1,A,-,03,22350,,N,E,I,A,A,H,-,D,A,0,,,,,Y,,A,01,0,0,1,0,0,0,0,0,0,"- ","- ",33.111198425292969,-115.50853729248047,IMPERIAL,UNINCORPORATED,-115.50849914550781,33.111198425292969
91186536,2020,2020-02-13,9620,2020-02-07,1445,019582,,5,2,9,1300,0,1,1,,2,082,"I-8 E/B","WINTERHAVEN DR",3696.00,E,N,A,-,Y,,,8,,,,,,E,Y,3,0,1,1,A,-,08,22107,,N,E,I,A,A,H,-,A,D,0,,,,,Y,,A,01,0,1,0,0,0,0,0,0,0,"- ","- ",32.734329223632812,-114.63951873779297,IMPERIAL,UNINCORPORATED,-114.63950347900391,32.734405517578125
91187788,2020,2020-02-17,9625,2020-02-05,1940,018792,,3,2,9,1300,0,1,1,,2,001,"INTERSTATE 8 E/B","MOUNTAIN SPRINGS ROAD",14256.00,E,N,A,-,Y,,,,,,,,,,Y,3,0,1,2,A,-,08,22107,,N,B,C,A,A,H,-,D,D,0,,,,,Y,,A,01,0,1,0,0,0,0,0,0,0,"- ","- ",32.6993408203125,-115.05914306640625,IMPERIAL,UNINCORPORATED,-116.06477355957031,32.688335418701172
91188438,2020,2020-02-18,9625,2020-02-09,2025,020516,,7,2,9,1300,0,3,5,,2,050,"ZENOS ROAD","STATE ROUTE 115",201.00,E,N,B,-,N,,,,,,,,,,Y,4,0,1,1,A,-,08,22107,,N,E,I,A,A,H,-,D,D,0,,,,,Y,,A,01,0,0,1,0,0,0,0,0,0,"- ","- ",32.811241149902344,-115.40547943115234,IMPERIAL,UNINCORPORATED,-115.40546417236328,32.811183929443359
91189564,2020,2020-02-19,9625,2020-02-07,0945,017727,,5,1,9,1300,0,1,3,,2,023,SR-115,"CHALUPNIK ROAD",1056.00,S,N,A,-,Y,,,115,,,,,,,Y,3,0,1,1,A,-,08,22107,,N,F,A,A,A,H,-,A,D,0,,,,,Y,,A,07,0,1,0,0,0,0,0,0,0,"- ","- ",33.024101257324219,-115.44889831542969,IMPERIAL,UNINCORPORATED,-115.44886779785156,33.024101257324219
91189578,2020,2020-02-19,9625,2020-02-04,0630,017055,,2,1,9,1300,0,1,3,,1,011,"SR-86 S/B",SR-78,0.00,,Y,A,-,Y,,,86,,,,,,S,Y,3,0,3,2,A,-,12,21453,A,N,D,C,A,A,H,-,A,A,0,,,,,Y,,A,01,0,1,2,0,0,0,0,0,0,"- ","- ",32.999271392822266,-115.58917236328125,IMPERIAL,UNINCORPORATED,-115.58922576904297,32.999229431152344
91189599,2020,2020-02-19,9625,2020-02-10,1305,019225,,1,1,9,1300,0,1,1,,2,004,"INTERSTATE 8 W/B","IMPERIAL HIGHWAY",1056.00,E,N,B,C,Y,,,8,,,,,,W,Y,4,0,1,1,A,-,03,22350,,N,E,I,A,B,H,-,A,D,0,,,,,Y,,A,01,0,0,1,0,0,0,0,0,0,"- ","- ",32.743328094482422,-115.96064758300781,IMPERIAL,UNINCORPORATED,-115.96066284179688,32.743396759033203
91190072,2019,2020-02-20,9625,2019-12-05,1723,019035,,4,2,9,1300,0,1,3,,1,054,"STATE ROUTE 111 SOUTHBOUND","ATEN ROAD",1584.00,S,N,A,-,Y,,,111,,,,,,S,Y,1,1,1,2,A,-,05,21651,B,N,A,C,A,A,H,-,D,D,0,,,,,Y,,A,01,1,0,0,0,0,0,0,0,0,"- ","- ",32.823600769042969,-115.50039672851562,IMPERIAL,UNINCORPORATED,-115.50023651123047,32.823596954345703
91190077,2019,2020-02-20,9625,2019-12-31,1355,019668,,2,1,9,1300,0,1,3,,1,012,"STATE ROUTE 86 S/B","SUNRISE DRIVE",0.00,,Y,A,-,Y,,,86,,,,,,S,Y,1,1,3,2,A,-,09,21804,A,N,D,C,A,A,H,-,A,A,0,,,,,Y,,A,01,1,2,0,0,0,0,0,0,0,"- ","- ",33.289230346679688,-115.97190093994141,IMPERIAL,UNINCORPORATED,-115.97193145751953,33.289207458496094