CASE_ID,ACCIDENT_YEAR,PROC_DATE,JURIS,COLLISION_DATE,COLLISION_TIME,OFFICER_ID,REPORTING_DISTRICT,DAY_OF_WEEK,CHP_SHIFT,POPULATION,CNTY_CITY_LOC,SPECIAL_COND,BEAT_TYPE,CHP_BEAT_TYPE,CITY_DIVISION_LAPD,CHP_BEAT_CLASS,BEAT_NUMBER,PRIMARY_RD,SECONDARY_RD,DISTANCE,DIRECTION,INTERSECTION,WEATHER_1,WEATHER_2,STATE_HWY_IND,CALTRANS_COUNTY,CALTRANS_DISTRICT,STATE_ROUTE,ROUTE_SUFFIX,POSTMILE_PREFIX,POSTMILE,LOCATION_TYPE,RAMP_INTERSECTION,SIDE_OF_HWY,TOW_AWAY,COLLISION_SEVERITY,NUMBER_KILLED,NUMBER_INJURED,PARTY_COUNT,PRIMARY_COLL_FACTOR,PCF_CODE_OF_VIOL,PCF_VIOL_CATEGORY,PCF_VIOLATION,PCF_VIOL_SUBSECTION,HIT_AND_RUN,TYPE_OF_COLLISION,MVIW,PED_ACTION,ROAD_SURFACE,ROAD_COND_1,ROAD_COND_2,LIGHTING,CONTROL_DEVICE,CHP_ROAD_TYPE,PEDESTRIAN_ACCIDENT,BICYCLE_ACCIDENT,MOTORCYCLE_ACCIDENT,TRUCK_ACCIDENT,NOT_PRIVATE_PROPERTY,ALCOHOL_INVOLVED,STWD_VEHTYPE_AT_FAULT,CHP_VEHTYPE_AT_FAULT,COUNT_SEVERE_INJ,COUNT_VISIBLE_INJ,COUNT_COMPLAINT_PAIN,COUNT_PED_KILLED,COUNT_PED_INJURED,COUNT_BICYCLIST_KILLED,COUNT_BICYCLIST_INJURED,COUNT_MC_KILLED,COUNT_MC_INJURED,PRIMARY_RAMP,SECONDARY_RAMP,LATITUDE,LONGITUDE,COUNTY,CITY,POINT_X,POINT_Y
91535533,2021,2021-08-03,9620,2021-06-10,1440,014306,,4,2,9,1300,0,1,3,,1,063,SR-78,"MITCHELLS CAMP RD.",1056.00,W,N,A,-,Y,,,,,,,,,,Y,1,2,1,3,A,-,05,21460,A,N,B,C,A,A,H,-,A,D,0,,,,Y,Y,,A,07,0,1,0,0,0,0,0,0,0,"- ","- ",33.319709777832031,-114.73361968994141,IMPERIAL,UNINCORPORATED,-114.73243713378906,33.321933746337891
91535820,2021,2021-08-03,9625,2021-07-24,0530,021107,,6,3,9,1300,0,1,3,,2,024,"STATE ROUTE 78","OSBORNE PARK ROAD",1690.00,E,N,A,-,Y,,,78,,,,,,,Y,4,0,1,1,C,-,18,,,N,E,9,A,A,C,-,D,D,0,,,,,Y,,-,"- ",0,0,1,0,0,0,0,0,0,"- ","- ",32.987190246582031,-115.12960815429688,IMPERIAL,UNINCORPORATED,-115.12961578369141,32.987232208251953
91535858,2021,2021-08-03,9625,2021-07-25,0229,021107,,7,3,9,1300,0,1,3,,1,044,"STATE ROUTE 86 NORTHBOUND","AUSTIN ROAD",2482.00,N,N,A,-,Y,,,86,,,,,,N,N,2,0,1,2,A,-,11,21954,A,N,G,B,E,A,H,-,D,D,0,Y,,,,Y,Y,N,60,1,0,0,0,1,0,0,0,0,"- ","- ",32.953330993652344,-115.55966186523438,IMPERIAL,UNINCORPORATED,-115.5596923828125,32.953414916992188
91536108,2021,2021-08-03,9625,2021-07-25,0916,018933,,7,1,9,1300,0,1,3,,1,022,SR-111,"HOT MINERAL SPA ROAD",5070.00,S,N,B,-,Y,,,111,,,,,,,Y,3,0,1,1,A,-,08,22107,,N,F,I,A,A,H,-,A,D,0,,,,,Y,,A,01,0,1,0,0,0,0,0,0,0,"- ","- ",33.371479034423828,-115.67746734619141,IMPERIAL,UNINCORPORATED,-115.677490234375,33.371433258056641
91536140,2021,2021-08-03,9625,2021-07-28,0918,018468,,3,1,9,1300,0,1,3,,2,053,"STATE ROUTE 111 (S/B)","STATE ROUTE 86",0.00,,Y,A,-,Y,,,111,,,,,,,N,3,0,2,2,A,-,12,21453,A,N,D,C,A,A,H,-,A,A,0,,,,,Y,,A,01,0,2,0,0,0,0,0,0,0,"- ","- ",32.730670928955078,-115.50054931640625,IMPERIAL,UNINCORPORATED,-115.50040435791016,32.730670928955078
91536164,2021,2021-08-03,9625,2021-07-28,1540,019225,,3,2,9,1300,0,1,3,,1,054,"SR-111 N/B","WORTHINGTON ROAD",0.00,,Y,A,-,Y,,,,,,,,,,Y,2,0,3,2,A,-,12,21453,A,N,D,C,A,A,H,-,A,A,0,,,,Y,Y,,A,08,1,0,2,0,0,0,0,0,0,"- ","- ",32.820220947265625,-115.57051849365234,IMPERIAL,UNINCORPORATED,-115.50747680664062,32.847362518310547
91536540,2021,2021-08-04,9625,2021-07-26,2015,019667,,1,2,9,1300,0,1,3,,1,044,"SR-86 N/B","KEYSTONE ROAD",2300.00,N,N,A,-,Y,,,86,,,,,,N,N,3,0,1,1,A,-,08,22107,,N,E,I,A,A,H,-,D,D,0,,,,,Y,,A,01,0,1,0,0,0,0,0,0,0,"- ","- ",32.919418334960938,-115.56996154785156,IMPERIAL,UNINCORPORATED,-115.57004547119141,32.919418334960938
91536865,2021,2021-08-04,9625,2021-07-24,0555,019582,,6,3,9,1300,0,3,5,,2,010,"FREDRICKS ROAD","ELDER ROAD",0.00,,Y,A,-,N,,,,,,,,,,Y,2,0,1,1,A,-,01,23152,A,N,E,I,A,A,H,-,A,A,0,,,,,Y,Y,A,01,1,0,0,0,0,0,0,0,0,"- ","- ",32.998981475830078,-115.58907318115234,IMPERIAL,UNINCORPORATED,-115.58970642089844,32.998950958251953
91536866,2021,2021-08-04,9625,2021-07-25,0230,020111,,7,3,9,1300,0,3,5,,2,050,"BARBRA WORTH ROAD","EVAN HEWES HWY",2112.00,S,N,A,-,N,,,,,,,,,,Y,3,0,1,1,A,-,08,22107,,N,E,I,A,A,H,-,D,D,0,,,,,Y,Y,A,01,0,1,0,0,0,0,0,0,0,"- ","- ",32.798240661621094,-115.43051147460938,IMPERIAL,UNINCORPORATED,-115.43047332763672,32.797981262207031
91536892,2021,2021-08-04,9625,2021-07-31,1405,019225,,6,2,9,1300,0,1,1,,2,005,"E/B I-8 TO S/B SR-111","INTERSTATE 8",900.00,S,N,A,-,Y,,,,,,,,,,N,4,0,1,1,A,-,08,22107,,N,E,I,A,A,H,-,A,D,0,,,,,Y,,A,01,0,0,1,0,0,0,0,0,0,"- ","- ",,,IMPERIAL,UNINCORPORATED,-115.56105804443359,32.77130126953125
91537434,2021,2021-08-05,9625,2021-07-30,1435,019668,,5,2,3,1301,0,3,5,,2,040,"AUSTIN ROAD","KEYSTONE ROAD",4755.00,N,N,A,-,N,,,,,,,,,,Y,4,0,2,1,A,-,03,22350,,N,E,I,A,A,H,-,A,D,0,,,,,Y,,A,01,0,0,2,0,0,0,0,0,0,"- ","- ",32.925708770751953,-115.59484100341797,IMPERIAL,BRAWLEY,-115.59494781494141,32.925544738769531
91537635,2021,2021-08-05,9625,2021-08-02,1700,019668,,1,2,9,1300,0,1,3,,2,053,"SR-111 S/B","HEBER ROAD",446.00,S,N,A,-,Y,,,111,,,,,,S,Y,2,0,1,2,A,-,03,22350,,N,C,C,A,A,A,-,A,D,0,,,Y,,Y,,C,02,1,0,0,0,0,0,0,0,1,"- ","- ",32.729408264160156,-115.50057220458984,IMPERIAL,UNINCORPORATED,-115.50038909912109,32.729412078857422
91538154,2021,2021-08-05,9625,2021-07-31,0525,018368,,6,3,9,1300,0,3,5,,2,010,"BEST ROAD","WARD ROAD",1988.00,N,N,A,-,N,,,,,,,,,,Y,4,0,1,2,A,-,03,22350,,N,C,D,A,A,H,-,A,D,0,,,,,Y,,A,01,0,0,1,0,0,0,0,0,0,"- ","- ",33.020980834960938,-115.50917816162109,IMPERIAL,UNINCORPORATED,-115.50921630859375,33.021030426025391
91538576,2021,2021-08-06,9625,2021-07-25,1406,018978,,7,2,9,1300,0,1,3,,1,012,"STATE ROUTE 86 N/B","TREADWELL BLVD",0.00,,Y,A,-,Y,,,86,,,,,,N,Y,3,0,2,3,A,-,09,21804,A,N,D,C,A,A,H,-,A,A,0,,,,,Y,,A,01,0,1,1,0,0,0,0,0,0,"- ","- ",33.328498840332031,-116.00067138671875,IMPERIAL,UNINCORPORATED,-116.00070953369141,33.328472137451172
91538758,2021,2021-08-06,9625,2021-07-27,0533,020263,,2,3,9,1300,0,1,3,,2,053,"SR-111 S/B",SR-86,0.00,,Y,A,-,Y,,,111,,,,,,S,Y,2,0,2,2,A,-,12,21453,A,N,D,C,A,A,H,-,B,A,0,,,,,Y,,A,07,1,0,1,0,0,0,0,0,0,"- ","- ",32.730659484863281,-115.50050354003906,IMPERIAL,UNINCORPORATED,-115.50040435791016,32.730663299560547
91539081,2021,2021-08-06,9625,2021-07-26,1701,018978,,1,2,9,1300,0,1,3,,1,012,"SR- 86 S/B","S. MARINA DR.",1200.00,N,N,A,-,Y,,,86,,,,,,S,N,3,0,1,2,A,-,03,22350,,N,C,C,A,D,H,-,A,D,0,,,,,Y,,A,08,0,1,0,0,0,0,0,0,0,"- ","- ",33.281929016113281,-115.96650695800781,IMPERIAL,UNINCORPORATED,-115.96653747558594,33.281909942626953
91540737,2021,2021-09-17,9625,2021-07-28,0810,017727,,3,1,9,1300,0,1,3,,1,054,"SR-111 S/B","KEYSTONE ROAD",3813.00,N,N,A,-,Y,,,111,,,,,,S,Y,4,0,2,2,A,-,08,22107,,N,B,E,A,A,H,-,A,D,0,,,,Y,Y,,G,25,0,0,2,0,0,0,0,0,0,"- ","- ",32.923099517822266,-115.50930023193359,IMPERIAL,UNINCORPORATED,-115.50912475585938,32.923099517822266
91541471,2021,2021-08-10,9620,2021-07-12,2038,019291,,1,2,9,1300,0,1,1,,2,081,"I-8 W/B","GORDONS WELL RD",7920.00,W,N,A,-,Y,,,8,,,,,,W,N,1,1,0,2,A,-,11,21954,A,N,G,B,D,A,H,-,D,D,0,Y,,,,Y,,N,60,0,0,0,1,0,0,0,0,0,"- ","- ",32.710491180419922,-114.93183135986328,IMPERIAL,UNINCORPORATED,-114.93182373046875,32.710472106933594
91541761,2021,2021-08-10,9625,2021-03-15,1620,021107,,1,2,9,1300,0,1,3,,1,012,"STATE ROUTE 86 NORTHBOUND","NORTH MARINA DRIVE",2014.00,N,N,F,G,Y,,,86,,,,,,N,Y,1,1,1,3,A,-,03,22350,,N,G,B,E,A,H,-,A,D,0,Y,,,,Y,,D,22,0,1,0,1,0,0,0,0,0,"- ","- ",33.3077392578125,-115.98535919189453,IMPERIAL,UNINCORPORATED,-115.98532867431641,33.307765960693359
91542399,2021,2021-08-11,9625,2021-07-30,1513,018978,,5,2,9,1300,0,2,4,,2,046,"DOGWOOD ROAD","MCCABE ROAD",181.00,N,N,A,-,N,,,,,,,,,,Y,3,0,1,1,A,-,01,23152,A,N,E,I,A,D,H,-,A,A,0,,,,,Y,Y,D,22,0,1,0,0,0,0,0,0,0,"- ","- ",32.752971649169922,-115.53491973876953,IMPERIAL,UNINCORPORATED,-115.53489685058594,32.752864837646484
91542453,2021,2021-08-11,9625,2021-07-31,1333,018468,,6,1,9,1300,0,3,5,,2,050,"ATEN ROAD","DOGWOOD ROAD",110.00,E,N,A,-,N,,,,,,,,,,Y,3,0,1,2,A,-,07,21658,A,N,B,C,A,A,H,-,A,D,0,,,,,Y,,A,07,0,1,0,0,0,0,0,0,0,"- ","- ",32.825408935546875,-115.5352783203125,IMPERIAL,UNINCORPORATED,-115.53569793701172,32.825431823730469
91542841,2021,2021-08-11,9625,2021-08-03,1400,021107,,2,2,9,1300,0,1,3,,1,044,"STATE ROUTE 86 S/B","AUSTIN ROAD",3300.00,N,N,A,-,Y,,,86,,,,,,S,Y,2,0,3,2,A,-,03,22350,,N,C,C,A,A,H,-,A,D,0,,,,,Y,,D,22,1,1,1,0,0,0,0,0,0,"- ","- ",32.95452880859375,-115.55716705322266,IMPERIAL,UNINCORPORATED,-115.55714416503906,32.9544677734375
91543721,2021,2021-08-12,9625,2021-08-03,0635,017727,,2,1,9,1300,0,1,3,,1,012,"SR-86 (N/B)","TREADWELL BLVD",78.00,N,N,A,-,Y,,,86,,,,,,,Y,3,0,1,1,A,-,08,22107,,N,E,I,A,A,H,-,B,D,0,,,,,Y,,A,07,0,1,0,0,0,0,0,0,0,"- ","- ",33.327690124511719,-116.00007629394531,IMPERIAL,UNINCORPORATED,-116.00010681152344,33.327671051025391
91543754,2021,2021-08-12,9625,2021-08-06,1050,018368,,5,1,9,1300,0,1,1,,2,005,"I-8 E/B FROM SR-111 S/B","I-8 E/B",312.00,S,N,A,-,Y,,,8,,,,R,,E,Y,4,0,1,1,A,-,08,22107,,N,E,I,A,A,H,-,A,D,0,,,,,Y,,A,08,0,0,1,0,0,0,0,0,0,"- ","- ",32.772811889648438,-115.50153350830078,IMPERIAL,UNINCORPORATED,-115.50153350830078,32.772811889648438
91543842,2021,2021-08-12,9625,2021-08-02,1610,019668,,1,2,9,1300,0,1,3,,2,053,"SR-111 N/B","HEBER ROAD",2152.00,S,N,A,-,Y,,,,,,,,,,Y,3,0,2,4,A,-,08,22107,,N,B,C,A,A,H,-,A,D,0,,,,,Y,,A,01,0,1,1,0,0,0,0,0,0,"- ","- ",,,IMPERIAL,UNINCORPORATED,-115.50019836425781,32.724788665771484
91546221,2021,2021-08-16,9620,2021-08-07,1835,018535,,6,2,9,1300,0,2,4,,1,061,"S-34 (OGILBY ROAD)","INDIAN PASS ROAD",12144.00,S,N,A,G,N,,,,,,,,,,Y,2,0,1,2,A,-,08,22107,,N,E,I,A,A,H,-,B,D,0,,,,,Y,,A,01,1,0,0,0,0,0,0,0,0,"- ","- ",32.928020477294922,-114.8424072265625,IMPERIAL,UNINCORPORATED,,
91548271,2021,2021-08-18,9625,2021-08-10,2040,019667,,2,2,9,1300,0,1,3,,2,043,SR-86,"MCCABE ROAD",0.00,,Y,A,-,Y,,,86,,,,,,,Y,3,0,1,2,A,-,09,21802,B,N,D,C,A,A,H,-,C,A,0,,,,,Y,,D,22,0,1,0,0,0,0,0,0,0,"- ","- ",32.752239227294922,-115.55204772949219,IMPERIAL,UNINCORPORATED,-115.55186462402344,32.752246856689453
91549033,2021,2021-08-19,9625,2021-08-08,0040,022010,,7,3,9,1300,0,1,3,,1,044,"SR-86 N/B","HARRIS ROAD",54.00,S,N,A,-,Y,,,86,,,,,,N,Y,3,0,1,1,A,-,08,22107,,N,E,I,A,A,H,-,D,D,0,,,,,Y,,A,01,0,1,0,0,0,0,0,0,0,"- ","- ",32.883800506591797,-115.57008361816406,IMPERIAL,UNINCORPORATED,-115.57022857666016,32.883800506591797
91549176,2021,2021-08-19,9625,2021-08-13,1710,019667,,5,2,9,1300,0,3,5,,2,040,"ROSS ROAD","FORRESTER ROAD",1731.00,E,N,A,-,N,,,,,,,,,,N,3,0,2,1,A,-,08,22107,,N,E,I,A,A,H,-,A,D,0,,,,,Y,,A,07,0,1,1,0,0,0,0,0,0,"- ","- ",32.781551361083984,-115.61456298828125,IMPERIAL,UNINCORPORATED,-115.61503601074219,32.781425476074219
91549541,2021,2021-08-19,9625,2021-08-15,1630,021107,,7,2,9,1300,0,1,1,,2,001,"INTERSTATE 8 EASTBOUND","MOUNTAIN SPRINGS ROAD",15734.00,E,N,A,-,Y,,,8,,,,,,E,Y,3,0,1,1,A,-,08,22107,,N,E,8,A,A,H,-,A,D,0,,,,,Y,,A,01,0,1,0,0,0,0,0,0,0,"- ","- ",32.692600250244141,-116.06390380859375,IMPERIAL,UNINCORPORATED,-116.06385040283203,32.692607879638672
91549607,2021,2021-08-19,9625,2021-08-13,1930,019668,,5,2,9,1300,0,3,5,,2,050,"KLOKE ROAD","COLE ROAD",0.00,,Y,A,-,N,,,,,,,,,,N,2,0,1,2,A,-,12,22450,A,N,D,C,A,A,H,-,C,A,0,,,Y,,Y,,C,02,1,0,0,0,0,0,0,0,1,"- ","- ",32.694061279296875,-115.51673889160156,IMPERIAL,UNINCORPORATED,-115.51679229736328,32.693992614746094
91550131,2021,2021-08-20,9625,2021-08-15,1630,019668,,7,2,9,1300,0,2,4,,2,047,"EVAN HEWES HIGHWAY","FORRESTER ROAD",0.00,,Y,A,-,N,,,,,,,,,,Y,3,0,1,2,A,-,01,23152,A,N,D,C,A,A,H,-,A,A,0,,,,,Y,Y,A,01,0,1,0,0,0,0,0,0,0,"- ","- ",32.796581268310547,-115.62081909179688,IMPERIAL,UNINCORPORATED,-115.61180877685547,32.804046630859375
91551482,2021,2021-08-23,9625,2021-08-12,1730,018792,,4,2,9,1300,0,1,3,,1,012,"SR-86 N/B","SUNRISE DR.",0.00,,Y,A,-,Y,,,86,,,,,,N,Y,3,0,2,2,A,-,09,21803,A,N,D,C,A,A,H,-,A,A,0,,,,,Y,,A,01,0,2,0,0,0,0,0,0,0,"- ","- ",33.289360046386719,-115.97164916992188,IMPERIAL,UNINCORPORATED,-115.97167205810547,33.289344787597656
91552699,2021,2021-08-24,9625,2021-08-17,1920,018792,,2,2,9,1300,0,1,3,,1,054,"SR-111 S/B","EVAN HEWES HIGHWAY",206.00,N,N,A,-,Y,,,111,,,,,,S,Y,3,0,3,2,A,-,03,22350,,N,C,C,A,A,H,-,B,A,0,,,,,Y,,A,01,0,2,1,0,0,0,0,0,0,"- ","- ",32.800319671630859,-115.50067138671875,IMPERIAL,UNINCORPORATED,-115.50054931640625,32.800315856933594
91553101,2021,2021-08-24,9620,2021-08-21,1330,018535,,6,1,9,1300,0,3,5,,2,060,"RIVER RD","NEIGHBORS BLVD",1056.00,S,N,A,G,N,,,,,,,,,,Y,3,0,2,1,A,-,08,22107,,N,F,A,A,A,H,-,A,D,0,,,,,Y,,A,01,0,2,0,0,0,0,0,0,0,"- ","- ",33.415458679199219,-114.65769958496094,IMPERIAL,UNINCORPORATED,,
91553252,2021,2021-08-24,9625,2021-03-15,1613,013727,,1,2,9,1300,0,1,3,,1,012,"STATE ROUTE 86 N/B","N. MARINA DRIVE",2030.00,N,N,F,G,Y,,,86,,,,,,N,Y,3,0,3,3,A,-,03,22350,,N,C,C,A,A,H,-,A,D,0,,,,,Y,,D,22,0,2,1,0,0,0,0,0,0,"- ","- ",33.30767822265625,-115.98531341552734,IMPERIAL,UNINCORPORATED,-115.98528289794922,33.307701110839844
91554188,2021,2021-08-25,9625,2021-06-22,0145,020263,,2,3,9,1300,0,1,3,,1,021,SR-111,"BAUGHMAN ROAD",210.00,N,N,A,-,Y,,,111,,,,,,,N,1,1,0,2,A,-,00,21971,,F,G,B,E,A,H,-,D,D,0,Y,,,,Y,,N,60,0,0,0,1,0,0,0,0,0,"- ","- ",33.031230926513672,-115.52671813964844,IMPERIAL,UNINCORPORATED,-115.52687835693359,33.031230926513672
91555374,2021,2021-08-26,9625,2021-08-25,0710,018368,,3,1,9,1300,0,2,4,,2,047,"FORRESTER ROAD","HACKLEMAN ROAD",106.00,N,N,A,-,Y,,,,,,,,,,Y,3,0,1,1,A,-,08,22107,,N,E,I,A,A,H,-,A,D,0,,,,,Y,,A,01,0,1,0,0,0,0,0,0,0,"- ","- ",32.811771392822266,-115.62045288085938,IMPERIAL,UNINCORPORATED,-115.62065887451172,32.811389923095703
91557035,2021,2021-08-27,9625,2021-08-24,1120,018468,,2,1,9,1300,0,1,3,,1,054,"STATE ROUTE 111 (N/B)","EVAN HEWES HIGHWAY",100.00,S,N,A,-,Y,,,111,,,,,,,Y,4,0,1,3,A,-,03,22350,,N,C,C,A,A,H,-,A,A,0,,,,,Y,,D,22,0,0,1,0,0,0,0,0,0,"- ","- ",32.799350738525391,-115.50045776367188,IMPERIAL,UNINCORPORATED,-115.50062561035156,32.799373626708984
91557052,2021,2021-08-27,9625,2021-08-25,0742,018468,,3,1,9,1300,0,2,4,,2,057,"EVAN HEWES HIGHWAY","OLD HIGHWAY 111",0.00,,Y,A,-,Y,,,,,,,,,,Y,3,0,1,2,A,-,09,21802,A,N,D,C,A,A,H,-,A,A,0,,,Y,,Y,,C,02,0,1,0,0,0,0,0,0,1,"- ","- ",32.799320220947266,-115.50167846679688,IMPERIAL,UNINCORPORATED,-115.50041961669922,32.799835205078125
91557211,2021,2021-08-27,9625,2021-07-14,1430,018792,,3,2,9,1300,0,2,4,,2,047,"FORRESTER ROAD","CADY ROAD",2534.00,N,N,A,-,N,,,,,,,,,,Y,1,1,2,1,A,-,01,23152,A,N,F,A,A,A,H,-,A,D,0,,,,,Y,Y,D,22,2,0,0,0,0,0,0,0,0,"- ","- ",32.984329223632812,-115.62403869628906,IMPERIAL,UNINCORPORATED,-115.62407684326172,32.984317779541016
91558243,2021,2021-08-30,9625,2021-08-22,1910,019667,,7,2,9,1300,0,1,3,,1,054,"KEYSTONE ROAD",SR-111,0.00,,Y,A,-,Y,,,,,,,,,,N,2,0,5,2,A,-,12,21453,A,N,D,C,A,A,H,-,B,A,0,,,,,Y,,A,01,4,1,0,0,0,0,0,0,0,"- ","- ",32.913959503173828,-115.50927734375,IMPERIAL,UNINCORPORATED,-115.50896453857422,32.912666320800781
91558299,2021,2021-08-30,9625,2021-08-27,0950,018368,,5,1,9,1300,0,2,4,,2,057,"EVAN HEWES HIGHWAY","METS RD",0.00,,Y,A,-,N,,,,,,,,,,Y,4,0,1,2,A,-,09,21801,A,N,D,C,A,A,H,-,A,D,0,,,,,Y,,A,01,0,0,1,0,0,0,0,0,0,"- ","- ",32.806350708007812,-115.39743041992188,IMPERIAL,UNINCORPORATED,-115.39746856689453,32.806285858154297
91559520,2021,2021-08-31,9625,2021-08-25,1950,019668,,3,2,9,1300,0,2,4,,2,057,"EVAN HEWES HIGHWAY W/B","MELOLAND ROAD",1220.00,E,N,A,-,N,,,,,,,,,,Y,3,0,1,2,A,-,03,22350,,F,C,C,A,A,H,-,D,D,0,,,,,Y,,A,01,0,1,0,0,0,0,0,0,0,"- ","- ",32.803421020507812,-115.44412231445312,IMPERIAL,UNINCORPORATED,-115.44404602050781,32.803321838378906
91559813,2021,2021-08-31,9625,2021-08-27,1355,019668,,5,1,9,1300,0,1,1,,2,006,"I-8 W/B",SR-111,2832.00,W,N,A,-,Y,,,8,,,,,,W,Y,4,0,1,1,A,-,08,22107,,N,E,I,A,A,H,-,A,D,0,,,,,Y,,A,07,0,0,1,0,0,0,0,0,0,"- ","- ",32.774280548095703,-115.51109313964844,IMPERIAL,UNINCORPORATED,-115.51109313964844,32.773983001708984
91561054,2021,2021-09-02,9625,2021-08-24,0730,017727,,2,1,9,1300,0,1,3,,1,012,"SR-86 S/B","NORM NIVER ROAD",60.00,S,N,A,-,Y,,,86,,,,,,S,Y,2,0,1,1,A,-,08,22107,,N,E,8,A,A,H,-,A,D,0,,,,,Y,,A,01,1,0,0,0,0,0,0,0,0,"- ","- ",33.357200622558594,-116.018798828125,IMPERIAL,UNINCORPORATED,-116.01877593994141,33.357208251953125
91561275,2021,2021-09-07,9625,2021-08-31,1612,021107,,2,2,9,1300,0,2,4,,2,046,"DOGWOOD ROAD","WILLOUGHBY ROAD",0.00,,Y,B,-,N,,,,,,,,,,Y,4,0,2,2,A,-,09,21802,A,N,D,C,A,A,H,-,A,A,0,,,,,Y,,A,01,0,0,2,0,0,0,0,0,0,"- ","- ",32.708450317382812,-115.53408813476562,IMPERIAL,UNINCORPORATED,-115.53408050537109,32.708446502685547
91561521,2021,2021-09-02,9620,2021-08-24,0815,019953,Quech,2,1,9,1300,0,1,3,,1,062,"STATE ROUTE 186","ANRADE PORT OF ENTRY",3168.00,N,N,A,-,Y,,,,,,,,,,N,4,0,1,2,A,-,11,21954,A,F,G,B,D,A,H,-,A,D,0,Y,,,,Y,Y,N,60,0,0,1,0,1,0,0,0,0,"- ","- ",,,IMPERIAL,UNINCORPORATED,,
91561668,2021,2021-09-02,9625,2021-08-29,1753,018792,,7,2,9,1300,0,1,3,,1,011,"SR-86 S/B","KALIN RD",0.00,,Y,A,-,Y,,,86,,,,,,S,Y,3,0,3,2,A,-,09,21802,A,N,D,C,A,A,H,-,A,A,0,,,,,Y,,A,01,0,3,0,0,0,0,0,0,0,"- ","- ",32.984691619873047,-115.57823181152344,IMPERIAL,UNINCORPORATED,-115.57820892333984,32.984710693359375
91562203,2021,2021-09-03,9625,2021-08-24,0352,020263,,2,3,9,1300,0,1,3,,2,014,"SR-78 W/B","BRANDT ROAD",0.00,,Y,A,-,Y,,,78,,,,,,W,Y,2,0,1,2,A,-,01,23152,A,N,D,D,A,A,H,-,C,A,0,,,,,Y,Y,A,07,1,0,0,0,0,0,0,0,0,"- ","- ",33.000408172607422,-115.56143951416016,IMPERIAL,UNINCORPORATED,-115.56143951416016,33.000335693359375
91562671,2021,2021-09-06,9625,2021-09-02,1605,018933,,4,2,9,1300,0,2,4,,2,045,"EVAN HEWES HWY","FORRESTER ROAD",1379.00,W,N,A,-,Y,,,,,,,,,,Y,3,0,1,2,A,-,06,21750,A,N,D,C,A,A,H,-,A,D,0,,,,,Y,,A,01,0,1,0,0,0,0,0,0,0,"- ","- ",32.796630859375,-115.6253662109375,IMPERIAL,UNINCORPORATED,-115.61180877685547,32.804050445556641
91564720,2021,2021-09-07,9625,2021-08-28,0220,020738,,6,3,9,1300,0,3,5,,2,010,"WIEMAN ROAD","CADY ROAD",0.00,,Y,A,-,N,,,,,,,,,,N,3,0,1,1,A,-,03,22350,,N,E,I,A,A,H,-,C,D,0,,,,,Y,,A,01,0,1,0,0,0,0,0,0,0,"- ","- ",32.977310180664062,-115.65859985351562,IMPERIAL,UNINCORPORATED,-115.65866851806641,32.977413177490234
91565506,2021,2021-09-08,9625,2021-09-04,0210,021107,,6,3,9,1300,0,3,5,,2,040,"SILSBEE ROAD","ATEN ROAD",41.00,S,N,A,-,N,,,,,,,,,,Y,3,0,2,1,A,-,08,22107,,N,E,I,A,A,H,-,D,D,0,,,,,Y,,A,07,0,2,0,0,0,0,0,0,0,"- ","- ",32.825431823730469,-115.64643859863281,IMPERIAL,UNINCORPORATED,-115.64643096923828,32.825416564941406
91565516,2021,2021-09-08,9625,2021-09-07,1515,018468,,2,2,9,1300,0,3,5,,2,010,"INDIAN OCEAN AVENUE","STARDUST AVENUE",24.00,E,N,A,-,N,,,,,,,,,,N,2,0,1,1,A,-,08,22107,,N,E,I,A,A,H,-,A,D,0,,,Y,,Y,,C,06,1,0,0,0,0,0,0,0,1,"- ","- ",33.336681365966797,-115.97157287597656,IMPERIAL,UNINCORPORATED,-115.97173309326172,33.336688995361328
9156565,2020,2020-11-18,1301,2020-09-17,1128,MORENO,,4,5,3,1301,0,0,0,,0,001,"PATER ST","FLAMMANG AV",0.00,,Y,A,-,N,,,,,,,,,,Y,4,0,1,2,A,-,12,22450,,N,D,C,A,A,H,-,A,A,0,,,,,Y,,-,,0,0,1,0,0,0,0,0,0,"- ","- ",,,IMPERIAL,BRAWLEY,-115.53939056396484,32.987949371337891
91565657,2021,2021-09-08,9625,2021-08-03,1535,019667,,2,2,9,1300,0,2,4,,2,046,"WILLOUGHBY ROAD","DOGWOOD ROAD",0.00,,Y,A,-,N,,,,,,,,,,Y,1,1,1,2,A,-,09,21802,A,N,D,C,A,A,H,-,A,A,0,,,,,Y,,A,07,0,1,0,0,0,0,0,0,0,"- ","- ",32.708480834960938,-115.53388977050781,IMPERIAL,UNINCORPORATED,-115.53408050537109,32.708446502685547