CASE_ID,ACCIDENT_YEAR,PROC_DATE,JURIS,COLLISION_DATE,COLLISION_TIME,OFFICER_ID,REPORTING_DISTRICT,DAY_OF_WEEK,CHP_SHIFT,POPULATION,CNTY_CITY_LOC,SPECIAL_COND,BEAT_TYPE,CHP_BEAT_TYPE,CITY_DIVISION_LAPD,CHP_BEAT_CLASS,BEAT_NUMBER,PRIMARY_RD,SECONDARY_RD,DISTANCE,DIRECTION,INTERSECTION,WEATHER_1,WEATHER_2,STATE_HWY_IND,CALTRANS_COUNTY,CALTRANS_DISTRICT,STATE_ROUTE,ROUTE_SUFFIX,POSTMILE_PREFIX,POSTMILE,LOCATION_TYPE,RAMP_INTERSECTION,SIDE_OF_HWY,TOW_AWAY,COLLISION_SEVERITY,NUMBER_KILLED,NUMBER_INJURED,PARTY_COUNT,PRIMARY_COLL_FACTOR,PCF_CODE_OF_VIOL,PCF_VIOL_CATEGORY,PCF_VIOLATION,PCF_VIOL_SUBSECTION,HIT_AND_RUN,TYPE_OF_COLLISION,MVIW,PED_ACTION,ROAD_SURFACE,ROAD_COND_1,ROAD_COND_2,LIGHTING,CONTROL_DEVICE,CHP_ROAD_TYPE,PEDESTRIAN_ACCIDENT,BICYCLE_ACCIDENT,MOTORCYCLE_ACCIDENT,TRUCK_ACCIDENT,NOT_PRIVATE_PROPERTY,ALCOHOL_INVOLVED,STWD_VEHTYPE_AT_FAULT,CHP_VEHTYPE_AT_FAULT,COUNT_SEVERE_INJ,COUNT_VISIBLE_INJ,COUNT_COMPLAINT_PAIN,COUNT_PED_KILLED,COUNT_PED_INJURED,COUNT_BICYCLIST_KILLED,COUNT_BICYCLIST_INJURED,COUNT_MC_KILLED,COUNT_MC_INJURED,PRIMARY_RAMP,SECONDARY_RAMP,LATITUDE,LONGITUDE,COUNTY,CITY,POINT_X,POINT_Y
91566568,2021,2021-09-17,9625,2021-08-30,0251,018978,,1,3,9,1300,0,1,1,,2,006,"INTERSTATE 8 W/B","DOGWOOD ROAD",4860.00,E,N,A,-,Y,,,8,,,,,,W,Y,2,0,1,2,A,-,01,23152,A,N,C,C,A,A,H,-,C,D,0,,,,,Y,Y,A,01,1,0,0,0,0,0,0,0,0,"- ","- ",32.773708343505859,-115.5189208984375,IMPERIAL,UNINCORPORATED,-115.5189208984375,32.773990631103516
91566618,2021,2021-09-09,9625,2021-08-31,0500,022010,,2,3,9,1300,0,1,3,,2,024,SR-78,"OSBORNE PARK ROAD",2006.00,E,N,C,-,Y,,,78,,,,,,,Y,3,0,1,1,A,-,08,22107,,N,F,A,A,B,H,-,D,D,0,,,,,Y,,A,01,0,1,0,0,0,0,0,0,0,"- ","- ",32.987110137939453,-115.12982177734375,IMPERIAL,UNINCORPORATED,-115.12983703613281,32.987197875976562
91569879,2021,2021-09-14,9625,2021-09-03,1317,018978,,5,1,9,1300,0,2,4,,2,046,"DOGWOOD ROAD","COLE ROAD",0.00,,Y,A,-,N,,,,,,,,,,N,3,0,1,2,A,-,09,21801,A,N,D,C,A,A,H,-,A,D,0,,,,,Y,,A,01,0,1,0,0,0,0,0,0,0,"- ","- ",32.693981170654297,-115.53397369384766,IMPERIAL,UNINCORPORATED,-115.53398132324219,32.694004058837891
91569911,2021,2021-09-14,9625,2021-09-04,1105,018368,,6,1,9,1300,0,2,4,,2,046,"DOGWOOD ROAD","COLE ROAD",0.00,,Y,A,-,N,,,,,,,,,,Y,4,0,1,2,A,-,09,21801,A,N,D,C,A,A,H,-,A,D,0,,,,,Y,,A,07,0,0,1,0,0,0,0,0,0,"- ","- ",32.693931579589844,-115.53378295898438,IMPERIAL,UNINCORPORATED,-115.53398132324219,32.694004058837891
91570239,2021,2021-09-14,9625,2021-09-01,1000,016248,,3,1,9,1300,0,1,1,,2,001,"I-8 E/B","MOUNTAIN SPRINGS ROAD",307.00,W,N,A,-,Y,,,8,,,,,,E,N,3,0,2,2,A,-,03,22350,,N,C,C,A,A,H,-,A,D,0,,,,Y,Y,,A,01,0,1,1,0,0,0,0,0,0,"- ","- ",32.676479339599609,-116.099853515625,IMPERIAL,UNINCORPORATED,-116.09984588623047,32.676490783691406
91570819,2021,2021-09-15,9625,2021-09-12,0140,021107,,7,3,9,1300,0,1,3,,1,012,"STATE ROUTE 86 N/B","MONTEREY AVENUE",2850.00,S,N,A,-,Y,,,86,,,,,,N,Y,4,0,1,2,A,-,03,22350,,N,C,2,A,A,H,-,D,D,0,,,,,Y,Y,D,22,0,0,1,0,0,0,0,0,0,"- ","- ",33.397628784179688,-116.04405975341797,IMPERIAL,UNINCORPORATED,-116.04399871826172,33.397651672363281
91571951,2021,2021-09-16,9625,2021-09-07,0420,018930,,2,3,9,1300,0,3,5,,2,050,"COLE ROAD","PRUETT ROAD",241.00,W,N,A,-,N,,,,,,,,,,Y,2,0,1,1,A,-,08,22107,,N,E,I,A,A,H,-,C,D,0,,,Y,,Y,,C,02,1,0,0,0,0,0,0,0,1,"- ","- ",32.694011688232422,-115.51423645019531,IMPERIAL,UNINCORPORATED,-115.51213836669922,32.6939697265625
91572515,2021,2021-09-16,9625,2021-09-04,1640,022010,,6,2,9,1300,0,3,5,,2,050,"YOURMAN ROAD","HEBER ROAD",0.00,,Y,A,-,N,,,,,,,,,,Y,4,0,2,2,A,-,12,22450,A,N,D,C,A,A,H,-,A,A,0,,,,,Y,,A,07,0,0,2,0,0,0,0,0,0,"- ","- ",32.730751037597656,-115.49857330322266,IMPERIAL,UNINCORPORATED,-115.49834442138672,32.730678558349609
91573112,2021,2021-09-17,9625,2021-09-07,0711,018368,,2,1,2,1306,1,2,4,,2,047,"FORRESTER ROAD","ATEN ROAD",0.00,,Y,A,-,N,,,,,,,,,,Y,3,0,2,3,A,-,12,22450,A,N,D,C,A,A,H,-,A,A,0,,,,,Y,,A,01,0,1,1,0,0,0,0,0,0,"- ","- ",32.825550079345703,-115.62074279785156,IMPERIAL,IMPERIAL,-115.61183166503906,32.810840606689453
91573433,2021,2021-09-17,9625,2021-09-10,0949,018978,,5,1,9,1300,0,1,3,,1,011,"STATE ROUTE 86 S/B","VENDEL ROAD",1800.00,S,N,A,-,Y,,,86,,,,,,S,Y,4,0,1,2,A,-,05,21651,B,N,E,J,A,A,H,-,A,D,0,,,,,Y,,D,22,0,0,1,0,0,0,0,0,0,"- ","- ",33.037410736083984,-115.70191192626953,IMPERIAL,UNINCORPORATED,-115.701904296875,33.037494659423828
91573505,2021,2021-09-17,9625,2021-09-12,1658,022010,,7,2,9,1300,0,1,1,,2,006,"I-8 W/B",SR-111,317.00,W,N,A,-,Y,,,8,,,,,,W,Y,3,0,1,1,C,-,18,,,N,E,I,A,A,H,-,A,D,0,,,,,Y,,-,"- ",0,1,0,0,0,0,0,0,0,"- ","- ",32.675979614257812,-116.10659790039062,IMPERIAL,UNINCORPORATED,-116.10689544677734,32.676143646240234
91573517,2021,2021-09-17,9625,2021-09-12,1833,018468,,7,2,9,1300,0,1,1,,2,001,"INTERSTATE 8 (E/B)","MOUNTAIN SPRINGS ROAD",1219.00,W,N,A,-,Y,,,8,,,,,,,Y,2,0,1,1,A,-,03,22350,,N,F,A,A,A,H,-,A,D,0,,,,Y,Y,,G,25,1,0,0,0,0,0,0,0,0,"- ","- ",32.676609039306641,-116.10603332519531,IMPERIAL,UNINCORPORATED,-116.10599517822266,32.676582336425781
91574329,2021,2021-09-20,9625,2021-09-11,1250,018978,,6,1,9,1300,0,1,3,,2,053,"SR-111 N/B","MCCABE ROAD",150.00,N,N,A,-,Y,,,111,,,,,,N,Y,2,0,1,1,A,-,08,22107,,N,F,A,A,A,H,-,A,D,0,,,,,Y,,A,07,1,0,0,0,0,0,0,0,0,"- ","- ",32.753921508789062,-115.50086975097656,IMPERIAL,UNINCORPORATED,-115.50077819824219,32.753921508789062
91574357,2021,2021-09-20,9625,2021-09-13,0517,021107,,1,3,9,1300,0,1,3,,1,054,"STATE ROUTE 111 N/B","WORTHINGTON ROAD",1720.00,S,N,A,-,Y,,,111,,,,,,N,Y,4,0,1,3,A,-,03,22350,,N,C,C,A,A,H,-,C,D,0,,,,,Y,,A,01,0,0,1,0,0,0,0,0,0,"- ","- ",32.842891693115234,-115.50492095947266,IMPERIAL,UNINCORPORATED,-115.50503540039062,32.842819213867188
91575419,2021,2021-09-21,9625,2021-09-14,0947,018368,,2,1,9,1300,0,1,3,,1,044,"SR-86 S/B","AUSTIN RD",3284.00,N,N,A,-,N,,,86,,,,,,S,N,4,0,2,2,A,-,03,22350,,N,C,C,A,A,H,-,A,D,0,,,,,Y,,A,01,0,0,2,0,0,0,0,0,0,"- ","- ",32.954299926757812,-115.55780029296875,IMPERIAL,UNINCORPORATED,-115.55776214599609,32.954212188720703
91575980,2021,2021-09-21,9625,2021-09-14,2235,019668,,2,3,9,1300,0,1,3,,1,044,"SR-86 NORTHBOUND","HARRIS ROAD",195.00,S,N,A,-,Y,,,86,,,,,,N,N,4,0,1,2,A,-,03,22350,,N,C,C,A,A,H,-,D,D,0,,,,,Y,,D,22,0,0,1,0,0,0,0,0,0,"- ","- ",32.882270812988281,-115.57013702392578,IMPERIAL,UNINCORPORATED,-115.57022857666016,32.882270812988281
91576366,2021,2021-09-22,9620,2021-09-19,0700,019333,Quech,7,1,9,1300,0,2,4,,1,075,"WINTERHAVEN DRIVE","EASTBOUND INTERSTATE 8",401.00,S,N,A,-,N,,,,,,,,,,Y,4,0,1,1,A,-,08,22107,,N,E,I,A,A,H,-,A,D,0,,,,,Y,,A,01,0,0,1,0,0,0,0,0,0,"- ","- ",32.730548858642578,-114.62467956542969,IMPERIAL,UNINCORPORATED,-114.62455749511719,32.730606079101562
91580161,2021,2021-09-27,9625,2021-09-17,1520,019225,,5,2,9,1300,0,2,4,,2,046,"DOGWOOD ROAD","NECKEL ROAD",5.00,S,N,A,-,N,,,,,,,,,,Y,4,0,1,2,A,-,09,21801,A,N,E,I,A,A,H,-,A,D,0,,,,,Y,,A,01,0,0,1,0,0,0,0,0,0,"- ","- ",32.861778259277344,-115.53565216064453,IMPERIAL,UNINCORPORATED,-115.53559112548828,32.861766815185547
91580328,2021,2021-09-27,9625,2021-09-19,1905,019225,,7,2,9,1300,0,1,3,,2,053,"SR-111 S/B","JASPER ROAD",1841.00,N,N,A,-,Y,,,111,,,,,,S,N,4,0,2,3,A,-,08,22107,,N,G,B,E,A,H,-,D,D,0,Y,,,,Y,,A,01,0,0,2,0,2,0,0,0,0,"- ","- ",32.713848114013672,-115.49961853027344,IMPERIAL,UNINCORPORATED,-115.49946594238281,32.713851928710938
91581931,2021,2021-09-28,9625,2021-09-26,1050,020996,,7,1,9,1300,0,1,3,,1,054,"SR-111 N/B","EVAN HEWES HIGHWAY",2640.00,S,N,B,-,N,,,111,,,,,,N,N,4,0,1,2,A,-,07,21658,A,N,B,C,A,A,H,-,A,D,0,,,,,Y,,A,07,0,0,1,0,0,0,0,0,0,"- ","- ",32.793769836425781,-115.50051116943359,IMPERIAL,UNINCORPORATED,-115.50065612792969,32.793769836425781
91582998,2021,2021-09-29,9625,2021-09-27,0240,020111,,1,3,9,1300,0,1,1,,2,003,"INTERSTATE 8 E/B","IMPERIAL HIGHWAY",20750.00,E,N,A,-,Y,,,8,,,,,,E,Y,4,0,1,1,A,-,08,22107,,N,F,A,A,A,H,-,D,D,0,,,,,Y,,A,01,0,0,1,0,0,0,0,0,0,"- ","- ",32.747470855712891,-115.92884826660156,IMPERIAL,UNINCORPORATED,-115.92884826660156,32.747428894042969
91583565,2021,2021-09-30,9620,2021-09-25,0540,018979,Quech,6,3,9,1300,0,1,1,,2,082,"I-8 E/B","WINTERHAVEN DRIVE",2640.00,W,N,A,-,Y,,,8,,,,,,E,Y,4,0,1,1,A,-,08,22107,,N,F,A,A,A,H,-,D,D,0,,,,,Y,,A,01,0,0,1,0,0,0,0,0,0,"- ","- ",32.737239837646484,-114.65898132324219,IMPERIAL,UNINCORPORATED,-114.65898132324219,32.737125396728516
9158371,2020,2020-11-20,1304,2020-09-23,0655,335,E1,3,5,4,1304,0,0,0,,0,EAST,ORANGE,HOPE,0.00,,Y,A,-,N,,,,,,,,,,Y,4,0,2,2,A,-,12,22450,,N,D,A,A,A,H,-,A,A,0,,,,,Y,,A,01,0,0,2,0,0,0,0,0,0,"- ","- ",,,IMPERIAL,"EL CENTRO",-115.53971862792969,32.788761138916016
91587240,2021,2021-10-04,9625,2021-09-25,1305,021232,,6,1,9,1300,0,3,5,,2,050,"HEBER ROAD",ANDERHOLT,2112.00,E,N,A,-,N,,,,,,,,,,Y,2,0,2,1,A,-,08,22107,,N,F,A,A,A,H,-,A,D,0,,,,,Y,,D,22,1,1,0,0,0,0,0,0,0,"- ","- ",32.730079650878906,-115.40699768066406,IMPERIAL,UNINCORPORATED,-115.40692138671875,32.730129241943359
91588231,2021,2021-10-05,9625,2021-09-28,2015,018468,,2,2,9,1300,0,1,1,,2,003,"INTERSTATE 8 (E/B)","DOGWOOD ROAD",237.00,W,N,A,-,Y,,,,,,,,,,Y,3,0,1,1,A,-,01,23152,A,M,E,I,A,A,H,-,C,D,0,,,,,Y,Y,A,01,0,1,0,0,0,0,0,0,0,"- ","- ",32.773818969726562,-115.53546905517578,IMPERIAL,UNINCORPORATED,-115.53694915771484,32.773689270019531
91588294,2021,2021-10-05,9625,2021-10-03,1719,020263,,7,2,9,1300,0,1,1,,2,006,"I-8 W/B","BONDS CORNER ROAD",5280.00,E,N,A,-,Y,,,8,,,,,,W,Y,3,0,1,2,A,-,01,23152,A,N,B,E,A,A,H,-,A,D,0,,,,,Y,Y,D,22,0,1,0,0,0,0,0,0,0,"- ","- ",32.77349853515625,-115.31751251220703,IMPERIAL,UNINCORPORATED,-115.31751251220703,32.773456573486328
91589341,2021,2021-10-06,9625,2021-09-28,0758,016248,,2,1,9,1300,0,3,5,,2,050,"ZENOS ROAD",SR-115,2678.00,E,N,A,-,N,,,,,,,,,,Y,4,0,2,2,A,-,05,21650,,N,A,C,A,A,H,-,A,D,0,,,,,Y,,A,01,0,0,2,0,0,0,0,0,0,"- ","- ",32.812679290771484,-115.39665222167969,IMPERIAL,UNINCORPORATED,-115.39763641357422,32.812644958496094
91589384,2021,2021-10-06,9625,2021-09-30,1836,018792,,4,2,9,1300,0,1,3,,1,021,SR-111,"DOWDEN ROAD",400.00,N,N,A,-,Y,,,111,,,,,,,Y,3,0,1,2,A,-,01,23152,G,N,C,C,A,A,H,-,D,D,0,,,,,Y,,A,01,0,1,0,0,0,0,0,0,0,"- ","- ",33.091709136962891,-115.51480102539062,IMPERIAL,UNINCORPORATED,-115.51478576660156,33.091709136962891
91589852,2021,2021-10-06,9620,2021-09-30,0010,020054,,4,3,9,1300,0,1,1,,2,081,"W/B I-8","SAND HILLS REST AREA",2006.00,W,N,A,-,Y,,,8,,,,,,,Y,3,0,1,1,C,-,18,,,N,H,A,A,A,H,-,D,D,0,,,,,Y,Y,-,"- ",0,1,0,0,0,0,0,0,0,"- ","- ",32.734390258789062,-114.89746856689453,IMPERIAL,UNINCORPORATED,-114.89749145507812,32.734439849853516
91592786,2021,2021-10-11,9625,2021-10-06,0545,022010,,3,3,9,1300,0,3,5,,2,040,"DREW ROAD",SR-98,2640.00,N,N,A,-,N,,,,,,,,,,Y,4,0,1,2,A,-,09,21801,A,N,D,C,A,A,H,-,B,D,0,,,,,Y,,A,01,0,0,1,0,0,0,0,0,0,"- ","- ",32.684589385986328,-115.67424011230469,IMPERIAL,UNINCORPORATED,-115.67424774169922,32.684158325195312
91593021,2021,2021-10-11,9625,2021-10-08,1935,018468,,5,2,9,1300,0,2,4,,2,046,"DOGWOOD ROAD","COLE ROAD",11.00,N,N,B,-,N,,,,,,,,,,Y,4,0,2,2,A,-,03,22350,,N,C,C,A,A,H,-,D,D,0,,,,,Y,,A,01,0,0,2,0,0,0,0,0,0,"- ","- ",32.694068908691406,-115.53397369384766,IMPERIAL,UNINCORPORATED,-115.53398132324219,32.69403076171875
91593137,2021,2021-10-11,9625,2021-10-03,1120,017727,,7,1,9,1300,0,1,3,,1,021,SR-111,"RUTHERFORD ROAD",0.00,,Y,A,-,Y,,,111,,,,,,,Y,2,0,4,2,A,-,09,21801,A,F,A,C,A,A,H,-,A,D,0,,,,,Y,,A,01,2,0,2,0,0,0,0,0,0,"- ","- ",33.044498443603516,-115.52729797363281,IMPERIAL,UNINCORPORATED,-115.52733612060547,33.044502258300781
91593945,2021,2021-10-12,9620,2021-10-04,1115,018247,Quech,1,1,9,1300,0,2,4,,1,075,"QUECHAN DRIVE","AGNES ROAD",0.00,,Y,A,-,N,,,,,,,,,,Y,4,0,1,2,A,-,09,21804,A,N,D,C,A,A,H,-,A,A,0,,,,,Y,,A,01,0,0,1,0,0,0,0,0,0,"- ","- ",32.735279083251953,-114.61544036865234,IMPERIAL,UNINCORPORATED,-114.61545562744141,32.735260009765625
91594115,2021,2021-10-12,9625,2021-10-02,1815,018792,,6,2,9,1300,0,1,3,,1,022,SR-111,"RANGE ROAD",835.00,S,N,A,-,Y,,,111,,,,,,,Y,2,0,2,1,A,-,01,23152,A,N,E,I,A,A,H,-,B,D,0,,,,,Y,Y,A,01,2,0,0,0,0,0,0,0,0,"- ","- ",33.367168426513672,-115.76918029785156,IMPERIAL,UNINCORPORATED,-115.76925659179688,33.367069244384766
91594163,2021,2021-10-12,9625,2021-08-30,1500,019668,,1,2,9,1300,0,1,1,,2,001,"I-8 E/B","IN KO PAH PARK ROAD",4732.00,E,N,A,-,Y,,,8,,,,,,E,Y,1,1,0,1,A,-,08,22107,,N,E,I,A,A,H,-,A,D,0,,,,,Y,,A,07,0,0,0,0,0,0,0,0,0,"- ","- ",32.653911590576172,-116.09877014160156,IMPERIAL,UNINCORPORATED,-116.09872436523438,32.653873443603516
91594588,2021,2021-10-12,9620,2021-10-10,1345,018535,,7,1,9,1300,0,1,3,,1,063,SR-78,"MIDWAY WELL ROAD",7920.00,W,N,A,G,Y,,,78,,,,,,,Y,2,0,1,1,A,-,08,22107,,N,E,I,A,A,H,-,A,D,0,,,,,Y,,A,01,1,0,0,0,0,0,0,0,0,"- ","- ",33.196258544921875,-114.85907745361328,IMPERIAL,UNINCORPORATED,-114.85914611816406,33.196281433105469
91596135,2021,2021-10-14,9625,2021-10-02,2355,018930,,6,3,9,1300,0,1,3,,1,011,"SR-86 N/B","ALLEN ROAD",8976.00,N,N,A,-,Y,,,86,,,,,,N,N,4,0,1,2,A,-,03,22350,,N,C,C,A,A,H,-,D,D,0,,,,,Y,,D,22,0,0,1,0,0,0,0,0,0,"- ","- ",33.104358673095703,-115.80465698242188,IMPERIAL,UNINCORPORATED,-115.80466461181641,33.104335784912109
91596204,2021,2021-10-14,9625,2021-10-03,1538,021232,,7,2,9,1300,0,3,5,,2,020,"WEIST ROAD","NOFFSINGER ROAD",210.00,N,N,A,-,N,,,,,,,,,,Y,2,0,1,2,A,-,02,22526,C,N,H,F,A,A,H,-,A,A,0,,,,,Y,,A,01,1,0,0,0,0,0,0,0,0,"- ","- ",33.216148376464844,-115.45249176025391,IMPERIAL,UNINCORPORATED,-115.45288848876953,33.216648101806641
91596244,2021,2021-10-14,9625,2021-10-11,0400,020996,,1,3,9,1300,0,2,4,,2,047,"FORRESTER ROAD","WORTHINGTON ROAD",2112.00,S,N,A,-,N,,,,,,,,,,Y,3,0,1,2,A,-,08,22107,,N,D,C,A,A,H,-,D,A,0,,,,,Y,,A,07,0,1,0,0,0,0,0,0,0,"- ","- ",32.840599060058594,-115.62075042724609,IMPERIAL,UNINCORPORATED,-115.62078857421875,32.841617584228516
91596279,2021,2021-10-14,9625,2021-10-12,1510,019667,,2,2,9,1300,0,1,1,,2,004,"I-8 W/B TO 4TH STREET","4TH STREET",390.00,E,N,A,-,Y,,,,,,,,,,Y,4,0,1,2,A,-,03,22350,,N,C,C,A,A,H,-,A,D,0,,,,,Y,,A,01,0,0,1,0,0,0,0,0,0,"- ","- ",32.774169921875,-115.55078125,IMPERIAL,UNINCORPORATED,-115.54885101318359,32.773868560791016
91598961,2021,2021-10-18,9625,2021-07-30,2040,018792,,5,2,9,1300,0,1,3,,2,024,SR-78,"WHITLOCK ROAD",4541.00,E,N,A,-,Y,,,,,,,,,,Y,1,2,5,3,A,-,05,21650,,N,B,C,A,A,H,-,D,D,0,,,,Y,Y,,A,01,2,3,0,0,0,0,0,0,0,"- ","- ",32.970508575439453,-115.57021331787109,IMPERIAL,UNINCORPORATED,-115.28261566162109,32.970512390136719
91600735,2021,2021-10-19,9625,2021-10-11,1415,019667,,1,2,9,1300,0,3,5,,2,040,"OPEN DESERT",SR-98,575.00,E,N,A,G,N,,,,,,,,,,Y,4,0,1,1,A,-,01,23152,A,N,E,I,A,A,H,-,A,D,0,,,,,Y,Y,A,08,0,0,1,0,0,0,0,0,0,"- ","- ",32.727878570556641,-116.01909637451172,IMPERIAL,UNINCORPORATED,,
91601319,2021,2021-10-27,9625,2021-10-17,1940,019667,,7,2,9,1300,0,1,3,,2,043,SR-86,"DOGWOOD ROAD",0.00,,Y,A,-,Y,,,86,,,,,,,N,4,0,1,2,A,-,09,21802,A,N,D,C,A,D,H,-,C,A,0,,,,,Y,,A,01,0,0,1,0,0,0,0,0,0,"- ","- ",32.73046875,-115.53434753417969,IMPERIAL,UNINCORPORATED,-115.53434753417969,32.730655670166016
91603083,2021,2021-10-21,9625,2021-10-10,2043,021232,,7,2,9,1300,0,3,5,,2,040,DOGWOOD,"CORRELL ROAD",0.00,,Y,A,-,N,,,,,,,,,,Y,3,0,1,2,D,-,00,,,N,D,C,A,A,H,-,C,A,0,,,,,Y,,-,"- ",0,1,0,0,0,0,0,0,0,"- ","- ",32.7381591796875,-115.53440856933594,IMPERIAL,UNINCORPORATED,-115.53459167480469,32.737922668457031
91604106,2021,2021-10-22,9620,2021-09-29,0500,014306,,3,3,9,1300,0,1,1,,2,081,"I-8 E/B","BROCK RESEARCH CENTER RD.",10032.00,E,N,B,-,Y,,,8,,,,,,E,N,1,1,0,2,A,-,11,21954,A,N,G,B,D,A,H,-,D,D,0,Y,,,,Y,,N,60,0,0,0,1,0,0,0,0,0,"- ","- ",32.707820892333984,-115.00196838378906,IMPERIAL,UNINCORPORATED,-115.00196838378906,32.707771301269531
91604185,2021,2021-11-17,9625,2021-10-12,1843,018792,,2,2,9,1300,0,1,1,,2,001,SR-86,"NORM NIVER ROAD",0.00,,Y,A,-,Y,,,86,,,,,,,Y,3,0,2,2,A,-,09,21803,A,N,D,C,A,A,H,-,D,A,0,,,,,Y,,A,01,0,2,0,0,0,0,0,0,0,"- ","- ",33.357410430908203,-116.01882171630859,IMPERIAL,UNINCORPORATED,-116.01883697509766,33.357402801513672
91604833,2021,2021-10-25,9620,2021-10-19,2350,019360,,2,3,9,1300,0,1,1,,2,081,"INTERSTATE 8 WESTBOUND","OGILBY RD.",6864.00,W,N,A,-,Y,,,8,,,,,,W,Y,3,0,1,1,A,-,08,22107,,N,F,A,A,A,H,-,D,D,0,,,,,Y,,A,01,0,1,0,0,0,0,0,0,0,"- ","- ",32.755268096923828,-114.85836791992188,IMPERIAL,UNINCORPORATED,-114.85845947265625,32.755455017089844
91605803,2021,2021-10-25,9620,2021-10-21,1634,018464,,4,2,9,1300,0,1,1,,2,081,"INTERSTATE 8 (E/B)","GORDONS WELL ROAD",12144.00,E,N,A,-,Y,,,8,,,,,,,Y,4,0,1,2,A,-,08,22107,,N,D,C,A,A,H,-,A,D,0,,,,Y,Y,,A,01,0,0,1,0,0,0,0,0,0,"- ","- ",32.716850280761719,-114.91873931884766,IMPERIAL,UNINCORPORATED,-114.91873931884766,32.716850280761719
91606282,2021,2021-10-26,9625,2021-10-17,2230,020516,,7,3,9,1300,0,1,3,,1,012,"SR-86 S/B",SR-78,11458.00,N,N,A,G,Y,,,86,,,,,,S,Y,3,0,1,1,A,-,08,22107,,N,E,8,A,A,H,-,D,D,0,,,,,Y,,A,01,0,1,0,0,0,0,0,0,0,"- ","- ",33.155269622802734,-115.86827850341797,IMPERIAL,UNINCORPORATED,-115.86820220947266,33.155307769775391
91607976,2021,2021-10-27,9625,2021-10-21,1828,020263,,4,2,9,1300,0,3,5,,2,040,"ROSS ROAD","FORRESTER ROAD",851.00,E,N,A,-,N,,,,,,,,,,N,3,0,1,2,A,-,03,22350,,N,C,C,A,A,H,-,D,D,0,,,,,Y,,A,07,0,1,0,0,0,0,0,0,0,"- ","- ",32.781509399414062,-115.61781311035156,IMPERIAL,UNINCORPORATED,-115.61788940429688,32.781429290771484
91608047,2021,2021-10-27,9625,2021-10-21,1905,020263,,4,2,9,1300,0,1,3,,2,052,SR-98,I-8,29146.00,W,N,A,-,N,,,98,,,,,,,Y,2,0,9,2,A,-,08,22107,,N,D,C,A,A,H,-,D,D,0,,,,,Y,,D,22,7,2,0,0,0,0,0,0,0,"- ","- ",32.711391448974609,-115.18316650390625,IMPERIAL,UNINCORPORATED,-115.18317413330078,32.711246490478516
91612020,2021,2021-11-01,9625,2021-10-21,1315,017727,,4,1,9,1300,0,1,3,,2,013,SR-78,SR-86,0.00,,Y,A,-,N,,,78,,,,,,,Y,4,0,1,2,A,-,09,21802,A,N,D,C,A,A,H,-,A,A,0,,,,,Y,,A,07,0,0,1,0,0,0,0,0,0,"- ","- ",33.125759124755859,-115.85543060302734,IMPERIAL,UNINCORPORATED,-115.85543060302734,33.125778198242188
9161206,2020,2020-11-18,1304,2020-09-14,1631,341,EEAST,1,5,4,1304,0,0,0,,0,EAST,"DOGWOOD RD","PLAZA DR",0.00,,Y,A,-,N,,,,,,,,,,N,3,0,1,2,D,-,00,,,N,A,C,A,A,H,-,A,A,0,,,,,Y,,-,"- ",0,1,0,0,0,0,0,0,0,"- ","- ",,,IMPERIAL,"EL CENTRO",-115.53518800000001,32.769084999999997
91612075,2021,2021-11-01,9625,2021-10-27,1832,018468,,3,2,9,1300,0,3,5,,2,050,"PITZER ROAD","MCCABE ROAD",0.00,,Y,A,-,N,,,,,,,,,,Y,4,0,1,2,A,-,09,21801,A,N,D,C,A,A,H,-,A,A,0,,,,,Y,,A,01,0,0,1,0,0,0,0,0,0,"- ","- ",32.752490997314453,-115.51757049560547,IMPERIAL,UNINCORPORATED,-115.51763153076172,32.752456665039062
91612290,2021,2022-10-04,9625,2021-10-31,2152,020516,,7,2,9,1300,0,2,4,,2,045,"EVAN HEWES HIGHWAY","EL CENTRO STREET",80.00,E,N,A,-,N,,,,,,,,,,Y,3,0,2,2,A,-,08,22107,,N,A,C,A,A,H,-,D,D,0,,,,,Y,,A,07,0,2,0,0,0,0,0,0,0,"- ","- ",32.796520233154297,-115.67653656005859,IMPERIAL,UNINCORPORATED,-115.67691802978516,32.796455383300781
91614588,2021,2021-11-03,9625,2021-10-30,0815,019668,,6,1,9,1300,0,1,3,,2,056,SR-115,"KEYSTONE ROAD",0.00,,Y,A,-,Y,,,115,,,,,,,Y,3,0,1,2,A,-,12,22450,A,N,D,C,A,A,H,-,A,A,0,,,,Y,Y,,A,07,0,1,0,0,0,0,0,0,0,"- ","- ",32.916561126708984,-115.40621948242188,IMPERIAL,UNINCORPORATED,-115.40625,32.916561126708984