CASE_ID,ACCIDENT_YEAR,PROC_DATE,JURIS,COLLISION_DATE,COLLISION_TIME,OFFICER_ID,REPORTING_DISTRICT,DAY_OF_WEEK,CHP_SHIFT,POPULATION,CNTY_CITY_LOC,SPECIAL_COND,BEAT_TYPE,CHP_BEAT_TYPE,CITY_DIVISION_LAPD,CHP_BEAT_CLASS,BEAT_NUMBER,PRIMARY_RD,SECONDARY_RD,DISTANCE,DIRECTION,INTERSECTION,WEATHER_1,WEATHER_2,STATE_HWY_IND,CALTRANS_COUNTY,CALTRANS_DISTRICT,STATE_ROUTE,ROUTE_SUFFIX,POSTMILE_PREFIX,POSTMILE,LOCATION_TYPE,RAMP_INTERSECTION,SIDE_OF_HWY,TOW_AWAY,COLLISION_SEVERITY,NUMBER_KILLED,NUMBER_INJURED,PARTY_COUNT,PRIMARY_COLL_FACTOR,PCF_CODE_OF_VIOL,PCF_VIOL_CATEGORY,PCF_VIOLATION,PCF_VIOL_SUBSECTION,HIT_AND_RUN,TYPE_OF_COLLISION,MVIW,PED_ACTION,ROAD_SURFACE,ROAD_COND_1,ROAD_COND_2,LIGHTING,CONTROL_DEVICE,CHP_ROAD_TYPE,PEDESTRIAN_ACCIDENT,BICYCLE_ACCIDENT,MOTORCYCLE_ACCIDENT,TRUCK_ACCIDENT,NOT_PRIVATE_PROPERTY,ALCOHOL_INVOLVED,STWD_VEHTYPE_AT_FAULT,CHP_VEHTYPE_AT_FAULT,COUNT_SEVERE_INJ,COUNT_VISIBLE_INJ,COUNT_COMPLAINT_PAIN,COUNT_PED_KILLED,COUNT_PED_INJURED,COUNT_BICYCLIST_KILLED,COUNT_BICYCLIST_INJURED,COUNT_MC_KILLED,COUNT_MC_INJURED,PRIMARY_RAMP,SECONDARY_RAMP,LATITUDE,LONGITUDE,COUNTY,CITY,POINT_X,POINT_Y
91804328,2022,2022-06-27,9625,2022-06-21,1714,021107,,2,2,9,1300,0,1,3,,1,022,"STATE ROUTE 111","RANGE ROAD",6494.00,S,N,A,-,Y,IMP,,111,,,58.759,H,,R,Y,4,0,1,1,A,-,08,22107,,N,F,A,A,A,H,-,A,D,0,,,,,Y,,A,07,0,0,1,0,0,0,0,0,0,"- ","- ",33.358139038085938,-115.75289916992188,IMPERIAL,UNINCORPORATED,-115.75287628173828,33.358192443847656
91804622,2022,2022-06-28,9625,2022-06-14,2040,018930,,2,2,9,1300,0,3,5,,2,050,"WORTHINGTON ROAD","TRENTHAM ROAD",536.00,E,N,A,-,N,,,,,,,,,,Y,3,0,1,2,A,-,01,23152,A,N,D,C,A,A,H,-,C,D,0,,,,,Y,Y,A,07,0,1,0,0,0,0,0,0,0,"- ","- ",32.847381591796875,-115.52498626708984,IMPERIAL,UNINCORPORATED,-115.52504730224609,32.847370147705078
91804712,2022,2022-06-28,9625,2022-06-18,1245,019667,,6,1,9,1300,0,2,4,,2,047,"FORRESTER ROAD","ATEN ROAD",0.00,,Y,A,-,N,,,,,,,,,,Y,3,0,1,2,A,-,09,21802,A,N,D,C,A,A,H,-,A,A,0,,,,,Y,,A,01,0,1,0,0,0,0,0,0,0,"- ","- ",32.826019287109375,-115.62088775634766,IMPERIAL,UNINCORPORATED,-115.61183166503906,32.810840606689453
91804968,2022,2022-06-28,9625,2022-06-16,1720,022010,,4,2,9,1300,0,1,3,,1,011,"SR-86 N/B",SR-78,0.00,,Y,A,-,Y,IMP,,86,,R,24.048,H,,R,Y,3,0,1,2,A,-,09,21453,C,N,D,C,A,A,H,-,A,A,0,,,,Y,Y,,G,25,0,1,0,0,0,0,0,0,0,"- ","- ",32.999221801757812,-115.588623046875,IMPERIAL,UNINCORPORATED,-115.58871459960938,32.999168395996094
91805327,2022,2022-06-28,9625,2022-06-20,1954,019582,,1,2,9,1300,0,3,5,,2,050,"PITZER ROAD","MCCABE ROAD",0.00,,Y,A,-,N,,,,,,,,,,Y,2,0,2,2,A,-,09,21801,A,N,D,C,A,A,H,-,A,A,0,,,,,Y,,A,01,1,0,1,0,0,0,0,0,0,"- ","- ",32.752490997314453,-115.51760864257812,IMPERIAL,UNINCORPORATED,-115.51763153076172,32.752456665039062
91805844,2022,2022-06-29,9625,2022-06-05,0705,017727,,7,1,9,1300,0,1,3,,2,025,"STATE ROUTE 78","BUTTERS ROAD",0.00,,Y,A,-,Y,IMP,,78,,,23.141,H,,R,Y,1,1,1,2,A,-,09,21802,A,N,D,C,A,A,H,-,A,A,0,,,,,Y,,A,01,0,1,0,0,0,0,0,0,0,"- ","- ",32.974658966064453,-115.37178039550781,IMPERIAL,UNINCORPORATED,-115.37178039550781,32.974662780761719
91805991,2022,2022-06-29,9625,2022-06-23,0410,020516,,4,3,9,1300,0,1,1,,2,004,"I-8 (W/B)","IMPERIAL HIGHWAY",602.00,W,N,A,-,Y,IMP,,8,,R,11.554,H,,L,Y,3,0,1,1,A,-,08,22107,,N,F,A,A,A,H,-,D,D,0,,,,,Y,,A,01,0,1,0,0,0,0,0,0,0,"- ","- ",32.733058929443359,-116.00051879882812,IMPERIAL,UNINCORPORATED,-116.00053405761719,32.733108520507812
91808964,2022,2022-07-01,9625,2022-06-28,1055,016248,,2,1,9,1300,0,3,5,,2,050,"ALAMO ROAD","MELON ROAD",594.00,W,N,A,-,N,,,,,,,,,,Y,4,0,1,1,A,-,08,22107,,N,E,I,A,A,H,-,A,D,0,,,,,Y,,A,01,0,0,1,0,0,0,0,0,0,"- ","- ",32.818431854248047,-115.39096832275391,IMPERIAL,UNINCORPORATED,-115.39092254638672,32.818340301513672
91809177,2022,2022-07-01,9625,2022-06-24,0515,021232,,5,3,9,1300,0,1,3,,1,012,"STATE ROUTE 86 (N/B)","AIR PARK ROAD",17424.00,S,N,A,-,Y,IMP,,86,,,50.590,H,,R,Y,3,0,1,2,A,-,01,23152,A,N,B,E,A,A,H,-,B,D,0,,,,,Y,Y,A,07,0,1,0,0,0,0,0,0,0,"- ","- ",33.210960388183594,-115.91500854492188,IMPERIAL,UNINCORPORATED,-115.91501617431641,33.210956573486328
91810206,2022,2022-07-05,9620,2022-06-29,2115,018979,,3,2,9,1300,0,1,3,,1,063,SR-78,"OGILBY RD",32208.00,E,N,A,-,Y,IMP,,78,,,58.565,H,,R,N,4,0,1,1,A,-,08,22107,,N,H,A,A,A,H,-,D,A,0,,,,,Y,,A,01,0,0,1,0,0,0,0,0,0,"- ","- ",33.166950225830078,-114.86859893798828,IMPERIAL,UNINCORPORATED,-114.86867523193359,33.166950225830078
91811133,2022,2022-07-06,9625,2022-06-24,1132,018368,,5,1,9,1300,0,1,1,,2,001,"INTERSTATE 8 (E/B)","IN-KO-PAH RD",1061.00,E,N,A,-,Y,IMP,,8,,R,0.283,H,,R,Y,3,0,1,1,A,-,08,22107,,N,E,I,A,A,H,-,A,D,0,,,,,Y,,A,07,0,1,0,0,0,0,0,0,0,"- ","- ",32.648189544677734,-116.10352325439453,IMPERIAL,UNINCORPORATED,-116.10352325439453,32.648193359375
91811295,2022,2022-07-06,9625,2022-06-29,1337,018773,,3,1,9,1300,0,1,3,,2,053,"SR-111 NORTHBOUND","MCCABE ROAD",84.00,S,N,A,-,Y,IMP,,111,,R,6.221,H,,R,N,4,0,1,2,A,-,03,22350,,N,C,C,A,A,H,-,A,A,0,,,,,Y,,A,01,0,0,1,0,0,0,0,0,0,"- ","- ",32.752120971679688,-115.50064849853516,IMPERIAL,UNINCORPORATED,-115.50064849853516,32.752120971679688
91811314,2022,2022-07-06,9625,2022-07-01,0555,018773,,5,3,9,1300,0,1,1,,2,006,"INTERSTATE 8 W/B","STATE ROUTE 98",30571.00,W,N,A,-,Y,IMP,,8,,R,59.998,H,,L,Y,4,0,1,2,A,-,03,22350,,N,C,C,A,A,H,-,A,D,0,,,,Y,Y,,G,27,0,0,1,0,0,0,0,0,0,"- ","- ",32.73992919921875,-115.18177795410156,IMPERIAL,UNINCORPORATED,-115.18178558349609,32.739917755126953
91813585,2022,2022-07-11,9625,2022-07-06,1310,019667,,3,1,9,1300,0,3,5,,2,050,"HIGHLINE ROAD","WORTHINGTON ROAD",751.00,S,N,A,-,N,,,,,,,,,,N,3,0,1,1,A,-,08,22107,,N,H,A,A,A,H,-,A,D,0,,,,,Y,,M,46,0,1,0,0,0,0,0,0,0,"- ","- ",32.845069885253906,-115.31082153320312,IMPERIAL,UNINCORPORATED,-115.31079864501953,32.845348358154297
91814280,2022,2022-07-11,9625,2022-07-09,1155,019225,,6,1,9,1300,0,3,5,,2,050,SR-111,"ROSS ROAD",0.00,,Y,A,-,Y,IMP,,111,,R,8.243,H,,R,N,4,0,1,2,A,-,09,21801,A,N,A,C,A,A,H,-,A,A,0,,,,,Y,,A,01,0,0,1,0,0,0,0,0,0,"- ","- ",32.781471252441406,-115.50163269042969,IMPERIAL,UNINCORPORATED,-115.50138092041016,32.781475067138672
91814536,2022,2022-07-11,9625,2022-07-01,2250,020125,,5,3,9,1300,0,1,1,,2,005,"INTERSTATE 8 E/B","ANDERHOLT ROAD",3010.00,W,N,A,-,Y,IMP,,8,,R,45.480,H,,R,N,4,0,2,2,A,-,03,22350,,N,C,C,A,A,H,-,D,D,0,,,,,Y,,A,01,0,0,2,0,0,0,0,0,0,"- ","- ",32.773220062255859,-115.42330932617188,IMPERIAL,UNINCORPORATED,-115.42330932617188,32.773296356201172
91814967,2022,2022-07-12,9625,2022-07-04,0155,020516,,1,3,9,1300,0,3,5,,2,020,"GENTRY ROAD","WALKER ROAD",60.00,S,N,A,-,N,,,,,,,,,,Y,2,0,1,1,A,-,03,22350,,N,E,J,A,A,H,-,D,A,0,,,,,Y,,A,01,1,0,0,0,0,0,0,0,0,"- ","- ",33.075111389160156,-115.61466979980469,IMPERIAL,UNINCORPORATED,-115.61444854736328,33.075550079345703
91815515,2022,2022-07-12,9625,2022-06-29,1555,019582,,3,2,9,1300,0,1,3,,1,054,"SR-111 N/B","KEYSTONE ROAD",22.00,S,N,A,-,N,,,,,,,,,,N,3,0,1,2,A,-,03,22350,,N,C,C,A,A,H,-,A,A,0,,,,Y,Y,,F,26,0,1,0,0,0,0,0,0,0,"- ","- ",32.912330627441406,-115.50916290283203,IMPERIAL,UNINCORPORATED,-115.50914764404297,32.912330627441406
91816327,2022,2022-07-13,9620,2022-07-07,0740,018464,,4,1,9,1300,0,1,3,,1,063,SR-78,"IMPERIAL GABLES ROAD",13728.00,N,N,A,-,Y,IMP,,78,,,57.874,H,,R,Y,4,0,1,1,A,-,08,22107,,N,F,A,A,A,H,-,A,D,0,,,,,Y,,-,"- ",0,0,1,0,0,0,0,0,0,"- ","- ",33.157501220703125,-114.86885070800781,IMPERIAL,UNINCORPORATED,-114.86890411376953,33.157501220703125
91818389,2022,2022-07-15,9625,2022-07-05,0445,021232,,2,3,9,1300,0,1,1,,2,003,"INTERSTATE 8 (E/B)","WESTSIDE ROAD",4119.00,W,N,A,-,Y,IMP,,8,,R,26.718,H,,R,Y,3,0,1,1,A,-,08,22107,,N,F,0,A,A,H,-,B,D,0,,,,,Y,,A,01,0,1,0,0,0,0,0,0,0,"- ","- ",32.773258209228516,-115.7454833984375,IMPERIAL,UNINCORPORATED,-115.74549865722656,32.773319244384766
91818733,2022,2022-07-18,9625,2022-07-07,0445,022010,,4,3,9,1300,0,1,3,,1,054,"SR-111 N/B","KEYSTONE ROAD",450.00,N,N,A,-,Y,IMP,,111,,R,17.472,H,,R,Y,3,0,1,2,A,-,03,22350,,N,C,C,A,A,H,-,B,D,0,,,,Y,Y,,A,01,0,1,0,0,0,0,0,0,0,"- ","- ",32.913898468017578,-115.50897979736328,IMPERIAL,UNINCORPORATED,-115.50899505615234,32.913898468017578
91818883,2022,2022-07-18,9625,2022-07-06,1240,018773,,3,1,9,1300,0,1,1,,2,005,"INTERSTATE 8 E/B FROM SR-111 S/B","SR-111 S/B",99.00,W,N,A,-,Y,IMP,,8,,R,40.909,H,,R,Y,2,0,1,1,A,-,03,22350,,N,F,A,A,A,H,-,A,D,0,,,,Y,Y,,G,27,1,0,0,0,0,0,0,0,0,"- ","- ",32.773658752441406,-115.50180816650391,IMPERIAL,UNINCORPORATED,-115.50180816650391,32.773674011230469
9182046,2020,2021-02-13,1304,2020-11-02,1618,E0030,ESCO,1,5,4,1304,0,0,0,,0,EAST,"EAST MAIN",DOGWOOD,53.00,W,N,A,-,N,,,,,,,,,,Y,3,0,1,2,A,-,08,22107,,N,D,C,A,A,H,-,A,A,0,,,Y,,Y,,A,01,0,1,0,0,0,0,0,0,1,"- ","- ",,,IMPERIAL,"EL CENTRO",-115.53582000732422,32.792819976806641
91821229,2022,2022-07-20,9625,2022-07-16,1010,018773,,6,1,9,1300,0,3,5,,2,050,"HOLT ROAD","KEYSTONE ROAD",1637.00,S,N,A,-,N,,,,,,,,,,Y,3,0,1,1,A,-,08,22107,,N,E,I,A,A,H,-,A,D,0,,,,,Y,,A,01,0,1,0,0,0,0,0,0,0,"- ","- ",32.911838531494141,-115.38047790527344,IMPERIAL,UNINCORPORATED,-115.38038635253906,32.91204833984375
91822144,2022,2022-07-21,9620,2022-07-17,1454,020054,,7,2,9,1300,0,1,1,,2,081,"I-8 E/B","GORDON'S WELL ROAD",1901.00,W,N,A,-,Y,,,,,,,,,,Y,3,0,1,1,A,-,08,22107,,N,E,I,A,A,H,-,A,D,0,,,,,Y,,A,07,0,1,0,0,0,0,0,0,0,"- ","- ",38.58367919921875,-114.96343994140625,IMPERIAL,UNINCORPORATED,,
91823366,2022,2022-07-22,9625,2022-07-13,1725,020996,,3,2,9,1300,0,1,3,,1,051,"STATE ROUTE 7 SOUTHBOUND","MAGGIO ROAD",283.00,N,N,A,-,Y,IMP,,7,,,0.731,H,,L,Y,3,0,1,1,A,-,03,22350,,N,E,I,A,A,H,-,A,D,0,,,,,Y,,A,01,0,1,0,0,0,0,0,0,0,"- ","- ",32.687229156494141,-115.37966918945312,IMPERIAL,UNINCORPORATED,-115.37978363037109,32.687290191650391
91823442,2022,2022-07-25,9625,2022-07-13,1430,018933,,3,2,9,1300,0,1,3,,2,014,"SR-78 WESTBOUND","HOVLEY ROAD",39.00,E,N,A,-,Y,IMP,,78,,R,11.842,H,,L,N,3,0,2,2,A,-,03,22350,,N,C,C,A,A,H,-,A,A,0,,,,,Y,,A,01,0,2,0,0,0,0,0,0,0,"- ","- ",33.002120971679688,-115.54393768310547,IMPERIAL,UNINCORPORATED,-115.54393768310547,33.002117156982422
91824140,2022,2022-07-25,9625,2022-07-14,0220,021232,,4,3,9,1300,0,2,4,,2,047,"FORRESTER ROAD","IMLER ROAD",1269.00,S,N,A,-,N,,,,,,,,,,Y,3,0,1,1,A,-,08,22107,,N,E,I,A,A,H,-,D,D,0,,,,,Y,,A,07,0,1,0,0,0,0,0,0,0,"- ","- ",32.922809600830078,-115.62139892578125,IMPERIAL,UNINCORPORATED,-115.62145233154297,32.923091888427734
91824536,2022,2022-07-25,9625,2022-07-19,1011,018468,,2,1,9,1300,0,1,1,,2,002,"INTERSTATE 8 (E/B)","MOUNTAIN SPRINGS ROAD",11088.00,E,N,A,-,Y,IMP,,8,,R,5.040,H,,L,Y,3,0,1,1,A,-,08,22107,,N,E,8,A,A,H,-,A,D,0,,,,,Y,,D,22,0,1,0,0,0,0,0,0,0,"- ","- ",32.699871063232422,-116.08065795898438,IMPERIAL,UNINCORPORATED,-116.0806884765625,32.69989013671875
91824547,2022,2022-07-25,9625,2022-07-15,2040,019668,,5,2,9,1300,0,1,3,,1,054,"SR-111 (S/B)","EVAN HEWES HIGHWAY",415.00,N,N,A,-,Y,IMP,,111,,R,9.575,H,,L,Y,2,0,2,5,A,-,03,22350,,N,C,C,A,A,H,-,D,A,0,,,,Y,Y,,G,25,1,1,0,0,0,0,0,0,0,"- ","- ",32.800758361816406,-115.50074768066406,IMPERIAL,UNINCORPORATED,-115.50067138671875,32.800758361816406
91826185,2022,2022-07-27,9625,2022-07-20,2024,018978,,3,2,9,1300,0,2,4,,2,047,"FORRESTER ROAD","LARSEN ROAD",1276.00,S,N,A,-,N,,,,,,,,,,Y,2,0,1,1,A,-,08,22107,,N,F,A,A,A,H,-,D,D,0,,,,,Y,,A,01,1,0,0,0,0,0,0,0,0,"- ","- ",32.872859954833984,-115.62090301513672,IMPERIAL,UNINCORPORATED,-115.62084197998047,32.872798919677734
91826410,2022,2022-07-27,9625,2022-06-01,1524,018792,,3,2,9,1300,0,1,3,,1,044,"STATE ROUTE 86 (S/B)","CAREY ROAD",42.00,N,N,A,-,Y,IMP,,86,,,16.331,H,,R,Y,1,1,0,2,A,-,03,22350,,N,C,C,A,A,H,-,A,D,0,,,,,Y,,A,01,0,0,0,0,0,0,0,0,0,"- ","- ",32.927268981933594,-115.57010650634766,IMPERIAL,UNINCORPORATED,-115.56996154785156,32.927268981933594
91826913,2022,2022-07-28,9625,2022-07-17,1143,018773,,7,1,9,1300,0,1,3,,2,056,SR-115,"ZENOS ROAD",0.00,,Y,A,-,Y,IMP,,115,,,9.902,H,,R,Y,3,0,1,2,A,-,09,21802,A,N,D,C,A,A,H,-,A,A,0,,,Y,,Y,,C,02,0,1,0,0,0,0,0,0,1,"- ","- ",32.811100006103516,-115.40609741210938,IMPERIAL,UNINCORPORATED,-115.40615081787109,32.811100006103516
91827429,2022,2022-07-28,9625,2022-07-21,1745,018933,,4,2,9,1300,0,3,5,,2,050,"PITZER ROAD","MCCABE ROAD",0.00,,Y,A,-,N,,,,,,,,,,Y,3,0,2,3,A,-,09,21801,A,N,D,C,A,A,H,-,A,A,0,,,,,Y,,A,01,0,2,0,0,0,0,0,0,0,"- ","- ",32.752460479736328,-115.51756286621094,IMPERIAL,UNINCORPORATED,-115.51763153076172,32.752456665039062
91828791,2022,2022-07-29,9625,2022-07-22,1535,018978,,5,2,9,1300,0,1,1,,2,002,"INTERSTATE 8 (W/B)","MOUNTAIN SPRINGS ROAD",14784.00,E,N,A,-,Y,IMP,,8,,R,5.955,H,,L,Y,3,0,1,1,A,-,08,22107,,N,F,A,A,A,H,-,A,D,0,,,,,Y,,A,01,0,1,0,0,0,0,0,0,0,"- ","- ",32.705699920654297,-116.06693267822266,IMPERIAL,UNINCORPORATED,-116.06698608398438,32.705764770507812
91829227,2022,2022-07-29,9625,2022-07-21,2138,021107,,4,2,9,1300,0,3,5,,2,040,"EVAN HEWES HIGHWAY","PAINTED GORGE ROAD",1117.00,W,N,A,-,N,,,,,,,,,,N,3,0,1,1,C,-,18,,,N,E,I,A,A,A,-,D,D,0,,,Y,,Y,,-,"- ",0,1,0,0,0,0,0,0,1,"- ","- ",32.761001586914062,-115.93463897705078,IMPERIAL,UNINCORPORATED,-115.93454742431641,32.761005401611328
91829870,2021,2022-08-02,9625,2021-03-02,0614,018136,,2,1,9,1300,0,1,3,,2,056,"STATE ROUTE 115","NORRISH ROAD",0.00,,Y,A,-,Y,,,115,,,,,,,Y,1,13,13,2,A,-,01,23152,F,N,D,C,A,A,H,-,A,A,0,,,,Y,Y,,A,07,10,3,0,0,0,0,0,0,0,"- ","- ",32.832759857177734,-115.40611267089844,IMPERIAL,UNINCORPORATED,-115.40616607666016,32.832759857177734
91832408,2022,2022-08-03,9625,2022-07-24,0515,020516,,7,3,9,1300,0,3,5,,2,020,"OLD HIGHWAY 111","CAREY ROAD",1506.00,N,N,B,-,Y,,,,,,,,,,Y,3,0,2,2,A,-,01,23152,A,N,C,C,A,A,H,-,B,D,0,,,,,Y,Y,A,01,0,2,0,0,0,0,0,0,0,"- ","- ",32.931491851806641,-115.50988006591797,IMPERIAL,UNINCORPORATED,-115.50911712646484,32.931499481201172
91832521,2022,2022-08-17,9625,2022-07-25,0515,022010,,1,3,9,1300,0,2,4,,2,045,"EVAN HEWES HIGHWAY","FORRESTER ROAD",3432.00,W,N,A,-,Y,,,,,,,,,,Y,3,0,1,2,A,-,03,22350,,N,D,C,A,A,H,-,D,D,0,,,,,Y,,A,01,0,1,0,0,0,0,0,0,0,"- ","- ",32.796630859375,-115.63211059570312,IMPERIAL,UNINCORPORATED,-115.61180877685547,32.804050445556641
91835041,2022,2022-08-08,9625,2022-07-29,0420,020125,,5,3,9,1300,0,3,5,,2,040,"CLARK RD.","HUSTON RD.",411.00,S,N,A,-,N,,,,,,,,,,Y,3,0,1,1,A,-,01,23152,A,N,F,A,A,A,H,-,D,D,0,,,,,Y,Y,A,07,0,1,0,0,0,0,0,0,0,"- ","- ",32.838970184326172,-115.56143951416016,IMPERIAL,UNINCORPORATED,-115.56150817871094,32.839065551757812
91836435,2022,2022-08-09,9620,2022-08-01,1735,019291,,1,2,9,1300,0,2,4,,1,075,"MEHRING RD","YORK RD",27.00,W,N,A,-,N,,,,,,,,,,N,3,0,1,1,A,-,03,22350,,N,F,A,A,A,H,-,A,D,0,,,Y,,Y,,C,02,0,1,0,0,0,0,0,0,1,"- ","- ",32.818161010742188,-114.54782104492188,IMPERIAL,UNINCORPORATED,-114.54769134521484,32.818691253662109
91837031,2022,2022-08-10,9620,2022-08-02,2105,018028,QUECH,2,2,9,1300,0,2,4,,1,072,"WINTERHAVEN DRIVE","I-8 W/B TO WINTERHAVEN DR.",0.00,,Y,A,-,Y,IMP,,8,U,T,96.549,H,,L,Y,3,0,2,2,A,-,09,21802,A,N,D,C,A,A,H,-,C,A,0,,,,,Y,,A,01,0,2,0,0,0,0,0,0,0,"- ","- ",32.732398986816406,-114.62452697753906,IMPERIAL,UNINCORPORATED,-114.62453460693359,32.732398986816406
91837473,2022,2022-08-10,9625,2022-08-01,1625,018933,,1,2,9,1300,0,3,5,,2,050,"SR-111 (N/B)","HEBER ROAD",0.00,,Y,A,-,Y,IMP,,111,,R,4.739,H,,R,Y,3,0,3,3,A,-,12,21453,A,N,D,C,A,A,H,-,A,A,0,,,,,Y,,D,22,0,3,0,0,0,0,0,0,0,"- ","- ",32.73065185546875,-115.50028991699219,IMPERIAL,UNINCORPORATED,-115.50032043457031,32.730648040771484
91838031,2022,2022-08-11,9625,2022-08-03,1015,017727,,3,1,9,1300,0,3,5,,2,020,"NOFFSINGER RAOD","NILAND AVE",0.00,,Y,A,-,N,,,,,,,,,,N,3,0,1,2,A,-,12,22450,A,N,D,C,A,A,H,-,A,A,0,,,,,Y,,A,01,0,1,0,0,0,0,0,0,0,"- ","- ",33.234580993652344,-115.51592254638672,IMPERIAL,UNINCORPORATED,,
91840775,2022,2022-08-15,9620,2022-08-05,1640,018535,,5,2,9,1300,0,1,3,,1,063,SR-78,"MITCHELLS CAMP ROAD",1584.00,E,N,A,-,Y,,,,,,,,,,N,2,0,3,1,A,-,08,22107,,N,E,I,A,A,H,-,A,D,0,,,,,Y,,A,08,1,0,2,0,0,0,0,0,0,"- ","- ",33.311370849609375,-114.73600769042969,IMPERIAL,UNINCORPORATED,-114.727294921875,33.327335357666016
91840842,2022,2022-08-15,9625,2022-08-05,1030,018978,,5,1,9,1300,0,1,3,,1,012,"SR-86 S/B","SUNRISE DRIVE",0.00,,Y,A,-,Y,IMP,,86,,,56.928,H,,L,Y,3,0,4,2,A,-,09,21804,A,N,D,C,A,A,E,-,A,D,0,,,,,Y,,A,01,0,4,0,0,0,0,0,0,0,"- ","- ",33.289028167724609,-115.97189331054688,IMPERIAL,UNINCORPORATED,-115.97181701660156,33.289070129394531
91840862,2022,2022-08-15,9625,2022-07-27,1715,019667,,3,2,9,1300,0,2,4,,2,047,"ATEN ROAD","FORRESTER ROAD",0.00,,Y,A,-,N,,,,,,,,,,Y,3,0,2,2,A,-,09,21802,A,N,D,C,A,A,H,-,A,A,0,,,,,Y,,A,01,0,2,0,0,0,0,0,0,0,"- ","- ",32.825489044189453,-115.62075042724609,IMPERIAL,UNINCORPORATED,-115.61183166503906,32.810840606689453
91841255,2022,2022-08-16,9625,2022-08-05,1202,018930,,5,1,9,1300,0,3,5,,2,050,"ATEN ROAD","DOGWOOD ROAD",130.00,E,N,A,-,N,,,,,,,,,,Y,4,0,1,2,A,-,08,22107,,N,D,C,A,A,H,-,A,D,0,,,,,Y,,D,22,0,0,1,0,0,0,0,0,0,"- ","- ",32.82537841796875,-115.53540802001953,IMPERIAL,UNINCORPORATED,-115.53569793701172,32.825431823730469
91841311,2022,2022-08-16,9625,2022-08-06,2105,019225,,6,2,9,1300,0,3,5,,2,050,"SR-86 (HEBER ROAD)","VALLEY BLVD",9.00,W,N,A,-,Y,IMP,,86,,,1.946,H,,R,Y,4,0,3,2,A,-,03,22350,,N,C,C,A,A,H,-,C,D,0,,,,,Y,,A,07,0,0,3,0,0,0,0,0,0,"- ","- ",32.730690002441406,-115.53218841552734,IMPERIAL,UNINCORPORATED,-115.53218841552734,32.730670928955078
91841452,2022,2022-08-16,9625,2022-08-02,0930,018930,,2,1,9,1300,0,1,1,,2,004,"INTERSTATE 8 (W/B)","IMPERIAL HIGHWAY",3274.00,E,N,A,-,Y,IMP,,8,,R,12.469,H,,L,Y,2,0,1,1,A,-,08,22107,,N,E,I,A,A,H,-,A,D,0,,,,,Y,,A,07,1,0,0,0,0,0,0,0,0,"- ","- ",32.736541748046875,-115.98531341552734,IMPERIAL,UNINCORPORATED,-115.98529815673828,32.736492156982422
91841654,2022,2022-08-16,9620,2022-08-12,1028,018464,QUECH,5,1,9,1300,0,1,1,,2,082,"I-8 (W/B)","WINTERHAVEN DR / 4TH AVE",2680.00,W,N,B,C,Y,IMP,,8,,R,96.024,H,,R,Y,4,0,1,2,A,-,03,22350,,N,C,C,A,B,H,-,A,D,0,,,,,Y,,A,07,0,0,1,0,0,0,0,0,0,"- ","- ",32.733600616455078,-114.63327026367188,IMPERIAL,UNINCORPORATED,-114.63332366943359,32.733364105224609
9184217,2020,2020-12-14,1304,2020-10-28,2011,332,EWES,3,5,4,1304,0,0,0,,0,WEST,ADAMS,"LA BRUCHERIE",0.00,,Y,A,-,N,,,,,,,,,,N,3,0,1,2,A,-,01,23152,A,N,B,E,A,A,H,-,C,D,0,,,,,Y,Y,-,,0,1,0,0,0,0,0,0,0,"- ","- ",32.796669006347656,-115.57585906982422,IMPERIAL,"EL CENTRO",-115.57872009277344,32.796550750732422
91842729,2022,2022-08-17,9625,2022-08-09,1010,017727,,2,1,9,1300,0,1,3,,1,012,"SR-86 (S/B)","COOLIDGE SPRINGS  ROAD",2140.00,S,N,A,-,Y,IMP,,86,,,66.561,H,,L,Y,2,0,1,2,A,-,08,22107,,N,B,C,A,A,H,-,A,D,0,,,,Y,Y,,A,07,1,0,0,0,0,0,0,0,0,"- ","- ",33.411361694335938,-116.04765319824219,IMPERIAL,UNINCORPORATED,-116.047607421875,33.411365509033203
91842774,2022,2022-08-17,9625,2022-08-07,0200,021232,,7,3,9,1300,0,1,1,,2,001,"INTERSTATE 8 (E/B)","IN KO PAH PARK ROAD",2112.00,S,N,A,-,Y,IMP,,8,,R,1.133,H,,R,Y,2,0,1,1,A,-,08,22107,,N,E,I,A,A,H,-,D,D,0,,,,,Y,,A,07,1,0,0,0,0,0,0,0,0,"- ","- ",32.658920288085938,-116.09754180908203,IMPERIAL,UNINCORPORATED,-116.09748840332031,32.658943176269531
91843304,2022,2022-08-18,9625,2022-08-08,1319,018773,,1,1,9,1300,0,1,3,,1,021,SR-111,"RUTHERFORD ROAD",2150.00,N,N,A,-,Y,IMP,,111,,,26.930,H,,R,Y,2,0,2,2,C,-,18,,,N,C,C,A,A,H,-,A,D,0,,,,,Y,,-,"- ",1,1,0,0,0,0,0,0,0,"- ","- ",33.048240661621094,-115.52668762207031,IMPERIAL,UNINCORPORATED,-115.52675628662109,33.048248291015625