CASE_ID,ACCIDENT_YEAR,PROC_DATE,JURIS,COLLISION_DATE,COLLISION_TIME,OFFICER_ID,REPORTING_DISTRICT,DAY_OF_WEEK,CHP_SHIFT,POPULATION,CNTY_CITY_LOC,SPECIAL_COND,BEAT_TYPE,CHP_BEAT_TYPE,CITY_DIVISION_LAPD,CHP_BEAT_CLASS,BEAT_NUMBER,PRIMARY_RD,SECONDARY_RD,DISTANCE,DIRECTION,INTERSECTION,WEATHER_1,WEATHER_2,STATE_HWY_IND,CALTRANS_COUNTY,CALTRANS_DISTRICT,STATE_ROUTE,ROUTE_SUFFIX,POSTMILE_PREFIX,POSTMILE,LOCATION_TYPE,RAMP_INTERSECTION,SIDE_OF_HWY,TOW_AWAY,COLLISION_SEVERITY,NUMBER_KILLED,NUMBER_INJURED,PARTY_COUNT,PRIMARY_COLL_FACTOR,PCF_CODE_OF_VIOL,PCF_VIOL_CATEGORY,PCF_VIOLATION,PCF_VIOL_SUBSECTION,HIT_AND_RUN,TYPE_OF_COLLISION,MVIW,PED_ACTION,ROAD_SURFACE,ROAD_COND_1,ROAD_COND_2,LIGHTING,CONTROL_DEVICE,CHP_ROAD_TYPE,PEDESTRIAN_ACCIDENT,BICYCLE_ACCIDENT,MOTORCYCLE_ACCIDENT,TRUCK_ACCIDENT,NOT_PRIVATE_PROPERTY,ALCOHOL_INVOLVED,STWD_VEHTYPE_AT_FAULT,CHP_VEHTYPE_AT_FAULT,COUNT_SEVERE_INJ,COUNT_VISIBLE_INJ,COUNT_COMPLAINT_PAIN,COUNT_PED_KILLED,COUNT_PED_INJURED,COUNT_BICYCLIST_KILLED,COUNT_BICYCLIST_INJURED,COUNT_MC_KILLED,COUNT_MC_INJURED,PRIMARY_RAMP,SECONDARY_RAMP,LATITUDE,LONGITUDE,COUNTY,CITY,POINT_X,POINT_Y
91971054,2023,2023-01-18,9625,2023-01-06,1650,020111,,5,2,2,1306,0,1,3,,2,053,"STATE ROUTE 111 S/B","HEBER ROAD",1584.00,N,N,A,-,Y,IMP,,111," ",R,5.046,H,,L,Y,4,0,1,3,A,-,03,22350,,N,C,C,A,A,H,-,A,A,0,,,,,Y,,D,22,0,0,1,0,0,0,0,0,0,"- ","- ",32.735118865966797,-115.50050354003906,IMPERIAL,IMPERIAL,-115.50060272216797,32.735118865966797
91971219,2023,2023-01-18,9625,2023-01-06,1650,019667,,5,2,9,1300,0,1,3,,2,053,"STATE ROUTE 111 NORTHBOUND","HEBER ROAD",1782.00,N,N,A,-,Y,IMP,,111," ",R,5.077,H,,R,Y,3,0,4,3,A,-,03,22350,,N,C,C,A,A,H,-,B,D,0,,,,,Y,,A,01,0,3,1,0,0,0,0,0,0,"- ","- ",32.735538482666016,-115.50055694580078,IMPERIAL,UNINCORPORATED,-115.50041198730469,32.735542297363281
91972031,2023,2023-01-19,9625,2023-01-06,1510,019667,,5,2,9,1300,0,1,3,,1,042,"STATE ROUTE 98","HOCKER DRIVE",15100.00,E,N,A,-,Y,IMP,,98," "," ",12.833,H,,R,Y,3,0,1,1,A,-,08,22107,,N,E,I,A,A,H,-,A,D,0,,,,,Y,,A,01,0,1,0,0,0,0,0,0,0,"- ","- ",32.673328399658203,-115.83151245117188,IMPERIAL,UNINCORPORATED,-115.83151245117188,32.673385620117188
91972320,2023,2023-01-19,9625,2023-01-07,"300 ",017727,,6,3,9,1300,0,3,5,,2,050,"COOPER RD","WIEST RD",0.00,,Y,A,-,N,,,,,,,,,,Y,2,0,1,1,A,-,01,23152,A,N,E,I,A,A,H,-,D,D,0,,,,,Y,Y,A,07,1,0,0,0,0,0,0,0,0,"- ","- ",32.909320831298828,-115.44899749755859,IMPERIAL,UNINCORPORATED,-115.44889831542969,32.909229278564453
91975665,2023,2023-01-24,9625,2023-01-12,2110,019225,,4,2,9,1300,0,1,3,,2,053,SR-86,SR-111,0.00,,Y,A,-,Y,IMP,,86," ",R,0.000,H,,R,Y,4,0,1,2,A,-,09,21801,A,N,A,C,A,A,H,-,C,A,0,,,,,Y,,A,01,0,0,1,0,0,0,0,0,0,"- ","- ",32.730709075927734,-115.50038909912109,IMPERIAL,UNINCORPORATED,-115.50040435791016,32.730686187744141
91976203,2023,2023-01-24,9625,2023-01-12,1050,018930,,4,1,9,1300,0,3,5,,2,040,"LA BRUCHERIE ROAD","MCCABE ROAD",200.00,N,N,A,-,N,,,,,,,,,,Y,3,0,2,3,A,-,03,22350,,N,C,C,A,A,H,-,A,A,0,,,,,Y,,D,22,0,1,1,0,0,0,0,0,0,"- ","- ",32.752998352050781,-115.57778167724609,IMPERIAL,UNINCORPORATED,-115.57777404785156,32.752967834472656
91978736,2023,2023-01-26,9625,2023-01-16,1240,017727,,1,1,9,1300,0,1,3,,1,012,"SR-86 (N/B)","AIR PARK ROAD",11616.00,S,N,A,-,Y,IMP,,86," "," ",51.672,H,,R,Y,2,0,1,1,A,-,08,22107,,N,F,A,A,A,H,-,A,D,0,,,,Y,Y,,F,27,1,0,0,0,0,0,0,0,0,"- ","- ",33.225681304931641,-115.92153167724609,IMPERIAL,UNINCORPORATED,-115.92156982421875,33.225662231445312
91978799,2022,2023-01-26,9625,2022-12-27,1245,019225,,2,1,9,1300,0,2,4,,2,046,"DOGWOOD ROAD","MCCABE ROAD",2290.00,S,N,A,-,N,,,,,,,,,,Y,1,2,0,1,A,-,08,22107,,N,F,A,A,A,H,-,A,D,0,,,,,Y,,A,07,0,0,0,0,0,0,0,0,0,"- ","- ",32.746059417724609,-115.53475952148438,IMPERIAL,UNINCORPORATED,-115.53470611572266,32.746116638183594
91980270,2023,2023-01-27,9625,2023-01-14,1610,020111,,6,2,9,1300,0,1,3,,1,042,"STATE ROUTE 98","FERRELL ROAD",1798.00,E,N,A,-,Y,IMP,,98," "," ",27.551,H,,R,Y,4,0,1,1,A,-,08,22107,,N,E,8,A,A,H,-,A,D,0,,,,,Y,,A,07,0,0,1,0,0,0,0,0,0,"- ","- ",32.679248809814453,-115.58003997802734,IMPERIAL,UNINCORPORATED,-115.58003997802734,32.679294586181641
91983251,2023,2023-01-31,9625,2023-01-20,"620 ",016248,,5,1,9,1300,0,1,3,,2,053,SR-111,"MCCABE ROAD",0.00,,Y,A,-,Y,IMP,,111," ",R,6.239,H,,R,Y,2,0,1,2,A,-,09,21453,C,N,D,C,A,A,H,-,B,A,0,,,Y,,Y,,A,01,1,0,0,0,0,0,0,0,1,"- ","- ",32.752368927001953,-115.50063323974609,IMPERIAL,UNINCORPORATED,-115.50064849853516,32.752368927001953
91984439,2023,2023-02-01,9625,2023-01-23,1548,019225,,1,2,9,1300,0,3,5,,2,050,"BARBARA WORTH ROAD","HEBER ROAD",0.00,,Y,A,-,N,,,,,,,,,,Y,3,0,1,2,A,-,12,22450,A,N,D,C,A,A,H,-,A,A,0,,,,Y,Y,,A,08,0,1,0,0,0,0,0,0,0,"- ","- ",32.730220794677734,-115.43087005615234,IMPERIAL,UNINCORPORATED,-115.43087768554688,32.730236053466797
91985260,2023,2023-02-02,9625,2023-01-25,"715 ",016248,,3,1,9,1300,0,1,3,,2,053,"SR-111 (N/B)","HEBER ROAD",231.00,S,N,A,-,Y,IMP,,111," ",R,4.692,H,,R,N,4,0,1,2,A,-,21,22106,,N,C,C,A,A,H,-,A,A,0,,,,,Y,,A,07,0,0,1,0,0,0,0,0,0,"- ","- ",32.729969024658203,-115.50032043457031,IMPERIAL,UNINCORPORATED,-115.50031280517578,32.729969024658203
91988456,2022,2023-02-07,9625,2022-11-20,1430,021232,,7,2,9,1300,0,2,4,,2,046,"DOGWOOD ROAD","RALPH ROAD",2112.00,N,N,A,-,Y,,,,,,,,,,Y,1,1,2,3,A,-,05,21650,,N,B,C,A,A,H,-,A,D,0,,,,,Y,,A,01,0,2,0,0,0,0,0,0,0,"- ","- ",32.875518798828125,-115.53553771972656,IMPERIAL,UNINCORPORATED,-115.53556823730469,32.874923706054688
91988502,2022,2023-02-07,9625,2022-11-20,1753,021232,,7,2,9,1300,0,1,1,,2,004,"INTERSTATE 8 (W/B)","DUNAWAY ROAD",19800.00,W,N,A,-,Y,IMP,,8,,R,19.792,H,,L,Y,1,1,1,2,A,-,01,23152,G,N,H,A,A,A,H,-,D,D,0,,,,,Y,Y,D,22,1,0,0,0,0,0,0,0,0,"- ","- ",32.757568359375,-115.86232757568359,IMPERIAL,UNINCORPORATED,-115.86232757568359,32.757549285888672
91988961,2023,2023-02-07,9620,2023-02-02,"705 ",016222,QUECH,4,1,9,1300,0,3,5,,2,070,"BASELINE ROAD","ARNOLD ROAD",230.00,S,N,A,-,N,,,,,,,,,,Y,4,0,2,2,A,-,09,21804,A,N,D,C,A,A,H,-,A,D,0,,,,,Y,,A,01,0,0,2,0,0,0,0,0,0,"- ","- ",32.752151489257812,-114.59889984130859,IMPERIAL,UNINCORPORATED,-114.59890747070312,32.752174377441406
91989812,2023,2023-02-08,9625,2023-01-27,1440,019668,,5,2,9,1300,0,1,3,,1,054,"SR-111 S/B","HARRIS ROAD",1541.00,S,N,A,-,Y,IMP,,111," ",R,15.092,H,,L,Y,4,0,2,2,A,-,03,22350,,N,C,C,A,A,H,-,A,D,0,,,,,Y,,A,01,0,0,2,0,0,0,0,0,0,"- ","- ",32.879398345947266,-115.50930786132812,IMPERIAL,UNINCORPORATED,-115.50928497314453,32.879398345947266
91990028,2023,2023-02-08,9625,2023-01-30,"805 ",017727,,1,1,9,1300,0,3,5,,2,010,"BERING BLVD","CAMINO DR",0.00,,Y,A,-,N,,,,,,,,,,N,4,0,1,2,A,-,09,21800,A,N,D,D,A,A,H,-,A,D,0,,,,,Y,,A,01,0,0,1,0,0,0,0,0,0,"- ","- ",33.338600158691406,-115.98059844970703,IMPERIAL,UNINCORPORATED,-115.98061370849609,33.338600158691406
91990053,2023,2023-02-08,9625,2023-01-30,"2   ",020516,,1,3,9,1300,0,1,1,,2,001,"INTERSTATE 8 (E/B)","MOUNTAIN SPRINGS ROAD",1123.00,W,N,B,C,Y,IMP,,8," ",R,2.881,H,,R,Y,3,0,1,1,A,-,03,22350,,N,E,I,A,B,H,-,D,D,0,,,,,Y,,D,22,0,1,0,0,0,0,0,0,0,"- ","- ",32.677639007568359,-116.1025390625,IMPERIAL,UNINCORPORATED,-116.10253143310547,32.677715301513672
91990122,2023,2023-02-08,9625,2023-01-29,"515 ",022010,,7,3,9,1300,0,1,1,,2,005,"INTERSTATE 8 E/B","STATE ROUTE 115",376.00,W,N,E,-,Y,IMP,,8," ",R,53.403,H,,R,Y,3,0,1,1,A,-,08,22107,,N,E,I,A,A,H,-,D,D,0,,,,,Y,,A,01,0,1,0,0,0,0,0,0,0,"- ","- ",32.773120880126953,-115.28720855712891,IMPERIAL,UNINCORPORATED,-115.28721618652344,32.773090362548828
91991915,2022,2023-02-10,9625,2022-12-15,1435,018792,,4,2,9,1300,0,1,3,,1,011,"SR-86 N/B","SR-78 BYPASS",0.00,,Y,A,-,Y,IMP,,86,,R,24.054,H,,R,Y,1,1,2,2,A,-,12,21453,A,N,D,2,A,A,H,-,A,A,0,,,,,Y,,A,07,0,2,0,0,0,0,0,0,0,"- ","- ",32.999259948730469,-115.58872985839844,IMPERIAL,UNINCORPORATED,-115.58876800537109,32.999240875244141
91993406,2023,2023-02-13,9620,2023-02-06,1955,018464,,1,2,9,1300,0,1,3,,1,063,SR-78,"MITCHELLS CAMP ROAD",2112.00,E,N,A,-,Y,IMP,,78," "," ",72.043,H,,R,N,3,0,2,1,A,-,08,22107,,N,F,A,A,A,H,-,D,D,0,,,,,Y,,A,07,0,2,0,0,0,0,0,0,0,"- ","- ",33.313350677490234,-114.73628234863281,IMPERIAL,UNINCORPORATED,-114.73631286621094,33.313365936279297
91994066,2023,2023-02-14,9625,2023-01-31,1356,018792,,2,1,9,1300,0,1,3,,1,012,"SR-86 N/B","TREADWELL BLVD",0.00,,Y,A,-,Y,IMP,,86," "," ",60.037,H,,R,Y,2,0,2,2,A,-,09,21801,A,N,D,C,A,A,H,-,A,D,0,,,,,Y,,A,07,1,1,0,0,0,0,0,0,0,"- ","- ",33.327411651611328,-115.99996185302734,IMPERIAL,UNINCORPORATED,-115.99993133544922,33.327426910400391
91994224,2023,2023-02-14,9625,2023-02-01,"550 ",017727,,3,3,9,1300,0,3,5,,2,010,"SINCLAIR ROAD","BRANDT ROAD",329.00,W,N,A,-,N,,,,,,,,,,Y,4,0,1,1,A,-,08,22107,,N,F,A,A,A,H,-,D,D,0,,,,,Y,,A,01,0,0,1,0,0,0,0,0,0,"- ","- ",33.176670074462891,-115.56371307373047,IMPERIAL,UNINCORPORATED,-115.57669067382812,33.1766357421875
91994244,2023,2023-02-14,9625,2023-02-03,1535,020771,,5,2,9,1300,0,3,5,,2,040,"S. LA BRUCHERIE RD.","W. MCCABE RD.",635.00,N,N,A,-,N,,,,,,,,,,N,4,0,1,2,A,-,03,22350,,N,C,C,A,A,H,-,A,A,0,,,,,Y,,A,01,0,0,1,0,0,0,0,0,0,"- ","- ",32.75421142578125,-115.57781219482422,IMPERIAL,UNINCORPORATED,-115.57779693603516,32.754154205322266
91994554,2023,2023-02-14,9625,2023-02-06,"436 ",021107,,1,3,9,1300,0,1,3,,1,012,"STATE ROUTE 86 N/B","DESERT SHORES DRIVE",1584.00,N,N,A,-,Y,IMP,,86," "," ",66.444,H,,R,Y,4,0,3,2,A,-,03,22350,,N,C,C,A,A,H,-,D,D,0,,,,,Y,,A,01,0,0,3,0,0,0,0,0,0,"- ","- ",33.409751892089844,-116.04688262939453,IMPERIAL,UNINCORPORATED,-116.04691314697266,33.409744262695312
91995280,2023,2023-02-15,9625,2023-02-09,"445 ",019668,,4,3,9,1300,0,3,5,,2,050,"OLD HIGHWAY 111","ATEN ROAD",0.00,,Y,A,-,Y,,,,,,,,,,Y,4,0,1,2,A,-,09,21802,A,N,D,C,A,A,H,-,C,A,0,,,,,Y,,A,01,0,0,1,0,0,0,0,0,0,"- ","- ",32.825809478759766,-115.50135803222656,IMPERIAL,UNINCORPORATED,-115.50007629394531,32.825771331787109
91995497,2023,2023-02-15,9625,2023-02-03,1455,022010,,5,2,9,1300,0,3,5,,2,050,"BOWKER ROAD","MCCABE ROAD",0.00,,Y,A,-,N,,,,,,,,,,Y,3,0,2,2,A,-,09,21802,A,N,D,2,A,A,H,-,A,A,0,,,,,Y,,A,07,0,2,0,0,0,0,0,0,0,"- ","- ",32.752101898193359,-115.46504974365234,IMPERIAL,UNINCORPORATED,-115.46501922607422,32.752105712890625
91995537,2023,2023-02-15,9625,2023-02-07,1645,020516,,2,2,9,1300,0,3,5,,2,010,"IMPERIAL AVENUE","SANTA ROSA AVENUE",0.00,,Y,B,-,N,,,,,,,,,,N,3,0,1,2,A,-,09,21800,A,N,D,C,A,A,H,-,A,D,0,,,Y,,Y,,A,01,0,1,0,0,0,0,0,0,1,"- ","- ",33.375389099121094,-116.01127624511719,IMPERIAL,UNINCORPORATED,-116.01129913330078,33.375293731689453
91997194,2023,2023-02-17,9625,2023-01-01,"615 ",016248,,7,1,9,1300,0,1,3,,1,054,"SR-111 (N/B)","SCHARTZ ROAD",4642.00,N,N,B,C,Y,IMP,,111," ",R,20.356,H,,R,Y,1,1,1,1,A,-,08,22107,,N,E,I,A,B,H,-,A,D,0,,,,,Y,,A,07,1,0,0,0,0,0,0,0,0,"- ","- ",32.955818176269531,-115.50897979736328,IMPERIAL,UNINCORPORATED,-115.5089111328125,32.955818176269531
91997528,2023,2023-02-17,9625,2023-02-13,2125,020125,,1,2,9,1300,0,1,3,,1,012,"SR-86 SOUTHBOUND","SUNRISE DRIVE",1584.00,S,N,A,G,Y,IMP,,86," "," ",56.628,H,,L,N,4,0,1,1,C,-,18,,,N,E,J,A,A,H,-,D,D,0,,,,,Y,,-,"- ",0,0,1,0,0,0,0,0,0,"- ","- ",33.285469055175781,-115.9691162109375,IMPERIAL,UNINCORPORATED,-115.96914672851562,33.285457611083984
91998771,2023,2023-02-21,9620,2023-02-14,"940 ",018734,,2,1,9,1300,0,1,1,,2,081,"I-8 E/B","BROCK RESEARCH CENTER ROAD",1056.00,E,N,A,-,Y,IMP,,8," ",R,69.059,H,,R,Y,4,0,1,2,A,-,03,22350,,N,C,C,A,A,H,-,A,D,0,,,,Y,Y,,A,01,0,0,1,0,0,0,0,0,0,"- ","- ",32.707698822021484,-115.03305053710938,IMPERIAL,UNINCORPORATED,-115.03305053710938,32.707771301269531
91998864,2023,2023-02-21,9625,2023-02-12,"500 ",021232,,7,3,9,1300,0,2,4,,2,047,"FORRESTER ROAD","ANDRE ROAD",432.00,S,N,A,-,N,,,,,,,,,,Y,4,0,1,1,A,-,08,22107,,N,E,I,A,A,H,-,D,D,0,,,,,Y,,A,01,0,0,1,0,0,0,0,0,0,"- ","- ",33.014331817626953,-115.62151336669922,IMPERIAL,UNINCORPORATED,-115.62154388427734,33.014408111572266
92000361,2023,2023-02-22,9625,2023-02-13,"115 ",020996,,1,3,9,1300,0,1,1,,2,002,"I-8 WESTBOUND",SR-98,27984.00,W,N,A,G,Y,IMP,,8," ",R,5.163,H,,L,Y,3,0,1,1,A,-,01,23152,A,N,E,I,A,A,H,-,D,D,0,,,,,Y,Y,A,01,0,1,0,0,0,0,0,0,0,"- ","- ",32.701171875,-116.07924652099609,IMPERIAL,UNINCORPORATED,-116.07928466796875,32.701206207275391
92000405,2023,2023-02-22,9625,2023-02-13,1435,020516,,1,2,9,1300,0,1,3,,1,044,"SR-86 (S/B)","AUSTIN ROAD",1029.00,S,N,A,-,Y,IMP,,86," "," ",17.794,H,,R,N,3,0,1,1,A,-,08,22107,,N,F,A,A,A,H,-,A,D,0,,Y,,,Y,,M,91,0,1,0,0,0,0,1,0,0,"- ","- ",32.948680877685547,-115.56976318359375,IMPERIAL,UNINCORPORATED,-115.56952667236328,32.948585510253906
92001363,2023,2023-02-23,9625,2023-02-18,1329,020771,,6,1,9,1300,0,3,5,,2,050,"BOWKER RD.","HEBER RD.",655.00,N,N,A,-,N,,,,,,,,,,N,4,0,1,1,A,-,08,22107,,N,E,I,A,A,H,-,A,D,0,,,,,Y,,A,07,0,0,1,0,0,0,0,0,0,"- ","- ",32.732089996337891,-115.46501922607422,IMPERIAL,UNINCORPORATED,-115.46504974365234,32.732139587402344
92001687,2023,2023-02-23,9625,2023-02-18,"210 ",020111,,6,3,9,1300,0,1,1,,2,001,"INTERSTATE 8 (E/B)","STATE ROUTE 98",8448.00,E,N,A,-,Y,IMP,,8," ",R,8.367,H,,R,Y,4,0,1,1,C,-,18,,,N,E,J,A,A,H,-,D,D,0,,,,,Y,,-,"- ",0,0,1,0,0,0,0,0,0,"- ","- ",32.720069885253906,-116.04723358154297,IMPERIAL,UNINCORPORATED,-116.04721069335938,32.720035552978516
92001703,2023,2023-02-23,9625,2023-02-10,2058,018792,,5,2,9,1300,0,1,3,,1,011,"SR-86 N/B","BOARTS ROAD",600.00,S,N,A,-,Y,IMP,,86," ",R,26.988,H,,R,Y,3,0,2,2,A,-,01,23152,A,N,B,2,A,A,H,-,D,D,0,,,,,Y,Y,A,01,0,2,0,0,0,0,0,0,0,"- ","- ",33.036308288574219,-115.61366271972656,IMPERIAL,UNINCORPORATED,-115.61370086669922,33.036273956298828
92001705,2023,2023-02-23,9625,2023-02-14,1745,019667,,2,2,9,1300,0,1,1,,2,001,"INTERSTATE 8 EASTBOUND","IN KO PAH PARK ROAD",6125.00,E,N,C,G,Y,IMP,,8," ",R,0.999,H,,R,Y,4,0,2,1,A,-,03,22350,,N,E,I,A,B,H,-,D,D,0,,,,,Y,,A,07,0,0,2,0,0,0,0,0,0,"- ","- ",32.656951904296875,-116.09696960449219,IMPERIAL,UNINCORPORATED,-116.09700012207031,32.656951904296875
92003978,2023,2023-02-27,9625,2023-02-17,"610 ",018617,,5,1,9,1300,0,1,3,,1,021,SR-111,"DOWDEN ROAD",497.00,S,N,A,-,Y,IMP,,111," "," ",29.910,H,,R,Y,3,0,1,1,A,-,08,22107,,N,E,9,A,A,H,-,A,D,0,,,,,Y,,A,01,0,1,0,0,0,0,0,0,0,"- ","- ",33.088111877441406,-115.51590728759766,IMPERIAL,UNINCORPORATED,-115.51597595214844,33.088138580322266
92004040,2023,2023-02-27,9625,2023-02-20,1114,016248,,1,1,9,1300,0,1,3,,2,053,"SR-111 (S/B)","MC CABE ROAD",102.00,N,N,A,-,Y,IMP,,111," ",R,6.268,H,,R,Y,3,0,1,2,A,-,03,22350,,N,C,C,A,A,H,-,A,A,0,,,,,Y,,D,22,0,1,0,0,0,0,0,0,0,"- ","- ",32.752799987792969,-115.50084686279297,IMPERIAL,UNINCORPORATED,-115.50065612792969,32.752803802490234
92004446,2023,2023-02-27,9625,2023-02-22,"725 ",018617,,3,1,9,1300,0,3,5,,2,050,"KEYSTONE ROAD","HIGHLINE ROAD",0.00,,Y,A,G,N,,,,,,,,,,Y,4,0,2,2,A,-,09,21802,A,N,D,C,A,A,H,-,A,A,0,,,,,Y,,D,22,0,0,2,0,0,0,0,0,0,"- ","- ",32.916580200195312,-115.31147766113281,IMPERIAL,UNINCORPORATED,-115.31147766113281,32.916618347167969
92005221,2023,2023-02-28,9625,2023-02-17,2035,019582,,5,2,9,1300,0,3,5,,2,040,"AUSTIN RD.","BREWER RD.",552.00,S,N,A,-,N,,,,,,,,,,N,4,0,1,2,A,-,11,21956,A,N,G,B,E,A,H,-,D,D,0,Y,,,,Y,Y,N,60,0,0,1,0,1,0,0,0,0,"- ","- ",32.838600158691406,-115.59494018554688,IMPERIAL,UNINCORPORATED,-115.59497833251953,32.838642120361328
92005417,2023,2023-02-28,9625,2023-02-17,1633,019582,,5,2,9,1300,0,2,4,,2,045,"EVAN HEWES HWY. W/B","FORRESTER ROAD",248.00,E,N,A,-,N,,,,,,,,,,N,4,0,1,3,A,-,03,22350,,N,C,C,A,A,H,-,A,A,0,,,,,Y,,D,22,0,0,1,0,0,0,0,0,0,"- ","- ",32.796600341796875,-115.61995697021484,IMPERIAL,UNINCORPORATED,-115.61125946044922,32.803558349609375
92007095,2023,2023-03-01,9625,2023-02-18,1149,018617,,6,1,9,1300,0,1,1,,2,002,"INTERSTATE 8 (W/B)","MYER CREEK BRIDGE 58-297L",81.00,W,N,A,-,Y,IMP,,8," ",R,9.167,H,,L,Y,2,0,1,1,A,-,08,22107,,N,E,J,A,A,H,-,A,D,0,,,,,Y,,A,01,1,0,0,0,0,0,0,0,0,"- ","- ",32.724861145019531,-116.03987884521484,IMPERIAL,UNINCORPORATED,-116.03987121582031,32.724952697753906
92007154,2023,2023-03-01,9625,2023-02-22,"715 ",017727,,3,1,3,1301,0,1,3,,1,012,"SR-86 (S/B)","COOMBS AVE",1265.00,S,N,A,G,Y,IMP,,86," "," ",59.467,H,,L,N,4,0,1,2,A,-,17,23115,A,M,H,C,A,A,H,-,A,D,0,,,,,Y,,-,"- ",0,0,1,0,0,0,0,0,0,"- ","- ",33.320339202880859,-115.9951171875,IMPERIAL,BRAWLEY,-115.99510192871094,33.320346832275391
92007218,2023,2023-03-01,9625,2023-02-18,"715 ",017075,,6,1,9,1300,0,1,3,,1,012,"SR-86 SOUTHBOUND","UNAMED COUNTY ROAD",0.00,,Y,A,-,Y,IMP,,86," "," ",61.084,H,,L,Y,4,0,1,2,A,-,08,22100,B,N,C,C,A,A,H,-,A,D,0,,,,,Y,,A,01,0,0,1,0,0,0,0,0,0,"- ","- ",33.340229034423828,-116.00991821289062,IMPERIAL,UNINCORPORATED,-116.00991058349609,33.340236663818359
92007248,2023,2023-03-01,9625,2023-02-20,2055,020516,,1,2,9,1300,0,1,1,,2,003,"INTERSTATE 8 (E/B)","FORRESTER ROAD",6970.00,E,N,A,-,Y,IMP,,8," ",R,35.315,H,,R,Y,2,0,1,2,A,-,03,22350,,N,C,C,A,A,H,-,D,D,0,,,,Y,Y,,A,08,1,0,0,0,0,0,0,0,0,"- ","- ",32.773788452148438,-115.59789276123047,IMPERIAL,UNINCORPORATED,-115.59789276123047,32.7738037109375
92007331,2023,2023-03-01,9625,2023-02-21,1550,018930,,2,2,9,1300,0,1,1,,2,002,"INTERSTATE 8 (W/B)",SR-98,6864.00,W,N,G,-,Y,IMP,,8," ",R,8.950,H,,L,Y,4,0,1,1,C,-,18,,,N,F,A,A,A,H,-,A,D,0,,,,Y,Y,,-,"- ",0,0,1,0,0,0,0,0,0,"- ","- ",32.725608825683594,-116.04351043701172,IMPERIAL,UNINCORPORATED,-116.04351043701172,32.725608825683594
92009052,2023,2023-03-03,9625,2023-02-19,2305,021232,,7,3,9,1300,0,3,5,,2,010,SR-86,"SOUTH MARINA DRIVE",0.00,,Y,A,-,Y,IMP,,86," "," ",56.110,H,,L,Y,4,0,2,2,A,-,09,21453,C,N,D,C,A,A,H,-,C,A,0,,,,,Y,,A,01,0,0,2,0,0,0,0,0,0,"- ","- ",33.279018402099609,-115.96446228027344,IMPERIAL,UNINCORPORATED,-115.96437072753906,33.279067993164062
92009057,2023,2023-03-03,9625,2023-02-19,"36  ",019668,,7,3,9,1300,0,1,3,,1,054,"SR-111 N/B","EVAN HEWES HIGHWAY",69.00,S,N,A,-,Y,IMP,,111," ",R,9.481,H,,R,Y,3,0,5,2,A,-,01,23152,A,N,C,C,A,A,H,-,C,A,0,,,,,Y,Y,D,22,0,5,0,0,0,0,0,0,0,"- ","- ",32.799468994140625,-115.50047302246094,IMPERIAL,UNINCORPORATED,-115.50042724609375,32.799472808837891
92009083,2023,2023-03-03,9625,2023-02-20,1213,018978,,1,1,9,1300,0,3,5,,2,020,"EDDINS ROAD","ENGLISH ROAD",1680.00,W,N,A,-,N,,,,,,,,,,Y,3,0,1,1,A,-,08,22107,,N,E,J,A,A,H,-,A,D,0,,,,,Y,,A,01,0,1,0,0,0,0,0,0,0,"- ","- ",33.125808715820312,-115.55081176757812,IMPERIAL,UNINCORPORATED,-115.55043792724609,33.125743865966797
92009473,2023,2023-03-03,9625,2023-02-22,1855,020516,,3,2,9,1300,0,1,3,,1,012,"SR-86 (N/B)","BORREGO SALTON SEA WAY",0.00,,Y,A,G,Y,IMP,,86," "," ",56.110,H,,R,Y,3,0,3,2,A,-,12,22450,A,N,D,C,A,A,G,-,E,B,0,,,,,Y,,A,07,0,3,0,0,0,0,0,0,0,"- ","- ",33.279178619384766,-115.96410369873047,IMPERIAL,UNINCORPORATED,-115.96409606933594,33.279182434082031
92009908,2023,2023-03-06,9625,2023-02-22,2038,018930,,3,2,9,1300,0,1,3,,1,012,"SR-86 (S/B)","BORREGO SALTON SEA WAY",0.00,,Y,A,-,Y,IMP,,86," "," ",56.111,H,,R,Y,4,0,1,2,A,-,12,22450,A,N,D,C,A,A,G,-,D,A,0,,,,,Y,,A,01,0,0,1,0,0,0,0,0,0,"- ","- ",33.279060363769531,-115.96436309814453,IMPERIAL,UNINCORPORATED,-115.964111328125,33.279193878173828