CASE_ID,ACCIDENT_YEAR,PROC_DATE,JURIS,COLLISION_DATE,COLLISION_TIME,OFFICER_ID,REPORTING_DISTRICT,DAY_OF_WEEK,CHP_SHIFT,POPULATION,CNTY_CITY_LOC,SPECIAL_COND,BEAT_TYPE,CHP_BEAT_TYPE,CITY_DIVISION_LAPD,CHP_BEAT_CLASS,BEAT_NUMBER,PRIMARY_RD,SECONDARY_RD,DISTANCE,DIRECTION,INTERSECTION,WEATHER_1,WEATHER_2,STATE_HWY_IND,CALTRANS_COUNTY,CALTRANS_DISTRICT,STATE_ROUTE,ROUTE_SUFFIX,POSTMILE_PREFIX,POSTMILE,LOCATION_TYPE,RAMP_INTERSECTION,SIDE_OF_HWY,TOW_AWAY,COLLISION_SEVERITY,NUMBER_KILLED,NUMBER_INJURED,PARTY_COUNT,PRIMARY_COLL_FACTOR,PCF_CODE_OF_VIOL,PCF_VIOL_CATEGORY,PCF_VIOLATION,PCF_VIOL_SUBSECTION,HIT_AND_RUN,TYPE_OF_COLLISION,MVIW,PED_ACTION,ROAD_SURFACE,ROAD_COND_1,ROAD_COND_2,LIGHTING,CONTROL_DEVICE,CHP_ROAD_TYPE,PEDESTRIAN_ACCIDENT,BICYCLE_ACCIDENT,MOTORCYCLE_ACCIDENT,TRUCK_ACCIDENT,NOT_PRIVATE_PROPERTY,ALCOHOL_INVOLVED,STWD_VEHTYPE_AT_FAULT,CHP_VEHTYPE_AT_FAULT,COUNT_SEVERE_INJ,COUNT_VISIBLE_INJ,COUNT_COMPLAINT_PAIN,COUNT_PED_KILLED,COUNT_PED_INJURED,COUNT_BICYCLIST_KILLED,COUNT_BICYCLIST_INJURED,COUNT_MC_KILLED,COUNT_MC_INJURED,PRIMARY_RAMP,SECONDARY_RAMP,LATITUDE,LONGITUDE,COUNTY,CITY,POINT_X,POINT_Y
92311661,2024,2024-02-12,9620,2024-02-03,2256,020555,,6,3,9,1300,0,1,1,,2,081,"I-8 E/B","IMP MPM 71",1056.00,W,N,A,-,Y,IMP,,8," ",R,71.307,H,,R,Y,4,0,1,2,A,-,03,22350,,N,C,C,A,A,H,-,D,D,0,,,Y,,Y,,D,22,0,0,1,0,0,0,0,0,1,"- ","- ",32.707748413085938,-114.99445343017578,IMPERIAL,UNINCORPORATED,-114.99445343017578,32.707767486572266
92312893,2024,2024-02-13,9620,2024-02-11,1550,020054,,7,2,9,1300,0,1,3,,1,063,SR-78,"OGILBY RD",3538.00,E,N,A,-,Y,IMP,,78," "," ",53.046,H,,R,Y,3,0,1,1,A,-,08,22107,,N,F,A,A,A,H,-,A,D,0,,,,,Y,,A,01,0,1,0,0,0,0,0,0,0,"- ","- ",33.092079162597656,-114.90270233154297,IMPERIAL,UNINCORPORATED,-114.90290832519531,33.092189788818359
92313077,2024,2024-02-13,9625,2024-02-08,"432 ",020771,,4,3,9,1300,0,1,1,,2,002,"I-8 W/B","MOUNTAIN SPRINGS ROAD",3696.00,E,N,C,G,Y,IMP,,8," ",R,4.120,H,,L,Y,3,0,1,1,C,-,18,,,N,E,J,A,B,C,-,D,D,0,,,,,Y,,-,"- ",0,1,0,0,0,0,0,0,0,"- ","- ",32.689838409423828,-116.0909423828125,IMPERIAL,UNINCORPORATED,-116.0909423828125,32.689838409423828
92313109,2024,2024-02-13,9625,2024-02-08,1500,019668,,4,2,9,1300,0,2,4,,2,046,"DOGWOOD ROAD","CORRELL ROAD",0.00,,Y,A,-,N,,,,,,,,,,Y,4,0,1,2,A,-,12,21453,A,N,D,C,A,A,H,-,A,A,0,,,,,Y,,D,22,0,0,1,0,0,0,0,0,0,"- ","- ",32.737991333007812,-115.53456115722656,IMPERIAL,UNINCORPORATED,-115.53459167480469,32.737922668457031
92315894,2024,2024-02-16,9625,2024-02-09,1118,018930,,5,1,9,1300,0,3,5,,2,040,"ROSS ROAD","BENNETT ROAD",195.00,W,N,A,-,Y,,,,,,,,,,N,3,0,1,1,A,-,08,22107,,N,F,A,A,A,H,-,A,D,0,,Y,,,Y,,L,04,0,1,0,0,0,0,1,0,0,"- ","- ",32.782001495361328,-115.6729736328125,IMPERIAL,UNINCORPORATED,-115.67288970947266,32.781970977783203
92315976,2024,2024-02-16,9620,2024-02-14,"743 ",019291,T602,3,1,9,1300,0,1,1,,2,082,"I-8 E/B TO WINTERHAVEN DR","WINTERHAVEN DR",200.00,W,N,A,-,Y,,,,,,,,,,N,3,0,1,1,A,-,08,22107,,N,E,I,A,A,H,-,A,D,0,,,,,Y,,D,22,0,1,0,0,0,0,0,0,0,"- ","- ",32.736480712890625,-114.65125274658203,IMPERIAL,UNINCORPORATED,-114.65125274658203,32.736480712890625
92317237,2024,2024-02-19,9625,2024-02-12,"40  ",021107,,1,3,9,1300,0,1,3,,2,053,"STATE ROUTE 111 NORTHBOUND","JASPER ROAD",950.00,N,N,A,-,Y,IMP,,111," ",R,3.408,H,,R,Y,3,0,1,1,A,-,08,22107,,N,E,I,A,A,H,-,D,D,0,,,,,Y,,A,07,0,1,0,0,0,0,0,0,0,"- ","- ",32.711368560791016,-115.49925994873047,IMPERIAL,UNINCORPORATED,-115.49935913085938,32.711368560791016
92319575,2024,2024-02-21,9625,2024-02-09,1420,022010,,5,2,9,1300,0,1,3,,2,056,"STATE ROUTE 115","WORTHINGTON ROAD",0.00,,Y,A,-,Y,IMP,,115," "," ",12.394,H,,R,N,4,0,1,2,A,-,09,21802,A,N,F,0,A,A,H,-,A,A,0,,,Y,,Y,,D,22,0,0,1,0,0,0,0,0,1,"- ","- ",32.847259521484375,-115.40619659423828,IMPERIAL,UNINCORPORATED,-115.40618133544922,32.847259521484375
92320342,2024,2024-02-22,9620,2024-02-18,1830,020054,T602,7,2,9,1300,0,1,3,,1,062,SR-186,"I-8 E/B",6864.00,S,N,A,-,Y,IMP,,186," "," ",0.719,H,,R,Y,3,0,3,2,A,-,09,21804,A,N,D,C,A,A,H,-,D,D,0,,,,,Y,,A,01,0,1,2,0,0,0,0,0,0,"- ","- ",32.726848602294922,-114.72116088867188,IMPERIAL,UNINCORPORATED,-114.72115325927734,32.726844787597656
92321799,2023,2024-02-27,9625,2023-08-26,1710,020771,,6,2,9,1300,0,3,5,,2,040,"W. ROSS RD.","NICHOLS RD.",2471.00,W,N,A,-,N,,,,,,,,,,Y,2,0,3,2,A,-,09,21804,B,N,A,2,A,A,H,-,A,D,0,,,,,Y,,J,48,2,1,0,0,0,0,0,0,0,"- ","- ",32.781429290771484,-115.61144256591797,IMPERIAL,UNINCORPORATED,-115.61143493652344,32.781421661376953
92321958,2024,2024-02-23,9625,2024-02-11,2100,018978,,7,2,9,1300,0,3,5,,2,010,"GENTRY ROAD","BOWLES ROAD",2064.00,S,N,A,-,N,,,,,,,,,,Y,3,0,1,1,A,-,01,23152,A,N,E,J,A,A,H,-,D,D,0,,,,,Y,Y,A,01,0,1,0,0,0,0,0,0,0,"- ","- ",33.112560272216797,-115.61444091796875,IMPERIAL,UNINCORPORATED,-115.61436462402344,33.112857818603516
92323623,2024,2024-02-27,9625,2024-02-14,1416,018978,,3,2,9,1300,0,1,3,,1,044,"STATE ROUTE 86 (NORTHBOUND)","WEAVER ROAD",1008.00,N,N,A,-,Y,IMP,,86," "," ",17.789,H,,R,Y,3,0,1,1,A,-,03,22350,,N,E,9,A,A,H,-,A,A,0,,,,,Y,,A,08,0,1,0,0,0,0,0,0,0,"- ","- ",32.948551177978516,-115.56963348388672,IMPERIAL,UNINCORPORATED,-115.56956481933594,32.948524475097656
92324388,2024,2024-02-27,9625,2024-02-14,"520 ",018930,,3,3,9,1300,0,3,5,,2,040,"CARTER ROAD","URGUHART ROAD",5.00,E,N,A,-,N,,,,,,,,,,Y,3,0,1,1,A,-,08,22107,,N,E,I,A,A,H,-,B,D,0,,,,,Y,,A,01,0,1,0,0,0,0,0,0,0,"- ","- ",32.935611724853516,-115.61283874511719,IMPERIAL,UNINCORPORATED,-115.61280822753906,32.935665130615234
92324693,2024,2024-02-27,9625,2024-02-16,"1   ",020996,,5,3,9,1300,0,1,1,,2,005,"I-8 EASTBOUND",SR-115,4224.00,E,N,A,-,Y,IMP,,8," ",R,54.336,H,,R,Y,3,0,2,3,A,-,03,22350,,M,B,C,A,A,H,-,D,A,0,,,,Y,Y,,G,25,0,1,1,0,0,0,0,0,0,"- ","- ",32.766391754150391,-115.27365112304688,IMPERIAL,UNINCORPORATED,-115.27364349365234,32.766399383544922
92324708,2024,2024-02-27,9625,2024-02-13,1525,019582,,2,2,9,1300,0,1,3,,2,053,"SR-111 S/B","MCCABE ROAD",1026.00,N,N,A,-,Y,IMP,,111," ",R,6.441,H,,L,Y,3,0,3,4,A,-,03,22350,,N,C,C,A,A,H,-,A,D,0,,,,,Y,,A,08,0,1,2,0,0,0,0,0,0,"- ","- ",32.75531005859375,-115.50086975097656,IMPERIAL,UNINCORPORATED,-115.50089263916016,32.75531005859375
92325631,2024,2024-02-28,9625,2024-02-17,"430 ",020771,,6,3,9,1300,0,2,4,,2,046,"DOGWOOD RD.","WORTHINGTON RD.",57.00,S,N,A,-,N,,,,,,,,,,Y,3,0,2,2,A,-,01,23152,A,N,A,2,A,A,H,-,D,A,0,,,,,Y,Y,D,22,0,2,0,0,0,0,0,0,0,"- ","- ",32.847240447998047,-115.53569793701172,IMPERIAL,UNINCORPORATED,-115.53570556640625,32.847213745117188
92325687,2024,2024-02-28,9625,2024-02-18,1804,019582,,7,2,9,1300,0,1,3,,2,052,SR-98,"BONDS CORNER ROAD",1189.00,W,N,A,-,Y,IMP,,98," "," ",41.835,H,,R,Y,4,0,1,2,A,-,03,22350,,N,C,C,A,A,H,-,D,D,0,,,,,Y,,A,01,0,0,1,0,0,0,0,0,0,"- ","- ",32.693790435791016,-115.34146118164062,IMPERIAL,UNINCORPORATED,-115.34146118164062,32.693813323974609
92326341,2024,2024-02-29,9625,2024-02-17,1532,019668,,6,2,9,1300,0,1,3,,1,042,SR-98,"ROCKWOOD ROAD",1845.00,E,N,A,-,Y,IMP,,98," "," ",25.405,H,,R,Y,4,0,2,2,A,-,08,22107,,N,D,C,A,A,H,-,A,D,0,,,,,Y,,D,22,0,0,2,0,0,0,0,0,0,"- ","- ",32.679439544677734,-115.61544799804688,IMPERIAL,UNINCORPORATED,-115.61544799804688,32.679401397705078
92326346,2024,2024-02-29,9625,2024-01-03,1700,021232,,3,2,9,1300,0,2,4,,2,047,"FORRESTER ROAD","BLAIS ROAD",1584.00,N,N,A,-,N,,,,,,,,,,N,3,0,1,1,A,-,03,22350,,M,E,I,A,A,H,-,D,D,0,,,,,Y,,A,01,0,1,0,0,0,0,0,0,0,"- ","- ",32.95330810546875,-115.62425231933594,IMPERIAL,UNINCORPORATED,-115.62369537353516,32.952114105224609
92326834,2024,2024-02-29,9625,2024-02-19,1341,019582,,1,1,9,1300,0,3,5,,2,050,"BARBARA WORTH ROAD","ROSS ROAD",0.00,,Y,A,-,N,,,,,,,,,,Y,3,0,1,2,A,-,12,22450,A,N,D,C,A,A,H,-,A,A,0,,,,,Y,,A,01,0,1,0,0,0,0,0,0,0,"- ","- ",32.781089782714844,-115.43093109130859,IMPERIAL,UNINCORPORATED,-115.43076324462891,32.781150817871094
92326858,2024,2024-02-29,9625,2024-02-20,1437,019582,,2,2,9,1300,0,1,3,,1,054,SR-111,"ATEN ROAD",0.00,,Y,A,-,Y,IMP,,111," ",R,11.287,H,,R,Y,3,0,1,2,A,-,08,22107,,N,B,C,A,A,H,-,A,A,0,,,,,Y,,A,01,0,1,0,0,0,0,0,0,0,"- ","- ",32.825599670410156,-115.50009155273438,IMPERIAL,UNINCORPORATED,-115.50009918212891,32.825599670410156
92326952,2024,2024-02-29,9625,2024-02-21,1320,019667,,3,1,9,1300,0,1,3,,2,052,"STATE ROUTE 98","ANDERHOLT ROAD",772.00,E,N,A,-,Y,IMP,,98," "," ",37.774,H,,R,Y,3,0,1,1,A,-,03,22350,,N,F,A,A,A,H,-,A,D,0,,,Y,,Y,,C,02,0,1,0,0,0,0,0,0,1,"- ","- ",32.693778991699219,-115.41127777099609,IMPERIAL,UNINCORPORATED,-115.41127777099609,32.693798065185547
9232973,2021,2021-03-05,1304,2021-01-27,2221,325,ELCE,3,5,4,1304,0,0,0,,0,EAST,"5TH ST","BRIGHTON AV",25.00,N,N,A,-,N,,,,,,,,,,N,3,0,1,2,A,-,10,21954,B,N,G,B,E,A,H,-,C,D,0,Y,,,,Y,Y,-,,0,1,0,0,1,0,0,0,0,"- ","- ",,,IMPERIAL,"EL CENTRO",-115.55471801757812,32.789829254150391
92330175,2024,2024-03-05,9625,2024-02-20,"830 ",018773,,2,1,9,1300,0,2,4,,2,047,"WORTHINGTON ROAD","FORRESTER ROAD",0.00,,Y,A,-,N,,,,,,,,,,Y,3,0,3,3,A,-,09,21802,A,N,D,2,E,A,H,-,A,A,0,Y,,,,Y,,A,01,0,3,0,0,1,0,0,0,0,"- ","- ",32.847408294677734,-115.620849609375,IMPERIAL,UNINCORPORATED,-115.62075805664062,32.847389221191406
92331199,2024,2024-03-06,9625,2024-02-21,1535,019582,,3,2,9,1300,0,1,3,,2,053,"SR-111 S/B","HEBER ROAD",995.00,N,N,A,-,Y,IMP,,111," ",R,4.930,H,,L,Y,3,0,1,2,A,-,03,22350,,N,C,C,A,A,H,-,A,D,0,,,,,Y,,A,01,0,1,0,0,0,0,0,0,0,"- ","- ",32.733440399169922,-115.50057983398438,IMPERIAL,UNINCORPORATED,-115.50057220458984,32.733440399169922
92331281,2024,2024-03-06,9625,2024-02-23,"15  ",020771,,5,3,9,1300,0,1,3,,1,042,SR-98,"FERRELL RD.",2112.00,W,N,A,-,Y,IMP,,98," "," ",26.798,H,,R,Y,3,0,1,1,A,-,01,23152,A,N,F,0,A,A,H,-,D,D,0,,,,,Y,Y,A,07,0,1,0,0,0,0,0,0,0,"- ","- ",32.679531097412109,-115.59281921386719,IMPERIAL,UNINCORPORATED,-115.59281921386719,32.679576873779297
92331300,2024,2024-03-06,9625,2024-02-23,1835,019667,,5,2,9,1300,0,2,4,,2,047,"FORRESTER ROAD","EVAN HEWES HIGHWAY",84.00,S,N,A,-,N,,,,,,,,,,Y,3,0,3,2,A,-,03,22350,,N,C,C,A,A,H,-,D,A,0,,,,,Y,,A,01,0,1,2,0,0,0,0,0,0,"- ","- ",32.796260833740234,-115.62077331542969,IMPERIAL,UNINCORPORATED,-115.62078094482422,32.796329498291016
92332505,2024,2024-03-07,9625,2024-02-24,"643 ",018773,,6,1,9,1300,0,1,1,,2,002,"INTERSTATE 8 WESTBOUND",SR-98,34162.00,W,N,A,-,Y,IMP,,8," ",R,59.339,H,,L,Y,3,0,1,1,A,-,08,22107,,N,E,8,A,A,H,-,A,D,0,,,,,Y,,D,22,0,1,0,0,0,0,0,0,0,"- ","- ",32.743148803710938,-115.19243621826172,IMPERIAL,UNINCORPORATED,-115.19242095947266,32.743198394775391
92332755,2024,2024-03-07,9625,2024-02-27,1808,019582,,2,2,9,1300,0,1,3,,1,054,"SR-111 S/B","EVAN HEWES HIGHWAY",768.00,N,N,A,-,Y,IMP,,111," ",R,9.654,H,,L,Y,3,0,4,3,A,-,03,22350,,N,C,C,A,A,H,-,C,A,0,,,,,Y,,A,01,0,4,0,0,0,0,0,0,0,"- ","- ",32.801910400390625,-115.50063323974609,IMPERIAL,UNINCORPORATED,-115.50064849853516,32.801910400390625
92332812,2024,2024-03-07,9625,2024-02-29,1042,018930,,4,1,9,1300,0,1,3,,1,044,"SR-86 (N/B)","AUSTIN ROAD",4667.00,N,N,A,-,Y,IMP,,86," "," ",18.893,H,,R,Y,4,0,1,1,A,-,08,22107,,N,E,8,A,A,H,-,A,D,0,,,,,Y,,A,01,0,0,1,0,0,0,0,0,0,"- ","- ",32.956188201904297,-115.55303192138672,IMPERIAL,UNINCORPORATED,-115.55307006835938,32.956222534179688
92332849,2024,2024-03-07,9625,2024-03-07,"557 ",021107,,4,3,9,1300,0,1,3,,2,052,"STATE ROUTE 98","STATE ROUTE 7",70.00,E,N,B,-,Y,IMP,,98," "," ",39.698,H,,R,N,4,0,1,2,A,-,03,22350,,N,C,C,A,A,H,-,B,A,0,,,,,Y,,A,01,0,0,1,0,0,0,0,0,0,"- ","- ",32.693748474121094,-115.3785400390625,IMPERIAL,UNINCORPORATED,-115.3785400390625,32.693790435791016
92332858,2024,2024-03-07,9625,2024-03-04,1652,019225,,1,2,9,1300,0,3,5,,2,020,"KERSHAW ROAD","RUTHERFORD RD",2762.00,N,N,A,-,N,,,,,,,,,,Y,4,0,1,2,A,-,05,21650,,N,E,8,A,A,H,-,A,D,0,,,,,Y,,D,22,0,0,1,0,0,0,0,0,0,"- ","- ",33.051998138427734,-115.51252746582031,IMPERIAL,UNINCORPORATED,-115.5125732421875,33.051998138427734
92332870,2024,2024-03-07,9625,2024-02-20,2045,019667,,2,2,9,1300,0,3,5,,2,040,"WILD HORSE DRIVE","PAINTED COLT DRIVE",3.00,S,N,A,-,N,,,,,,,,,,Y,2,0,1,1,A,-,01,23152,A,N,E,8,A,A,H,-,C,D,0,,,Y,,Y,Y,C,02,1,0,0,0,0,0,0,0,1,"- ","- ",32.73931884765625,-115.53527069091797,IMPERIAL,UNINCORPORATED,-115.5352783203125,32.739421844482422
92333548,2024,2024-03-08,9625,2024-02-28,2325,020771,,3,3,9,1300,0,1,3,,1,012,"SR-86 S/B","TREADWELL BEND",6600.00,N,N,A,-,Y,IMP,,86," "," ",61.280,H,,L,Y,3,0,1,2,A,-,01,23152,A,M,E,8,A,A,H,-,D,D,0,,,,,Y,Y,A,01,0,1,0,0,0,0,0,0,0,"- ","- ",33.342689514160156,-116.01165008544922,IMPERIAL,UNINCORPORATED,-116.01168060302734,33.342674255371094
92333624,2024,2024-03-08,9625,2024-03-01,"25  ",020771,,5,3,9,1300,0,1,3,,2,053,"SR-111 N/B","HEBER RD.",3161.00,N,N,A,-,Y,IMP,,111," ",R,5.346,H,,R,Y,4,0,1,2,A,-,08,22107,,F,C,2,A,A,H,-,D,D,0,,,,,Y,,A,01,0,0,1,0,0,0,0,0,0,"- ","- ",32.73944091796875,-115.50047302246094,IMPERIAL,UNINCORPORATED,-115.50047302246094,32.73944091796875
92333702,2024,2024-03-08,9625,2024-03-06,1849,019225,,3,2,9,1300,0,1,3,,1,012,"SR-86 S/B","BRAWLEY AVENUE",1903.00,S,N,A,-,Y,IMP,,86," "," ",63.289,H,,L,Y,4,0,3,2,A,-,03,22350,,F,C,C,A,B,H,-,D,D,0,,,,,Y,,-,99,0,0,3,0,0,0,0,0,0,"- ","- ",33.369918823242188,-116.02339172363281,IMPERIAL,UNINCORPORATED,-116.02339935302734,33.369915008544922
92333779,2024,2024-03-08,9620,2024-03-04,1130,018247,,1,1,9,1300,0,3,5,,2,060,"EVAN HEWES HIGHWAY","GORDONS WELL RD",3991.00,W,N,A,-,Y,,,,,,,,,,N,2,0,1,1,A,-,03,22350,,N,F,A,A,A,H,-,A,D,0,,,Y,,Y,,C,02,1,0,0,0,0,0,0,0,1,"- ","- ",32.708850860595703,-114.97030639648438,IMPERIAL,UNINCORPORATED,-114.96990203857422,32.708911895751953
92333800,2024,2024-03-12,9625,2024-03-06,1850,019225,,3,2,9,1300,0,1,3,,1,012,"SR-86 S/B","BRAWLEY AVENUE",1863.00,S,N,C,-,Y,IMP,,86," "," ",63.290,H,,L,Y,4,0,2,2,A,-,03,22350,,N,C,C,A,B,H,-,D,A,0,,,,Y,Y,,G,25,0,0,2,0,0,0,0,0,0,"- ","- ",33.369930267333984,-116.02340698242188,IMPERIAL,UNINCORPORATED,-116.02340698242188,33.369930267333984
92333817,2024,2024-03-08,9625,2024-02-20,1809,018978,,2,2,9,1300,0,1,3,,1,021,"STATE ROUTE 111","ENGLISH ROAD",450.00,S,N,B,-,Y,IMP,,111," "," ",42.345,H,,R,Y,3,0,2,4,A,-,03,22350,,M,B,C,E,A,G,-,D,A,0,Y,,,,Y,,A,01,0,2,0,0,2,0,0,0,0,"- ","- ",33.256038665771484,-115.54306030273438,IMPERIAL,UNINCORPORATED,-115.54306030273438,33.256046295166016
92336561,2024,2024-03-12,9625,2024-03-02,2331,020516,,6,3,9,1300,0,3,5,,2,010,"FORRESTER ROAD","WEST WALKER ROAD",217.00,S,N,B,-,N,,,,,,,,,,Y,3,0,1,1,A,-,01,23152,A,N,E,8,A,A,H,-,D,A,0,,,,,Y,Y,D,22,0,1,0,0,0,0,0,0,0,"- ","- ",33.074089050292969,-115.62158966064453,IMPERIAL,UNINCORPORATED,-115.62165832519531,33.074108123779297
92336575,2024,2024-03-12,9625,2024-03-03,1642,020516,,7,2,9,1300,0,1,1,,2,001,"INTERSTATE 8 E/B","IN KO PAH PARK ROAD",6125.00,E,N,B,C,Y,IMP,,8," ",R,1.006,H,,R,Y,2,0,2,1,A,-,03,22350,,N,E,I,A,B,H,-,A,D,0,,,,,Y,,A,01,1,1,0,0,0,0,0,0,0,"- ","- ",32.657058715820312,-116.09690856933594,IMPERIAL,UNINCORPORATED,-116.09697723388672,32.657070159912109
92338182,2024,2024-03-14,9625,2024-03-02,1834,019582,,6,2,9,1300,0,1,3,,1,042,SR-98,"FERRELL ROAD",0.00,,Y,A,-,Y,IMP,,98," "," ",27.208,H,,R,Y,3,0,2,2,A,-,05,21650,,N,A,C,A,A,H,-,A,A,0,,,,,Y,,A,07,0,2,0,0,0,0,0,0,0,"- ","- ",32.679378509521484,-115.58589935302734,IMPERIAL,UNINCORPORATED,-115.58590698242188,32.679191589355469
92338287,2024,2024-03-14,9625,2024-03-05,1017,018930,,2,1,9,1300,0,2,4,,2,046,"COLE ROAD","DOGWOOD ROAD",0.00,,Y,A,-,N,,,,,,,,,,Y,4,0,1,2,A,-,09,21802,A,N,D,C,A,A,H,-,A,A,0,,,,,Y,,E,22,0,0,1,0,0,0,0,0,0,"- ","- ",32.693988800048828,-115.53395843505859,IMPERIAL,UNINCORPORATED,-115.53398132324219,32.694004058837891
92338607,2024,2024-03-14,9625,2024-03-04,"524 ",021107,,1,3,9,1300,0,1,3,,2,025,"STATE ROUTE 78","NINEMILE WASH",1056.00,W,N,A,-,Y,IMP,,78," "," ",50.308,H,,R,Y,2,0,2,1,A,-,01,23152,A,N,F,A,A,A,H,-,B,D,0,,,,,Y,Y,D,22,1,1,0,0,0,0,0,0,0,"- ","- ",33.076568603515625,-114.94465637207031,IMPERIAL,UNINCORPORATED,-114.94464111328125,33.076549530029297
92338622,2024,2024-03-14,9625,2024-03-07,"746 ",021107,,4,1,9,1300,0,3,5,,2,050,"HOLT ROAD","NORRISH ROAD",170.00,S,N,B,-,N,,,,,,,,,,Y,3,0,2,2,A,-,05,21460,C,N,B,C,A,B,H,-,A,D,0,,,,Y,Y,,A,01,0,2,0,0,0,0,0,0,0,"- ","- ",32.832199096679688,-115.38030242919922,IMPERIAL,UNINCORPORATED,-115.38028717041016,32.832294464111328
92338631,2024,2024-03-14,9625,2024-03-06,"513 ",019668,,3,3,9,1300,0,1,3,,1,054,"SR-111 NB","EVAN HEWES HIGHWAY",694.00,S,N,A,-,Y,IMP,,111," ",R,9.364,H,,R,Y,3,0,2,3,A,-,03,22350,,N,C,C,A,A,H,-,C,A,0,,,,,Y,,A,01,0,2,0,0,0,0,0,0,0,"- ","- ",32.797760009765625,-115.50048065185547,IMPERIAL,UNINCORPORATED,-115.50045776367188,32.797760009765625
92338713,2024,2024-03-14,9625,2024-03-11,1200,018617,,1,1,9,1300,0,3,5,,2,050,"OLD HIGHWAY 111","EVAN HEWES HIGHWAY",105.00,N,N,A,-,N,,,,,,,,,,N,4,0,1,2,A,-,09,21802,A,N,D,C,A,A,H,-,A,A,0,,,,,Y,,A,01,0,0,1,0,0,0,0,0,0,"- ","- ",32.799858093261719,-115.50164794921875,IMPERIAL,UNINCORPORATED,-115.50041961669922,32.800117492675781
92338720,2024,2024-03-14,9625,2024-03-13,"645 ",018279,,3,1,9,1300,0,3,5,,2,010,"BAUGHMAND ROAD","BRANDT ROAD",528.00,E,N,A,-,N,,,,,,,,,,N,3,0,1,2,A,-,08,22107,,N,E,J,F,A,H,-,B,D,0,Y,,,,Y,,A,07,0,1,0,0,1,0,0,0,0,"- ","- ",33.02996826171875,-115.55947875976562,IMPERIAL,UNINCORPORATED,-115.55970001220703,33.029994964599609
92340162,2024,2024-03-18,9625,2024-03-10,1321,021107,,7,1,9,1300,0,1,1,,2,001,"INTERSTATE 8 E/B","STATE ROUTE 98 W/B TO INTERSTATE 8 W/B O/C",8501.00,W,N,A,-,Y,IMP,,8," ",R,8.393,H,,R,Y,3,0,1,1,A,-,08,22107,,N,E,8,A,A,H,-,A,D,0,,,,,Y,,A,01,0,1,0,0,0,0,0,0,0,"- ","- ",32.720249176025391,-116.04682922363281,IMPERIAL,UNINCORPORATED,-116.04680633544922,32.72021484375
92340166,2024,2024-03-18,9625,2024-03-11,1225,018930,,1,1,9,1300,0,1,3,,2,052,"BARBARA WORTH ROAD",SR-98,0.00,,Y,A,-,Y,IMP,,98," "," ",36.631,H,,R,Y,4,0,1,2,A,-,09,21802,A,N,D,C,A,A,H,-,A,A,0,,,,,Y,,A,07,0,0,1,0,0,0,0,0,0,"- ","- ",32.693809509277344,-115.43096160888672,IMPERIAL,UNINCORPORATED,-115.43096160888672,32.693866729736328
92340167,2024,2024-03-18,9625,2024-03-10,1216,021107,,7,1,9,1300,0,1,3,,1,042,"STATE ROUTE 98 W/B","CLARK ROAD",150.00,W,N,A,-,N,,,,,,,,,,Y,3,0,2,2,A,-,09,21804,A,N,D,C,A,A,H,-,A,D,0,,,,,Y,,A,01,0,1,1,0,0,0,0,0,0,"- ","- ",32.679340362548828,-115.56053161621094,IMPERIAL,UNINCORPORATED,-115.56053161621094,32.679340362548828
92340954,2024,2024-03-18,9620,2024-03-07,1648,018464,T602,4,2,9,1300,0,1,1,,2,082,"I-8 WOF SR186",SR-186,200.00,W,N,B,-,Y,IMP,,8," ",R,90.586,H,,L,Y,4,0,1,2,A,-,03,22350,,N,C,C,A,A,H,-,A,D,0,,,,Y,Y,,G,25,0,0,1,0,0,0,0,0,0,"- ","- ",32.743949890136719,-114.72268676757812,IMPERIAL,UNINCORPORATED,-114.72269439697266,32.743927001953125
92341099,2024,2024-03-18,9625,2024-03-12,1235,018617,,2,1,9,1300,0,3,5,,2,050,"7TH STREET","HEBER AVENUE",0.00,,Y,A,-,N,,,,,,,,,,Y,4,0,1,2,A,-,09,21802,A,N,D,C,A,A,H,-,A,A,0,,,,,Y,,A,01,0,0,1,0,0,0,0,0,0,"- ","- ",32.731700897216797,-115.53003692626953,IMPERIAL,UNINCORPORATED,-115.53008270263672,32.731731414794922