CASE_ID,ACCIDENT_YEAR,PROC_DATE,JURIS,COLLISION_DATE,COLLISION_TIME,OFFICER_ID,REPORTING_DISTRICT,DAY_OF_WEEK,CHP_SHIFT,POPULATION,CNTY_CITY_LOC,SPECIAL_COND,BEAT_TYPE,CHP_BEAT_TYPE,CITY_DIVISION_LAPD,CHP_BEAT_CLASS,BEAT_NUMBER,PRIMARY_RD,SECONDARY_RD,DISTANCE,DIRECTION,INTERSECTION,WEATHER_1,WEATHER_2,STATE_HWY_IND,CALTRANS_COUNTY,CALTRANS_DISTRICT,STATE_ROUTE,ROUTE_SUFFIX,POSTMILE_PREFIX,POSTMILE,LOCATION_TYPE,RAMP_INTERSECTION,SIDE_OF_HWY,TOW_AWAY,COLLISION_SEVERITY,NUMBER_KILLED,NUMBER_INJURED,PARTY_COUNT,PRIMARY_COLL_FACTOR,PCF_CODE_OF_VIOL,PCF_VIOL_CATEGORY,PCF_VIOLATION,PCF_VIOL_SUBSECTION,HIT_AND_RUN,TYPE_OF_COLLISION,MVIW,PED_ACTION,ROAD_SURFACE,ROAD_COND_1,ROAD_COND_2,LIGHTING,CONTROL_DEVICE,CHP_ROAD_TYPE,PEDESTRIAN_ACCIDENT,BICYCLE_ACCIDENT,MOTORCYCLE_ACCIDENT,TRUCK_ACCIDENT,NOT_PRIVATE_PROPERTY,ALCOHOL_INVOLVED,STWD_VEHTYPE_AT_FAULT,CHP_VEHTYPE_AT_FAULT,COUNT_SEVERE_INJ,COUNT_VISIBLE_INJ,COUNT_COMPLAINT_PAIN,COUNT_PED_KILLED,COUNT_PED_INJURED,COUNT_BICYCLIST_KILLED,COUNT_BICYCLIST_INJURED,COUNT_MC_KILLED,COUNT_MC_INJURED,PRIMARY_RAMP,SECONDARY_RAMP,LATITUDE,LONGITUDE,COUNTY,CITY,POINT_X,POINT_Y
92341115,2024,2024-03-18,9625,2024-03-12,1758,019582,,2,2,9,1300,0,3,5,,2,050,"MENVIELLE RD.","GATEWAY RD.",0.00,,Y,A,-,N,,,,,,,,,,N,3,0,1,2,A,-,08,22107,,N,B,C,A,A,H,-,A,A,0,,,Y,Y,Y,,F,25,0,1,0,0,0,0,0,0,1,"- ","- ",32.690250396728516,-115.38726043701172,IMPERIAL,UNINCORPORATED,-115.38719940185547,32.690338134765625
92341718,2024,2024-03-19,9625,2024-03-15,1105,018279,,5,1,9,1300,0,1,3,,2,056,SR-115,SR-78,0.00,,Y,B,-,Y,IMP,,115," "," ",21.170,H,,R,Y,4,0,1,2,A,-,08,22107,,N,A,C,A,A,H,-,A,A,0,,,,Y,Y,,G,27,0,0,1,0,0,0,0,0,0,"- ","- ",32.974258422851562,-115.40795135498047,IMPERIAL,UNINCORPORATED,-115.40799713134766,32.974143981933594
9234372,2021,2021-04-15,1304,2021-03-24,1704,358,,3,5,4,1304,0,0,0,,0,EAST,"8TH ST","PARK AV",0.00,,Y,A,-,N,,,,,,,,,,Y,3,0,1,2,A,-,09,21801,A,N,D,C,A,A,H,-,-,-,0,,,,,Y,,-,,0,1,0,0,0,0,0,0,0,"- ","- ",32.795879364013672,-115.56134033203125,IMPERIAL,"EL CENTRO",-115.56147003173828,32.795783996582031
9234373,2021,2021-04-15,1304,2021-03-10,1543,358,,3,5,4,1304,0,0,0,,0,WEST,BRADSHAW,IMPERIAL,0.00,W,N,A,-,N,,,,,,,,,,Y,3,0,1,2,A,-,09,21804,A,N,D,C,A,A,H,-,A,D,0,,,,,Y,,-,,0,1,0,0,0,0,0,0,0,"- ","- ",32.811149597167969,-115.57192993164062,IMPERIAL,"EL CENTRO",-115.56999969482422,32.811073303222656
9234374,2021,2021-04-15,1304,2021-03-24,1515,332,EAST,3,5,4,1304,0,0,0,,0,EAST,7TH,EUCLID,0.00,,Y,A,-,N,,,,,,,,,,Y,4,0,1,2,A,-,09,21800,A,N,D,C,A,A,H,-,A,D,0,,,,,Y,,A,07,0,0,1,0,0,0,0,0,0,"- ","- ",32.798431396484375,-115.55924224853516,IMPERIAL,"EL CENTRO",-115.55924224853516,32.798374176025391
9234375,2021,2021-04-15,1304,2021-03-25,1557,360,EAST,4,5,4,1304,0,0,0,,0,EAST,5TH,OLIVE,0.00,,Y,A,-,N,,,,,,,,,,N,3,0,1,2,A,-,09,21802,A,N,D,C,A,A,H,-,A,A,0,,,,,Y,,A,01,0,1,0,0,0,0,0,0,0,"- ","- ",,,IMPERIAL,"EL CENTRO",-115.55471801757812,32.790752410888672
92343839,2024,2024-03-21,9620,2024-03-17,1400,020054,,7,2,9,1300,0,3,5,,2,070,"SENATOR WASH RD","MCKINLEY RD",4858.00,N,N,A,-,N,,,,,,,,,,Y,3,0,1,1,C,-,18,,,N,H,H,A,A,H,-,A,D,0,,,,,Y,,-,"- ",0,1,0,0,0,0,0,0,0,"- ","- ",32.896221160888672,-114.49449920654297,IMPERIAL,UNINCORPORATED,-114.49449920654297,32.896083831787109
92344155,2024,2024-03-21,9620,2024-03-14,1303,019291,,4,1,9,1300,0,1,1,,2,082,"I-8 E/B","SIDEWINDER RD",5808.00,W,N,A,-,Y,,,,,,,,,,N,2,0,1,2,A,-,03,22350,,N,C,C,A,A,H,-,A,D,0,,,,Y,Y,,A,01,1,0,0,0,0,0,0,0,0,"- ","- ",,,IMPERIAL,UNINCORPORATED,-114.75862121582031,32.747001647949219
92344333,2024,2024-03-22,9625,2024-03-17,"450 ",021107,,7,3,9,1300,0,3,5,,2,040,"AUSTIN ROAD","WAHL ROAD",0.00,,Y,A,-,N,,,,,,,,,,Y,4,0,1,1,A,-,03,22350,,N,E,8,A,A,H,-,A,D,0,,,,,Y,,D,22,0,0,1,0,0,0,0,0,0,"- ","- ",32.723381042480469,-115.59499359130859,IMPERIAL,UNINCORPORATED,-115.59493255615234,32.723442077636719
92345398,2024,2024-03-28,9625,2024-03-18,"758 ",018617,,1,1,9,1300,0,1,3,,2,053,"SR-111 (N/B)","INTERSTATE 8",228.00,N,N,A,-,Y,IMP,,111," ",R,7.772,H,,R,Y,3,0,2,2,A,-,03,22350,,N,F,A,A,A,H,-,A,D,0,,,Y,,Y,,C,02,0,1,1,0,0,0,0,0,1,"- ","- ",32.774639129638672,-115.50115966796875,IMPERIAL,UNINCORPORATED,-115.50112152099609,32.774642944335938
92345399,2024,2024-03-25,9625,2024-03-19,1815,019225,,2,2,9,1300,0,3,5,,2,010,"N. MARINA DRIVE","ATLANTIC BLVD",0.00,,Y,A,-,N,,,,,,,,,,Y,4,0,3,3,A,-,03,22350,,N,C,C,A,A,H,-,A,D,0,,Y,,,Y,,A,01,0,0,3,0,0,0,1,0,0,"- ","- ",33.321731567382812,-115.95935821533203,IMPERIAL,UNINCORPORATED,-115.95938110351562,33.32171630859375
92345405,2024,2024-03-25,9625,2024-03-18,"700 ",021107,,1,1,9,1300,0,3,5,,2,050,"HAWK STREET","VALLEY BOULEVARD",56.00,E,N,A,-,N,,,,,,,,,,N,2,0,2,3,A,-,03,22350,,N,G,B,D,A,H,-,B,D,0,Y,,,,Y,,D,22,2,0,0,0,2,0,0,0,0,"- ","- ",32.734828948974609,-115.5318603515625,IMPERIAL,UNINCORPORATED,-115.53193664550781,32.734840393066406
92345420,2024,2024-03-25,9625,2024-03-19,1049,018279,,2,1,9,1300,0,2,4,,2,045,"EVAN HEWES HIGHWAY","SILSBEE ROAD",0.00,,Y,A,-,N,,,,,,,,,,Y,3,0,1,2,A,-,12,22450,A,N,D,C,A,A,H,-,A,A,0,,,,,Y,,A,01,0,1,0,0,0,0,0,0,0,"- ","- ",32.796588897705078,-115.64646911621094,IMPERIAL,UNINCORPORATED,-115.64644622802734,32.796566009521484
92348630,2024,2024-03-27,9625,2024-03-15,1521,019582,,5,2,9,1300,0,3,5,,2,050,"ROSS ROAD","OLD HWY 111",807.00,W,N,A,-,N,,,,,,,,,,Y,3,0,1,2,A,-,08,22107,,N,C,C,A,A,H,-,A,D,0,,,Y,,Y,,A,01,0,1,0,0,0,0,0,0,1,"- ","- ",32.781471252441406,-115.50498962402344,IMPERIAL,UNINCORPORATED,-115.50395965576172,32.781490325927734
92348653,2024,2024-03-27,9620,2024-03-17,"250 ",021051,,7,3,9,1300,0,1,1,,2,081,"I-8 E/B","GORDON'S WELL RD",8976.00,W,N,A,-,Y,IMP,,8," ",R,71.597,H,,R,Y,2,0,1,2,A,-,07,21658,A,F,C,2,A,A,H,-,D,A,0,,,,,Y,,D,22,1,0,0,0,0,0,0,0,0,"- ","- ",32.707809448242188,-114.98947906494141,IMPERIAL,UNINCORPORATED,-114.98947906494141,32.707801818847656
92349861,2024,2024-03-28,9625,2024-03-18,"45  ",021232,,1,3,9,1300,0,1,3,,1,012,"STATE ROUTE 86 S/B","MONTEREY AVENUE",700.00,N,N,A,-,Y,IMP,,86," "," ",66.000,H,,L,N,4,0,1,2,A,-,03,22350,,N,C,D,A,A,H,-,C,D,0,,,,,Y,,D,22,0,0,1,0,0,0,0,0,0,"- ","- ",33.403411865234375,-116.04569244384766,IMPERIAL,UNINCORPORATED,-116.04571533203125,33.403408050537109
92349902,2024,2024-03-28,9625,2024-03-18,1418,019582,,1,2,9,1300,0,3,5,,2,050,"BOWKER RD.",I-8,1268.00,N,N,A,-,N,,,,,,,,,,Y,4,0,2,2,A,-,08,22107,,N,B,C,A,A,H,-,A,D,0,,,,,Y,,A,01,0,0,2,0,0,0,0,0,0,"- ","- ",32.777271270751953,-115.473876953125,IMPERIAL,UNINCORPORATED,-115.47383117675781,32.775966644287109
92349945,2024,2024-03-28,9625,2024-03-21,"820 ",018279,,4,1,9,1300,0,1,1,,2,001,"INTERSTATE 8 EASTBOUND",SR-98,10560.00,W,N,A,-,Y,IMP,,8," ",R,8.049,H,,R,Y,4,0,1,1,A,-,08,22107,,N,F,A,A,A,H,-,A,D,0,,,,,Y,,A,01,0,0,1,0,0,0,0,0,0,"- ","- ",32.716831207275391,-116.05108642578125,IMPERIAL,UNINCORPORATED,-116.05106353759766,32.716812133789062
92350724,2024,2024-03-29,9625,2024-03-25,"355 ",019668,,1,3,9,1300,0,3,5,,2,050,"AUSTIN ROAD",SR-86,150.00,W,N,A,-,N,,,,,,,,,,Y,4,0,1,1,A,-,03,22350,,N,E,I,A,A,H,-,D,D,0,,,,,Y,,A,01,0,0,1,0,0,0,0,0,0,"- ","- ",32.950759887695312,-115.56735229492188,IMPERIAL,UNINCORPORATED,-115.56742858886719,32.950733184814453
92350765,2024,2024-03-29,9625,2024-03-26,1830,019225,,2,2,9,1300,0,1,1,,2,003,"INTERSTATE 8 EASTBOUND","AUSTIN RD",2026.00,E,N,A,-,Y,IMP,,8," ",R,35.873,H,,R,Y,3,0,1,1,A,-,08,22107,,N,F,A,A,A,H,-,A,D,0,,,,,Y,,A,01,0,1,0,0,0,0,0,0,0,"- ","- ",32.773849487304688,-115.58833312988281,IMPERIAL,UNINCORPORATED,-115.58833312988281,32.773815155029297
92351190,2024,2024-04-01,9625,2024-03-16,1850,022010,,6,2,9,1300,0,1,1,,2,001,"INTERSTATE 8 E/B","MOUNTAIN SPRINGS ROAD",3696.00,W,N,A,-,Y,SD,,8," ",H,2.257,H,,R,Y,2,0,1,1,A,-,08,22107,,N,F,A,A,B,H,-,D,A,0,,,Y,,Y,,C,02,1,0,0,0,0,0,0,0,1,"- ","- ",32.671619415283203,-116.10581970214844,IMPERIAL,UNINCORPORATED,-116.10585784912109,32.671600341796875
92351193,2024,2024-04-01,9625,2024-03-20,1745,022010,,3,2,9,1300,0,1,3,,2,053,"STATE ROUTE 111 N/B","HEBER ROAD",100.00,S,N,A,-,Y,IMP,,111," ",R,4.717,H,,R,N,4,0,1,2,A,-,03,22350,,N,C,C,A,A,H,-,A,A,0,,,,,Y,,A,01,0,0,1,0,0,0,0,0,0,"- ","- ",32.730331420898438,-115.50034332275391,IMPERIAL,UNINCORPORATED,-115.50031280517578,32.730331420898438
92351197,2024,2024-05-28,9625,2024-03-25,"620 ",018930,,1,1,9,1300,0,2,4,,2,045,"EVAN HEWES HIGHWAY","EL CENTRO AVENUE",236.00,W,N,A,-,N,,,,,,,,,,Y,4,0,2,2,A,-,03,22350,,N,C,C,A,A,H,-,B,D,0,,,,,Y,,A,01,0,0,2,0,0,0,0,0,0,"- ","- ",32.796058654785156,-115.67799377441406,IMPERIAL,UNINCORPORATED,-115.67786407470703,32.796127319335938
92352946,2024,2024-04-02,9620,2024-03-22,1340,017837,,5,1,9,1300,0,1,3,,1,063,"OGILBY ROAD",SR-78,1056.00,S,N,A,-,N,,,,,,,,,,N,3,0,1,2,A,-,08,22107,,N,B,C,A,A,H,-,A,D,0,,,,,Y,,A,01,0,1,0,0,0,0,0,0,0,"- ","- ",33.082660675048828,-114.91127014160156,IMPERIAL,UNINCORPORATED,-114.91129302978516,33.082607269287109
92354100,2024,2024-04-03,9625,2024-03-24,2252,021232,,7,3,9,1300,0,1,1,,2,005,"INTERSTATE 8 E/B","MILLER ROAD",2806.00,W,N,A,-,Y,IMP,,8," ",R,52.076,H,,R,Y,3,0,1,3,A,-,01,23152,F,N,B,2,A,A,H,-,D,D,0,,,,Y,Y,,A,01,0,1,0,0,0,0,0,0,0,"- ","- ",32.773189544677734,-115.30998229980469,IMPERIAL,UNINCORPORATED,-115.30998229980469,32.773181915283203
92354113,2024,2024-04-03,9625,2024-03-27,1041,018773,,3,1,9,1300,0,3,5,,2,040,"AUSTIN ROAD","ATEN ROAD",1478.00,S,N,A,-,N,,,,,,,,,,Y,4,0,1,1,A,-,08,22107,,N,E,I,A,A,H,-,A,D,0,,,,,Y,,A,01,0,0,1,0,0,0,0,0,0,"- ","- ",32.821331024169922,-115.59490966796875,IMPERIAL,UNINCORPORATED,-115.59496307373047,32.82147216796875
92354961,2024,2024-04-03,9625,2024-03-30,1220,018773,,6,1,9,1300,0,3,5,,2,040,"WEST MCCABE ROAD","DOGWOOD ROAD",30.00,W,N,B,-,N,,,,,,,,,,N,4,0,4,2,A,-,03,22350,,N,C,C,A,A,H,-,A,A,0,,,,,Y,,A,01,0,0,4,0,0,0,0,0,0,"- ","- ",32.752311706542969,-115.53511810302734,IMPERIAL,UNINCORPORATED,-115.53502655029297,32.752368927001953
92355004,2024,2024-04-03,9625,2024-03-30,1412,020516,,6,2,9,1300,0,2,4,,2,046,"DOGWOOD ROAD","SCHARTZ ROAD",0.00,,Y,B,-,N,,,,,,,,,,N,3,0,1,2,A,-,05,21752,D,N,D,C,A,B,H,-,A,D,0,,,Y,,Y,,A,01,0,1,0,0,0,0,0,0,1,"- ","- ",32.941810607910156,-115.53556060791016,IMPERIAL,UNINCORPORATED,-115.53553771972656,32.941791534423828
92356066,2024,2024-04-04,9625,2024-03-29,2350,017901,,5,3,9,1300,0,1,1,,2,005,"INTERSTATE 8 E/B","STATE ROUTE 115",2640.00,E,N,A,-,Y,IMP,,8," ",R,53.945,H,,R,Y,2,0,4,1,A,-,08,22107,,N,E,8,A,A,H,-,D,D,0,,,,,Y,,A,01,2,2,0,0,0,0,0,0,0,"- ","- ",32.770069122314453,-115.27876281738281,IMPERIAL,UNINCORPORATED,-115.27880859375,32.77001953125
92359922,2024,2024-04-09,9625,2024-03-27,"130 ",018978,,3,3,9,1300,0,3,5,,2,040,"ATEN ROAD","SILSBEE ROAD",18.00,W,N,A,-,N,,,,,,,,,,Y,3,0,1,1,A,-,01,23152,A,N,E,8,A,A,H,-,D,A,0,,,,,Y,Y,A,01,0,1,0,0,0,0,0,0,0,"- ","- ",32.825531005859375,-115.64634704589844,IMPERIAL,UNINCORPORATED,-115.64649200439453,32.825531005859375
92360272,2024,2024-04-09,9620,2024-04-02,1555,017837,QUECH,2,2,9,1300,0,1,1,,2,082,"I-8 E/B","WINTERHAVEN DR/ 4TH AVE.",1584.00,W,N,A,-,Y,IMP,,8," ",R,96.192,H,,R,N,3,0,1,1,C,-,18,,,N,F,A,A,A,H,-,A,D,0,,,,,Y,Y,-,"- ",0,1,0,0,0,0,0,0,0,"- ","- ",32.732738494873047,-114.63054656982422,IMPERIAL,UNINCORPORATED,-114.63051605224609,32.732898712158203
92361105,2024,2024-04-10,9625,2024-04-01,2143,020771,,1,2,9,1300,0,1,1,,2,002,"INTERSTATE 8 W/B","MOUNTAIN SPRINGS ROAD",8448.00,E,N,A,-,Y,IMP,,8," ",R,4.984,H,,L,Y,3,0,1,1,C,-,18,,,N,E,J,A,A,H,-,D,D,0,,,,,Y,,-,"- ",0,1,0,0,0,0,0,0,0,"- ","- ",32.699249267578125,-116.08126831054688,IMPERIAL,UNINCORPORATED,-116.08121490478516,32.699214935302734
92361211,2024,2024-04-10,9625,2024-03-31,1412,020516,,7,2,9,1300,0,3,5,,2,040,"CLARK ROAD","WILLOUGHBY ROAD",0.00,,Y,B,C,N,,,,,,,,,,Y,4,0,1,2,A,-,09,21800,A,N,D,2,A,B,H,-,A,A,0,,,,,Y,,A,01,0,0,1,0,0,0,0,0,0,"- ","- ",32.708480834960938,-115.55986022949219,IMPERIAL,UNINCORPORATED,-115.55991363525391,32.708511352539062
92361443,2024,2024-04-10,9625,2024-04-05,1440,019668,,5,2,9,1300,0,3,5,,2,040,"KUBLER ROAD","BROCKMAN ROAD",0.00,,Y,G,-,N,,,,,,,,,,Y,4,0,2,2,A,-,12,22450,A,N,D,C,A,A,H,-,A,A,0,,,,,Y,,D,22,0,0,2,0,0,0,0,0,0,"- ","- ",32.694709777832031,-115.63951873779297,IMPERIAL,UNINCORPORATED,-115.63954925537109,32.694679260253906
92362215,2024,2024-04-11,9625,2024-04-05,2020,019668,,5,2,9,1300,0,1,1,,2,001,"I-8 EB","IN KO PAH PARK ROAD",3195.00,E,N,C,G,Y,IMP,,8," ",R,0.752,H,,R,Y,3,0,3,1,A,-,03,22350,,N,E,J,A,B,H,-,D,D,0,,,,,Y,,A,01,0,2,1,0,0,0,0,0,0,"- ","- ",32.653820037841797,-116.09886932373047,IMPERIAL,UNINCORPORATED,-116.09880065917969,32.653781890869141
92362306,2024,2024-04-11,9625,2024-04-07,2030,019225,,7,2,9,1300,0,1,3,,2,052,SR-98,"BARBARA WORTH ROAD",2429.00,E,N,A,-,Y,IMP,,98," "," ",37.096,H,,R,N,4,0,1,2,A,-,08,22107,,F,B,C,A,A,H,-,D,D,0,,,,,Y,,D,22,0,0,1,0,0,0,0,0,0,"- ","- ",32.693931579589844,-115.42294311523438,IMPERIAL,UNINCORPORATED,-115.42294311523438,32.693832397460938
92362472,2024,2024-04-11,9625,2024-04-03,1015,017727,,3,1,9,1300,0,1,3,,1,021,SR-111,"DOWDEN ROAD",1162.00,S,N,A,-,Y,IMP,,111," "," ",29.780,H,,R,Y,3,0,1,2,A,-,05,21650,,N,B,C,A,A,H,-,A,D,0,,,,Y,Y,,A,01,0,1,0,0,0,0,0,0,0,"- ","- ",33.086559295654297,-115.51731872558594,IMPERIAL,UNINCORPORATED,-115.517333984375,33.086574554443359
92363443,2024,2024-04-12,9620,2024-04-07,1305,023748,QUECH,7,1,9,1300,0,2,4,,1,075,"WINTERHAVEN DR","I-8 W/B TO WINTERHAVEN DRIVE",0.00,,Y,A,-,N,,,,,,,,,,Y,3,0,1,2,A,-,09,21802,A,N,D,C,A,A,H,-,A,A,0,,,,,Y,,A,01,0,1,0,0,0,0,0,0,0,"- ","- ",32.732398986816406,-114.62451934814453,IMPERIAL,UNINCORPORATED,-114.62458038330078,32.732433319091797
92365348,2024,2024-04-16,9620,2024-04-07,1510,023748,T602,7,2,9,1300,0,3,5,,2,070,"PICACHO RD","ALL AMERICAN CANAL",6336.00,N,N,A,-,N,,,,,,,,,,Y,2,0,2,1,A,-,08,22107,,N,F,8,A,A,H,-,A,D,0,,,,,Y,,D,22,1,1,0,0,0,0,0,0,0,"- ","- ",32.812271118164062,-114.62178039550781,IMPERIAL,UNINCORPORATED,-114.62208699999999,32.812669999999997
92366998,2024,2024-04-17,9620,2024-04-09,1145,016222,,2,1,9,1300,0,2,4,,1,072,"WINTERHAVEN DR","E/B I-8 TO WINTERHAVEN DR",0.00,,Y,A,-,N,,,,,,,,,,N,4,0,1,2,A,-,03,22350,,N,C,C,A,A,H,-,A,D,0,,,,,Y,,D,22,0,0,1,0,0,0,0,0,0,"- ","- ",32.731349945068359,-114.62458801269531,IMPERIAL,UNINCORPORATED,-114.62458038330078,32.732433319091797
92367976,2024,2024-04-18,9625,2024-04-09,1035,021232,,2,1,9,1300,0,3,5,,2,040,"DREW ROAD","EVAN HEWES HIGHWAY",0.00,,Y,A,-,Y,,,,,,,,,,N,4,0,1,2,A,-,09,21800,A,F,D,C,A,A,H,-,A,A,0,,,,,Y,Y,D,22,0,0,1,0,0,0,0,0,0,"- ","- ",32.790950775146484,-115.69055938720703,IMPERIAL,UNINCORPORATED,-115.69049835205078,32.79107666015625
92368152,2024,2024-04-18,9625,2024-04-13,1020,021232,,6,1,9,1300,0,1,3,,1,042,"CLARK ROAD",SR-98,27.00,N,N,A,-,Y,IMP,,98," "," ",28.739,H,,R,N,4,0,1,3,A,-,09,21802,A,N,D,C,A,A,H,-,A,A,0,,,,,Y,,A,08,0,0,1,0,0,0,0,0,0,"- ","- ",32.679439544677734,-115.55973815917969,IMPERIAL,UNINCORPORATED,-115.55973815917969,32.679340362548828
92368216,2024,2024-04-18,9625,2024-04-07,"525 ",017727,,7,3,9,1300,0,1,3,,1,012,"SR-86 N/B","DESERT SHORES DRIVE",1214.00,N,N,A,-,N,,,,,,,,,,Y,4,0,1,1,A,-,08,22107,,N,E,I,A,A,H,-,D,D,0,,,,,Y,,A,08,0,0,1,0,0,0,0,0,0,"- ","- ",33.408748626708984,-116.04660034179688,IMPERIAL,UNINCORPORATED,-116.04666137695312,33.408714294433594
92368234,2024,2025-06-26,9625,2024-04-07,1452,018978,,7,2,9,1300,0,3,5,,2,010,"ANDRE ROAD","FORRESTER ROAD",0.00,,Y,A,-,N,,,,,,,,,,Y,3,0,3,2,A,-,09,21802,A,N,D,C,A,A,H,-,A,A,0,,,,,Y,,A,01,0,3,0,0,0,0,0,0,0,"- ","- ",33.015548706054688,-115.62155151367188,IMPERIAL,UNINCORPORATED,-115.62154388427734,33.015590667724609
92369171,2024,2024-04-19,9625,2024-04-10,"415 ",022010,,3,3,9,1300,0,1,1,,2,006,"INTERSTATE 8 W/B","MELOLAND ROAD",2112.00,E,N,A,-,Y,IMP,,8," ",R,44.137,H,,L,Y,4,0,1,1,A,-,08,22107,,N,F,0,A,A,H,-,D,A,0,,,,,Y,,A,01,0,0,1,0,0,0,0,0,0,"- ","- ",32.773571014404297,-115.44637298583984,IMPERIAL,UNINCORPORATED,-115.44637298583984,32.773651123046875
92369179,2024,2024-04-22,9625,2024-04-09,2325,021994,,2,3,9,1300,0,1,1,,2,006,"INTERSTATE 8 WESTBOUND","STATE ROUTE 98",31680.00,W,N,A,-,Y,IMP,,8," ",R,59.795,H,,L,Y,3,0,1,2,A,-,08,22107,,N,B,C,A,A,H,-,D,D,0,,,,,Y,,D,22,0,1,0,0,0,0,0,0,0,"- ","- ",32.740928649902344,-115.18506622314453,IMPERIAL,UNINCORPORATED,-115.18506622314453,32.740936279296875
92372113,2024,2024-04-22,9625,2024-04-12,1315,016248,,5,1,9,1300,0,3,5,,2,050,"HEBER AVE.","10TH STREET",109.00,N,N,A,-,N,,,,,,,,,,N,4,0,1,2,A,-,09,21801,A,N,D,C,A,A,H,-,A,D,0,,,,,Y,,A,01,0,0,1,0,0,0,0,0,0,"- ","- ",32.728900909423828,-115.53005218505859,IMPERIAL,UNINCORPORATED,-115.53005218505859,32.728847503662109
92372323,2024,2024-04-22,9625,2024-04-12,2030,019225,,5,2,9,1300,0,3,5,,2,020,"SMITH ROAD","TITSWORTH RD",0.00,,Y,A,-,N,,,,,,,,,,Y,4,0,3,1,A,-,03,22350,,N,E,I,A,A,H,-,D,A,0,,,,,Y,,A,01,0,0,3,0,0,0,0,0,0,"- ","- ",33.074790954589844,-115.50070953369141,IMPERIAL,UNINCORPORATED,-115.50058746337891,33.074764251708984
92372339,2024,2024-04-22,9625,2024-04-16,1255,020111,,2,1,9,1300,0,1,3,,1,054,"ATEN ROAD","STATE ROUTE 111",0.00,,Y,A,-,Y,IMP,,111," ",R,11.288,H,,L,N,4,0,1,2,A,-,03,22350,,N,C,C,A,A,H,-,A,A,0,,,,,Y,,A,01,0,0,1,0,0,0,0,0,0,"- ","- ",32.825630187988281,-115.50048828125,IMPERIAL,UNINCORPORATED,-115.50035095214844,32.825626373291016
92372366,2024,2024-04-22,9625,2024-04-10,1430,019668,,3,2,9,1300,0,2,4,,2,045,"EVAN HEWES HIGHWAY","CARRISO AVE",1307.00,W,N,A,-,N,,,,,,,,,,Y,3,0,1,1,A,-,08,22107,,N,E,I,A,A,H,-,A,D,0,,,,,Y,,A,01,0,1,0,0,0,0,0,0,0,"- ","- ",32.791080474853516,-115.78341674804688,IMPERIAL,UNINCORPORATED,-115.783252,32.791127000000003
92373455,2024,2024-06-13,9625,2024-04-19,"335 ",020996,,5,3,9,1300,0,3,5,,2,010,"BORREGO SALTON SEAWAY","LAKE VIEW COURT",1402.00,W,N,A,-,N,,,,,,,,,,Y,3,0,1,3,A,-,05,21650,,N,B,2,A,A,H,-,D,D,0,,,,,Y,,A,01,0,1,0,0,0,0,0,0,0,"- ","- ",33.270050048828125,-115.98860168457031,IMPERIAL,UNINCORPORATED,-115.98859405517578,33.270069122314453
92373983,2024,2024-04-24,9625,2024-04-22,1440,019225,,1,2,9,1300,0,1,3,,2,024,SR-78,"TED KIPF ROAD",7920.00,W,N,A,-,Y,IMP,,78," "," ",39.742,H,,R,N,4,0,1,2,A,-,03,22350,,N,C,C,A,A,H,-,A,D,0,,,,,Y,,A,07,0,0,1,0,0,0,0,0,0,"- ","- ",32.994800567626953,-115.09294891357422,IMPERIAL,UNINCORPORATED,-115.09294891357422,32.994823455810547
92374089,2024,2024-04-24,9625,2024-04-22,1705,018933,,1,2,9,1300,0,3,5,,2,050,"KLOKE ROAD","MADDOX ROAD",0.00,,Y,A,-,N,,,,,,,,,,Y,4,0,1,2,A,-,09,21802,A,N,D,C,A,A,H,-,A,A,0,,,,,Y,,A,01,0,0,1,0,0,0,0,0,0,"- ","- ",32.690380096435547,-115.51656341552734,IMPERIAL,UNINCORPORATED,-115.51657104492188,32.690349578857422
92374125,2024,2024-04-24,9625,2024-04-19,"520 ",020771,,5,3,9,1300,0,1,3,,2,055,SR-115,"SNYDER RD.",0.00,,Y,A,-,Y,IMP,,115," ",R,7.242,H,,R,Y,3,0,1,2,A,-,05,21650,,N,A,C,A,A,H,-,D,A,0,,,,,Y,,A,01,0,1,0,0,0,0,0,0,0,"- ","- ",32.811168670654297,-115.33702850341797,IMPERIAL,UNINCORPORATED,-115.33702850341797,32.811138153076172
92374382,2024,2024-04-24,9620,2024-04-14,1815,023748,T602,7,2,9,1300,0,2,4,,1,072,"WINTERHAVEN DR","THIRD AVENUE",1584.00,W,N,A,-,N,,,,,,,,,,Y,2,0,2,2,A,-,03,22350,,N,D,C,A,A,H,-,B,D,0,,,,,Y,Y,A,01,1,1,0,0,0,0,0,0,0,"- ","- ",32.739971160888672,-114.64190673828125,IMPERIAL,UNINCORPORATED,-114.64249420166016,32.740123748779297