CASE_ID,ACCIDENT_YEAR,PROC_DATE,JURIS,COLLISION_DATE,COLLISION_TIME,OFFICER_ID,REPORTING_DISTRICT,DAY_OF_WEEK,CHP_SHIFT,POPULATION,CNTY_CITY_LOC,SPECIAL_COND,BEAT_TYPE,CHP_BEAT_TYPE,CITY_DIVISION_LAPD,CHP_BEAT_CLASS,BEAT_NUMBER,PRIMARY_RD,SECONDARY_RD,DISTANCE,DIRECTION,INTERSECTION,WEATHER_1,WEATHER_2,STATE_HWY_IND,CALTRANS_COUNTY,CALTRANS_DISTRICT,STATE_ROUTE,ROUTE_SUFFIX,POSTMILE_PREFIX,POSTMILE,LOCATION_TYPE,RAMP_INTERSECTION,SIDE_OF_HWY,TOW_AWAY,COLLISION_SEVERITY,NUMBER_KILLED,NUMBER_INJURED,PARTY_COUNT,PRIMARY_COLL_FACTOR,PCF_CODE_OF_VIOL,PCF_VIOL_CATEGORY,PCF_VIOLATION,PCF_VIOL_SUBSECTION,HIT_AND_RUN,TYPE_OF_COLLISION,MVIW,PED_ACTION,ROAD_SURFACE,ROAD_COND_1,ROAD_COND_2,LIGHTING,CONTROL_DEVICE,CHP_ROAD_TYPE,PEDESTRIAN_ACCIDENT,BICYCLE_ACCIDENT,MOTORCYCLE_ACCIDENT,TRUCK_ACCIDENT,NOT_PRIVATE_PROPERTY,ALCOHOL_INVOLVED,STWD_VEHTYPE_AT_FAULT,CHP_VEHTYPE_AT_FAULT,COUNT_SEVERE_INJ,COUNT_VISIBLE_INJ,COUNT_COMPLAINT_PAIN,COUNT_PED_KILLED,COUNT_PED_INJURED,COUNT_BICYCLIST_KILLED,COUNT_BICYCLIST_INJURED,COUNT_MC_KILLED,COUNT_MC_INJURED,PRIMARY_RAMP,SECONDARY_RAMP,LATITUDE,LONGITUDE,COUNTY,CITY,POINT_X,POINT_Y
94533826,2024,2025-01-13,9625,2024-12-30,"530 ",018279,,1,3,9,1300,0,1,3,,1,021,SR-111,"RUTHERFORD ROAD",0.00,,Y,A,-,Y,IMP,,111," "," ",26.672,H,,R,Y,4,0,1,2,A,-,12,22450,A,N,D,C,A,A,H,-,D,A,0,,,,,Y,,A,01,0,0,1,0,0,0,0,0,0,"- ","- ",33.044551849365234,-115.52726745605469,IMPERIAL,UNINCORPORATED,-115.52732849121094,33.044559478759766
94533831,2024,2025-01-13,9625,2024-12-31,1220,019667,,2,1,9,1300,0,1,3,,1,044,"STATE ROUTE 86 SOUTHBOUND","LARSEN ROAD",1150.00,N,N,A,-,Y,IMP,,86," "," ",13.049,H,,L,Y,4,0,1,2,A,-,08,22107,,N,D,C,A,A,H,-,A,D,0,,,,,Y,,A,01,0,0,1,0,0,0,0,0,0,"- ","- ",32.87969970703125,-115.57028198242188,IMPERIAL,UNINCORPORATED,-115.57030487060547,32.87969970703125
94533842,2025,2025-01-13,9625,2025-01-01,1855,022964,,3,2,9,1300,0,3,5,,2,040,"WIEMAN ROAD","CADY RD",0.00,,Y,A,-,N,,,,,,,,,,N,4,0,2,1,A,-,03,22350,,N,E,I,A,A,H,-,C,D,0,,,,,Y,,A,01,0,0,2,0,0,0,0,0,0,"- ","- ",32.977390289306641,-115.65869140625,IMPERIAL,UNINCORPORATED,-115.65866851806641,32.977413177490234
94533847,2025,2025-01-13,9625,2025-01-02,2015,020516,,4,2,9,1300,0,1,3,,2,024,"STATE ROUTE 78","GECKO ROAD",13200.00,W,N,A,-,Y,IMP,,78," "," ",32.290,H,,R,Y,4,0,1,1,A,-,08,22107,,N,F,I,A,A,H,-,D,D,0,,,,,Y,,A,01,0,0,1,0,0,0,0,0,0,"- ","- ",32.970508575439453,-115.21514129638672,IMPERIAL,UNINCORPORATED,-115.21514129638672,32.970481872558594
94533863,2025,2025-01-13,9625,2025-01-04,1010,018930,,6,1,9,1300,0,2,4,,2,046,"DOGWOOD ROAD","ATEN ROAD",156.00,N,N,A,-,N,,,,,,,,,,Y,3,0,1,3,A,-,03,22350,,N,C,C,A,A,H,-,A,A,0,,,,,Y,,A,01,0,1,0,0,0,0,0,0,0,"- ","- ",32.826000213623047,-115.53572845458984,IMPERIAL,UNINCORPORATED,-115.53569793701172,32.825855255126953
94533868,2025,2025-01-13,9625,2025-01-06,1306,018933,,1,1,9,1300,0,1,3,,1,054,"SR-111 (N/B)","KEYSTONE ROAD",60.00,S,N,A,-,Y,IMP,,111," ",R,17.364,H,,R,Y,3,0,1,2,A,-,03,22350,,N,C,C,A,A,H,-,A,A,0,,,,,Y,,D,22,0,1,0,0,0,0,0,0,0,"- ","- ",32.912330627441406,-115.50897216796875,IMPERIAL,UNINCORPORATED,-115.50901031494141,32.912330627441406
94533870,2025,2025-01-13,9625,2025-01-04,"741 ",018933,,6,1,9,1300,0,1,3,,1,054,"SR-111 S/B","WORTHINGTON RD",106.00,N,N,A,-,Y,IMP,,111," ",R,12.896,H,,L,N,3,0,1,2,A,-,03,22350,,N,C,C,A,A,H,-,A,A,0,,,,,Y,,A,07,0,1,0,0,0,0,0,0,0,"- ","- ",32.847671508789062,-115.50788879394531,IMPERIAL,UNINCORPORATED,-115.50791168212891,32.847663879394531
94534659,2025,2025-01-13,9625,2025-01-06,1554,019582,,1,2,9,1300,0,1,1,,2,006,"I-8 W/B",SR-111,2577.00,W,N,A,-,Y,IMP,,8," ",R,40.444,H,,L,Y,2,0,1,1,C,-,18,,,N,E,I,A,A,H,-,A,D,0,,,,,Y,,-,"- ",1,0,0,0,0,0,0,0,0,"- ","- ",32.774009704589844,-115.50978088378906,IMPERIAL,UNINCORPORATED,-115.50978088378906,32.77398681640625
94535266,2025,2025-01-13,9620,2025-01-01,1110,018703,,3,1,9,1300,0,1,1,,2,082,"INTERSTATE 8 E/B","OGILBY RD",13200.00,E,N,A,-,Y,IMP,,8," ",R,86.417,H,,R,Y,3,0,1,1,A,-,01,23152,A,N,E,I,A,A,H,-,A,D,0,,,,,Y,Y,A,01,0,1,0,0,0,0,0,0,0,"- ","- ",32.753219604492188,-114.79318237304688,IMPERIAL,UNINCORPORATED,-114.79320526123047,32.753116607666016
94541964,2025,2025-01-17,9620,2025-01-14,"312 ",019360,,2,3,9,1300,0,2,4,,1,061,"(S-34) OGILBY RD","WALKER WAY",3379.00,S,N,A,-,N,,,,,,,,,,Y,4,0,1,1,C,-,18,,,N,E,H,A,A,H,-,D,D,0,,,,,Y,,-,"- ",0,0,1,0,0,0,0,0,0,"- ","- ",32.942340850830078,-114.87898254394531,IMPERIAL,UNINCORPORATED,-114.88290405273438,32.928611755371094
94542544,2025,2025-01-17,9625,2025-01-08,1714,019668,,3,2,9,1300,0,2,4,,2,047,"FORRESTER ROAD","ATEN ROAD",2476.00,S,N,A,-,N,,,,,,,,,,Y,3,0,1,1,A,-,03,22350,,N,E,8,A,A,H,-,D,D,0,,,,,Y,,A,01,0,1,0,0,0,0,0,0,0,"- ","- ",32.818439483642578,-115.62068176269531,IMPERIAL,UNINCORPORATED,-115.61180877685547,32.804073333740234
94542965,2025,2025-01-20,9625,2025-01-06,1553,020516,,1,2,9,1300,0,2,4,,2,046,"DOGWOOD ROAD","CORRELL ROAD",0.00,,Y,A,-,N,,,,,,,,,,Y,2,0,6,4,A,-,12,21453,A,N,D,C,A,A,H,-,A,A,0,,,,,Y,,D,22,1,5,0,0,0,0,0,0,0,"- ","- ",32.737918853759766,-115.53468322753906,IMPERIAL,UNINCORPORATED,-115.53459167480469,32.737922668457031
94542966,2025,2025-01-20,9625,2025-01-09,2127,021107,,4,2,9,1300,0,1,3,,1,044,"STATE ROUTE 86 S/B","AUSTIN ROAD",730.00,S,N,A,-,Y,IMP,,86," "," ",17.852,H,,L,Y,4,0,1,1,C,-,18,,,N,E,I,A,A,H,-,D,D,0,,,,,Y,,-,"- ",0,0,1,0,0,0,0,0,0,"- ","- ",32.949390411376953,-115.56919860839844,IMPERIAL,UNINCORPORATED,-115.56916046142578,32.949359893798828
94544578,2024,2025-01-21,9625,2024-12-11,2228,018978,,3,3,9,1300,0,2,4,,2,047,"FORRESTER ROAD","THOMPSON ROAD",51.00,N,N,A,-,N,,,,,,,,,,Y,1,1,0,1,A,-,08,22107,,N,E,8,A,A,H,-,D,D,0,,,,,Y,,A,01,0,0,0,0,0,0,0,0,0,"- ","- ",32.879341125488281,-115.62129211425781,IMPERIAL,UNINCORPORATED,-115.621337890625,32.879199981689453
94544875,2024,2025-01-21,9625,2024-12-21,2100,021994,,6,2,9,1300,0,1,3,,2,053,"STATE ROUTE 111","MCCABE ROAD",1584.00,N,N,A,-,N,,,,,,,,,,Y,1,1,3,4,A,-,08,22107,,N,A,C,A,A,H,-,D,D,0,,,,,Y,Y,A,01,1,1,1,0,0,0,0,0,0,"- ","- ",32.757061004638672,-115.50077056884766,IMPERIAL,UNINCORPORATED,-115.50070190429688,32.756759643554688
9454565,2022,2022-07-06,1301,2022-04-27,0844,912,BRAWL,3,5,3,1301,0,0,0,,0,003,MAIN,"BEST RD",185.00,W,N,A,-,N,,,,,,,,,,,3,0,1,2,A,-,05,21651,A,N,D,C,A,A,H,-,A,D,0,,,,,Y,,A,01,0,1,0,0,0,0,0,0,0,"- ","- ",,,IMPERIAL,BRAWLEY,-115.50991058349609,32.978641510009766
94548067,2025,2025-01-24,9625,2025-01-11,1455,022964,,6,2,9,1300,0,3,5,,2,040,"AUSTIN RD","EVAN HEWES HIGHWAY",23.00,S,N,A,-,N,,,,,,,,,,Y,4,0,1,2,A,-,01,23152,A,N,C,C,A,A,H,-,A,D,0,,,,,Y,Y,A,07,0,0,1,0,0,0,0,0,0,"- ","- ",32.796478271484375,-115.59496307373047,IMPERIAL,UNINCORPORATED,-115.594970703125,32.7965087890625
94548880,2025,2025-01-24,9625,2025-01-12,1912,019668,,7,2,9,1300,0,3,5,,2,040,"CARTER ROAD","FORRESTER ROAD",3062.00,E,N,A,-,N,,,,,,,,,,Y,3,0,1,1,A,-,08,22107,,N,E,I,A,A,H,-,D,D,0,,,,,Y,,A,08,0,1,0,0,0,0,0,0,0,"- ","- ",32.935638427734375,-115.61270141601562,IMPERIAL,UNINCORPORATED,-115.61140441894531,32.936172485351562
94548923,2025,2025-01-24,9625,2025-01-12,2045,019668,,7,2,9,1300,0,1,1,,2,001,"I-8 EB",SR-98,5174.00,E,N,A,-,Y,IMP,,8," ",R,9.033,H,,R,Y,3,0,2,1,A,-,03,22350,,N,E,I,A,A,H,-,D,D,0,,,,,Y,,A,01,0,1,1,0,0,0,0,0,0,"- ","- ",32.724590301513672,-116.03732299804688,IMPERIAL,UNINCORPORATED,-116.03733825683594,32.724624633789062
94548948,2025,2025-01-24,9625,2025-01-13,"743 ",018933,,1,1,9,1300,0,1,3,,2,053,"SR-111 N/B","MCCABE ROAD",1125.00,S,N,A,-,Y,IMP,,111," ",R,6.025,H,,R,N,3,0,1,2,A,-,03,22350,,N,C,C,A,A,H,-,A,D,0,,,Y,,Y,,C,02,0,1,0,0,0,0,0,0,0,"- ","- ",32.749271392822266,-115.5006103515625,IMPERIAL,UNINCORPORATED,-115.50061798095703,32.749271392822266
94549553,2025,2025-01-27,9625,2025-01-25,"750 ",018792,,6,1,9,1300,0,3,5,,2,010,"WEIMAN ROAD","CADY ROAD",9.00,S,N,B,-,N,,,,,,,,,,Y,3,0,2,1,A,-,03,22350,,N,E,I,A,A,H,-,A,A,0,,,,,Y,,A,07,0,2,0,0,0,0,0,0,0,"- ","- ",32.977401733398438,-115.65866088867188,IMPERIAL,UNINCORPORATED,-115.65866088867188,32.977386474609375
94549554,2025,2025-01-27,9625,2025-01-14,2155,022010,,2,2,9,1300,0,1,1,,2,005,"INTERSTATE 8 E/B","BOWKER ROAD",2429.00,E,N,A,-,Y,IMP,,8," ",R,43.010,H,,R,Y,3,0,1,1,A,-,08,22107,,N,F,A,A,A,H,-,D,D,0,,,,,Y,,D,22,0,1,0,0,0,0,0,0,0,"- ","- ",32.773490905761719,-115.46573638916016,IMPERIAL,UNINCORPORATED,-115.46573638916016,32.773441314697266
94549563,2025,2025-01-27,9625,2025-01-15,1720,022964,,3,2,9,1300,0,3,5,,2,010,"OPEN DESERT","BORREGO SALTON SEA WAY (S22)",1217.00,W,N,A,-,N,,,,,,,,,,N,4,0,1,1,A,-,01,23152,A,N,F,A,A,A,H,-,D,D,0,,,Y,,Y,Y,C,06,0,0,1,0,0,0,0,0,1,"- ","- ",33.264759063720703,-116.02140808105469,IMPERIAL,UNINCORPORATED,,
94549570,2025,2025-01-27,9625,2025-01-19,1905,022964,,7,2,9,1300,0,2,4,,2,057,"EVAN HEWES HIGHWAY",SR-115,0.00,,Y,A,-,N,,,,,,,,,,Y,4,0,2,2,A,-,09,21802,A,N,D,C,A,A,H,-,C,D,0,,,,,Y,,D,22,0,0,2,0,0,0,0,0,0,"- ","- ",32.805770874023438,-115.40615844726562,IMPERIAL,UNINCORPORATED,-115.38264465332031,32.810920715332031
94553026,2025,2025-01-28,9620,2025-01-20,1305,018703,,1,1,9,1300,0,1,1,,2,081,"INTERSTATE 8 W/B","STATE ROUTE 98",938.00,E,N,A,-,Y,,,,,,,,,,N,4,0,2,1,A,-,08,22107,,N,E,I,A,A,H,-,A,A,0,,,,,Y,,A,01,0,0,2,0,0,0,0,0,0,"- ","- ",32.710338592529297,-115.08693695068359,IMPERIAL,UNINCORPORATED,-115.08890533447266,32.710716247558594
94555479,2025,2025-01-30,9625,2025-01-21,1755,019582,,2,2,9,1300,0,1,3,,2,053,"SR-111 (S/B)","HEBER ROAD",1990.00,N,N,A,-,Y,IMP,,111," ",R,5.119,H,,R,Y,4,0,2,3,A,-,03,22350,,N,C,C,A,A,H,-,D,D,0,,,,,Y,,A,01,0,0,2,0,0,0,0,0,0,"- ","- ",32.736148834228516,-115.50061798095703,IMPERIAL,UNINCORPORATED,-115.50041961669922,32.736152648925781
9455642,2022,2022-08-09,1304,2022-06-14,0901,358,,2,5,4,1304,0,0,0,,0,WEST,"LA BRUCHERIE",EUCLID,0.00,,Y,A,-,N,,,,,,,,,,Y,3,0,1,2,A,-,09,21802,A,N,-,C,A,A,H,-,A,A,0,,,,,Y,,A,07,0,1,0,0,0,0,0,0,0,"- ","- ",,,IMPERIAL,"EL CENTRO",-115.57868194580078,32.798374176025391
9455643,2022,2022-06-28,1301,2022-06-09,0124,914,BRAWL,4,5,3,1301,0,0,0,,0,003,"BEST RD","JONES ST",0.00,,Y,A,-,N,,,,,,,,,,Y,2,0,3,1,A,-,03,22350,,N,E,I,A,A,H,-,C,A,0,,,,,Y,,A,01,3,0,0,0,0,0,0,0,0,"- ","- ",,,IMPERIAL,BRAWLEY,-115.50925445556641,32.98895263671875
94557911,2025,2025-01-31,9625,2025-01-21,1920,022114,,2,2,9,1300,0,2,4,,2,046,"DOGWOOD RD","COLE ROAD",0.00,,Y,A,-,N,,,,,,,,,,Y,4,0,2,2,A,-,12,22450,A,N,D,2,A,A,H,-,D,A,0,,,,,Y,,A,01,0,0,2,0,0,0,0,0,0,"- ","- ",32.694019317626953,-115.53395843505859,IMPERIAL,UNINCORPORATED,-115.53398132324219,32.694004058837891
94558231,2025,2025-02-03,9625,2025-01-18,1800,020516,,6,2,9,1300,0,1,3,,1,044,"STATE ROUTE 86 N/B","RALPH ROAD",8.00,N,N,A,-,Y,IMP,,86," "," ",12.330,H,,R,Y,4,0,1,3,A,-,04,21703,,N,C,C,A,A,H,-,D,D,0,,,,,Y,,A,01,0,0,1,0,0,0,0,0,0,"- ","- ",32.869289398193359,-115.57016754150391,IMPERIAL,UNINCORPORATED,-115.57015228271484,32.869289398193359
94558234,2025,2025-02-03,9625,2025-01-24,2040,019582,,5,2,9,1300,0,1,3,,1,054,"SR-111 S/B","ATEN RD.",0.00,,Y,A,-,Y,IMP,,111," ",R,11.300,H,,L,Y,4,0,1,2,A,-,03,22350,,N,C,C,A,A,H,-,C,A,0,,,,Y,Y,,G,25,0,0,1,0,0,0,0,0,0,"- ","- ",32.825801849365234,-115.5003662109375,IMPERIAL,UNINCORPORATED,-115.50035095214844,32.825801849365234
94558238,2025,2025-02-03,9625,2025-01-24,1020,017727,,5,1,9,1300,0,3,5,,2,010,"WIEMAN ROAD","CADY ROAD",0.00,,Y,A,-,N,,,,,,,,,,Y,3,0,2,1,A,-,03,22350,,N,E,8,A,A,H,-,A,A,0,,,,,Y,,D,22,0,2,0,0,0,0,0,0,0,"- ","- ",32.977401733398438,-115.65862274169922,IMPERIAL,UNINCORPORATED,-115.65866851806641,32.977413177490234
94558240,2025,2025-02-03,9625,2025-01-26,2000,019668,,7,2,9,1300,0,3,5,,2,050,"JASPER ROAD","YOURMAN ROAD",2957.00,E,N,A,-,N,,,,,,,,,,Y,3,0,1,2,A,-,05,21650,,N,B,C,A,A,H,-,D,D,0,,,,,Y,,A,01,0,1,0,0,0,0,0,0,0,"- ","- ",32.708580017089844,-115.48867797851562,IMPERIAL,UNINCORPORATED,-115.48893737792969,32.708583831787109
94564655,2025,2025-02-04,9625,2025-01-10,"545 ",022988,,5,3,9,1300,0,3,5,,2,010,"WIEMAN ROAD","CADY ROAD",350.00,N,N,A,-,N,,,,,,,,,,N,3,0,1,2,A,-,09,21804,A,N,C,C,A,A,H,-,D,D,0,,,,,Y,,A,07,0,1,0,0,0,0,0,0,0,"- ","- ",32.980281829833984,-115.65869903564453,IMPERIAL,UNINCORPORATED,-115.65871429443359,32.978363037109375
94564697,2025,2025-02-04,9625,2025-01-23,1751,019582,,4,2,9,1300,0,1,3,,2,052,SR-98,"KEFFER RD.",35.00,W,N,A,-,Y,IMP,,98," "," ",40.081,H,,R,Y,4,0,1,2,A,-,03,22350,,N,C,C,A,A,H,-,D,D,0,,,,,Y,,A,01,0,0,1,0,0,0,0,0,0,"- ","- ",32.693740844726562,-115.37167358398438,IMPERIAL,UNINCORPORATED,-115.37167358398438,32.693771362304688
94564806,2025,2025-02-04,9625,2025-01-27,1308,018773,,1,1,9,1300,0,1,3,,2,052,SR-98,"BARBARA WORTH ROAD",0.00,,Y,B,-,Y,IMP,,98," "," ",36.628,H,,R,N,4,0,4,2,A,-,09,21802,A,N,D,C,A,A,H,-,A,A,0,,,,,Y,,D,22,0,0,4,0,0,0,0,0,0,"- ","- ",32.693820953369141,-115.43102264404297,IMPERIAL,UNINCORPORATED,-115.43102264404297,32.693866729736328
94564918,2025,2025-03-18,9625,2025-01-24,1739,022114,,5,2,9,1300,0,1,3,,1,011,"SR-86 S/B","HOSKINS ROAD",0.00,,Y,A,-,N,,,,,,,,,,Y,1,1,2,2,A,-,09,21800,A,N,G,C,A,A,H,-,B,A,0,,,,,Y,,A,07,0,1,1,0,0,0,0,0,0,"- ","- ",33.037029266357422,-115.66455841064453,IMPERIAL,UNINCORPORATED,-115.66462707519531,33.037082672119141
94564997,2025,2025-02-04,9625,2025-01-27,"740 ",018279,,1,1,9,1300,0,1,3,,1,011,"SR-86 (S/B)","BARTH ROAD",1056.00,S,N,A,-,Y,IMP,,86," ",R,37.555,H,,L,N,3,0,1,2,A,-,03,22350,,N,C,C,A,A,H,-,A,D,0,,,,,Y,,A,01,0,1,0,0,0,0,0,0,0,"- ","- ",33.088779449462891,-115.76788330078125,IMPERIAL,UNINCORPORATED,-115.76786804199219,33.088798522949219
94566196,2025,2025-02-05,9625,2025-01-27,1310,017727,,1,1,9,1300,0,2,4,,2,046,"DOGWOOD ROAD","HARRIS ROAD",21120.00,S,N,A,-,N,,,,,,,,,,Y,3,0,1,1,A,-,08,22107,,N,E,I,A,A,H,-,A,D,0,,,,,Y,,A,01,0,1,0,0,0,0,0,0,0,"- ","- ",32.878410339355469,-115.53555297851562,IMPERIAL,UNINCORPORATED,-115.53569793701172,32.825931549072266
94567534,2025,2025-02-06,9625,2025-01-30,1528,018617,,4,2,9,1300,0,1,3,,2,023,SR-115,"WIEST ROAD",760.00,W,N,A,-,Y,IMP,,115," "," ",31.450,H,,R,Y,3,0,1,1,A,-,01,23152,A,N,F,A,A,A,H,-,A,D,0,,,,,Y,Y,A,08,0,1,0,0,0,0,0,0,0,"- ","- ",33.125480651855469,-115.45220947265625,IMPERIAL,UNINCORPORATED,-115.45219421386719,33.125545501708984
94567686,2025,2025-02-06,9625,2025-01-31,1330,019582,,5,1,9,1300,0,1,3,,2,053,"SR-111 S/B","ROSS ROAD",528.00,N,N,A,-,Y,IMP,,111," ",R,8.358,H,,L,Y,4,0,1,2,A,-,03,22350,,N,C,C,A,A,H,-,A,A,0,,,,,Y,,A,01,0,0,1,0,0,0,0,0,0,"- ","- ",32.783130645751953,-115.50167083740234,IMPERIAL,UNINCORPORATED,-115.50167846679688,32.783130645751953
94569263,2025,2025-02-06,9625,2025-01-25,"126 ",021232,,6,3,9,1300,0,2,4,,2,046,"MCCABE ROAD","DOGWOOD ROAD",0.00,,Y,A,-,N,,,,,,,,,,Y,3,0,1,1,A,-,01,23152,A,N,E,I,A,A,H,-,C,A,0,,,,,Y,Y,A,01,0,1,0,0,0,0,0,0,0,"- ","- ",32.752361297607422,-115.53488159179688,IMPERIAL,UNINCORPORATED,-115.53492736816406,32.752368927001953
94573789,2025,2025-02-11,9625,2025-01-30,2352,022010,,4,3,9,1300,0,1,3,,2,043,"STATE ROUTE 86","HEBER ROAD",1162.00,N,N,A,-,Y,IMP,,86," "," ",3.252,H,,R,Y,4,0,1,1,A,-,01,23152,A,N,E,I,A,A,H,-,C,A,0,,,,,Y,Y,A,01,0,0,1,0,0,0,0,0,0,"- ","- ",32.733798980712891,-115.55155181884766,IMPERIAL,UNINCORPORATED,-115.55150604248047,32.733798980712891
94573897,2025,2025-02-11,9625,2025-02-01,"435 ",022934,,6,3,9,1300,0,1,3,,1,042,"FERRELL ROAD",SR-98,0.00,,Y,A,-,Y,IMP,,98," "," ",27.211,H,,R,Y,3,0,1,1,A,-,01,23152,A,M,E,8,A,A,H,-,D,A,0,,,,,Y,Y,A,01,0,1,0,0,0,0,0,0,0,"- ","- ",32.679119110107422,-115.58585357666016,IMPERIAL,UNINCORPORATED,-115.58584594726562,32.679191589355469
94574550,2025,2025-02-11,9620,2025-02-05,1730,017051,,3,2,9,1300,0,2,4,,1,075,"COCOPAH ROAD","ARNOLD ROAD",528.00,N,N,A,-,N,,,,,,,,,,N,3,0,1,2,A,-,05,21650,,N,A,C,A,A,H,-,D,D,0,,,,,Y,,D,22,0,1,0,0,0,0,0,0,0,"- ","- ",32.757968902587891,-114.59461975097656,IMPERIAL,UNINCORPORATED,-114.59516906738281,32.754249572753906
94576918,2024,2025-02-12,9625,2024-12-23,1623,022010,,1,2,9,1300,0,2,4,,2,045,"EVAN HEWES HIGHWAY","STATE ROUTE 111",2270.00,E,N,A,-,Y,,,,,,,,,,Y,1,1,0,1,A,-,08,22107,,N,F,A,A,A,H,-,A,D,0,,,,,Y,,A,08,0,0,0,0,0,0,0,0,0,"- ","- ",32.801559448242188,-115.49314117431641,IMPERIAL,UNINCORPORATED,-115.49333190917969,32.801467895507812
94577040,2025,2025-02-12,9625,2025-02-01,1750,019582,,6,2,9,1300,0,3,5,,2,040,"AUSTIN RD.","EVAN HEWES HWY",0.00,,Y,A,-,N,,,,,,,,,,Y,4,0,1,2,A,-,12,22450,A,N,D,C,A,A,H,-,C,A,0,,,,,Y,,A,07,0,0,1,0,0,0,0,0,0,"- ","- ",32.796558380126953,-115.59497833251953,IMPERIAL,UNINCORPORATED,-115.594970703125,32.796566009521484
94578335,2025,2025-02-13,9625,2025-02-07,"800 ",018279,,5,1,9,1300,0,1,3,,2,056,SR-115,"ALAMO ROAD",370.00,N,N,A,-,Y,IMP,,115," "," ",10.474,H,,R,Y,3,0,1,1,A,-,08,22107,,N,D,8,A,A,H,-,A,D,0,,,,,Y,,A,07,0,1,0,0,0,0,0,0,0,"- ","- ",32.819400787353516,-115.40619659423828,IMPERIAL,UNINCORPORATED,-115.40613555908203,32.819400787353516
94578450,2025,2025-02-13,9625,2025-02-06,"913 ",018773,,4,1,9,1300,0,1,1,,2,005,"INTERSTATE 8 E/B","DOGWOOD ROAD OVERCROSSING",3696.00,E,N,A,-,Y,IMP,,8," ",R,39.037,H,,R,Y,3,0,2,2,A,-,03,22350,,N,C,C,A,A,D,-,A,A,0,,,,,Y,,A,01,0,1,1,0,0,0,0,0,0,"- ","- ",32.773731231689453,-115.53395080566406,IMPERIAL,UNINCORPORATED,-115.53395080566406,32.773677825927734
94578589,2025,2025-02-13,9625,2025-02-11,1700,019668,,2,2,9,1300,0,3,5,,2,050,"OLD HIGHWAY 111","SHARTZ ROAD",0.00,,Y,A,-,N,,,,,,,,,,Y,3,0,5,2,A,-,09,21802,A,N,D,C,A,A,H,-,A,A,0,,,,,Y,,A,01,0,1,4,0,0,0,0,0,0,"- ","- ",32.941749572753906,-115.51052093505859,IMPERIAL,UNINCORPORATED,-115.50897979736328,32.941745758056641
94585180,2025,2025-02-20,9625,2025-02-06,"945 ",018930,,4,1,9,1300,0,1,1,,2,003,"INTERSTATE 8 (E/B)","8TH STREET",28.00,E,N,A,-,Y,IMP,,8," ",R,37.465,H,,R,Y,4,0,1,2,A,-,03,22350,,N,C,C,A,A,D,-,A,D,0,,,,,Y,,A,01,0,0,1,0,0,0,0,0,0,"- ","- ",32.773769378662109,-115.56096649169922,IMPERIAL,UNINCORPORATED,-115.56096649169922,32.773757934570312
94586408,2025,2025-02-21,9625,2025-02-09,"915 ",018279,,7,1,9,1300,0,1,1,,2,005,"I-8 E/B",SR-115,7920.00,E,N,B,-,Y,IMP,,8," ",R,54.931,H,,R,Y,3,0,2,1,C,-,18,,,N,E,8,A,A,H,-,A,D,0,,,,,Y,,-,"- ",0,1,1,0,0,0,0,0,0,"- ","- ",32.7635498046875,-115.26410675048828,IMPERIAL,UNINCORPORATED,-115.26412963867188,32.763481140136719
94586524,2025,2025-02-21,9625,2025-02-11,1108,018930,,2,1,9,1300,0,3,5,,2,040,"WORTHINGTON ROAD","P STREET",323.00,W,N,A,-,N,,,,,,,,,,Y,4,0,1,1,A,-,08,22107,,N,E,I,A,A,H,-,A,D,0,,,,,Y,,A,01,0,0,1,0,0,0,0,0,0,"- ","- ",32.847488403320312,-115.56034088134766,IMPERIAL,UNINCORPORATED,-115.56147003173828,32.847461700439453
94586550,2025,2025-02-21,9625,2025-02-15,"820 ",018279,,6,1,9,1300,0,1,3,,1,012,"SR-86 (S/B)","NORM NIVER ROAD",0.00,,Y,A,-,Y,IMP,,86," "," ",62.381,H,,L,Y,3,0,3,3,A,-,09,21803,A,N,B,C,A,A,H,-,A,A,0,,,,,Y,,A,01,0,2,1,0,0,0,0,0,0,"- ","- ",33.357410430908203,-116.01880645751953,IMPERIAL,UNINCORPORATED,-116.01883697509766,33.357402801513672
94586575,2025,2025-02-21,9625,2025-02-19,1925,020516,,3,2,9,1300,0,3,5,,2,050,"COLE ROAD","KLOKE ROAD",1131.00,W,N,A,-,N,,,,,,,,,,Y,4,0,1,2,A,-,03,22350,,N,C,C,A,A,H,-,D,D,0,,,,,Y,,D,22,0,0,1,0,0,0,0,0,0,"- ","- ",32.693988800048828,-115.52052307128906,IMPERIAL,UNINCORPORATED,-115.51679229736328,32.693988800048828
94586579,2025,2025-02-21,9625,2025-02-13,1900,019582,,4,2,9,1300,0,3,5,,2,040,"SILSBEE RD.","MCCABE RD.",0.00,,Y,A,-,N,,,,,,,,,,Y,4,0,1,1,A,-,03,22350,,N,H,A,A,A,H,-,D,A,0,,,,,Y,,A,01,0,0,1,0,0,0,0,0,0,"- ","- ",32.752410888671875,-115.64634704589844,IMPERIAL,UNINCORPORATED,-115.64649200439453,32.752609252929688