CASE_ID,ACCIDENT_YEAR,PROC_DATE,JURIS,COLLISION_DATE,COLLISION_TIME,OFFICER_ID,REPORTING_DISTRICT,DAY_OF_WEEK,CHP_SHIFT,POPULATION,CNTY_CITY_LOC,SPECIAL_COND,BEAT_TYPE,CHP_BEAT_TYPE,CITY_DIVISION_LAPD,CHP_BEAT_CLASS,BEAT_NUMBER,PRIMARY_RD,SECONDARY_RD,DISTANCE,DIRECTION,INTERSECTION,WEATHER_1,WEATHER_2,STATE_HWY_IND,CALTRANS_COUNTY,CALTRANS_DISTRICT,STATE_ROUTE,ROUTE_SUFFIX,POSTMILE_PREFIX,POSTMILE,LOCATION_TYPE,RAMP_INTERSECTION,SIDE_OF_HWY,TOW_AWAY,COLLISION_SEVERITY,NUMBER_KILLED,NUMBER_INJURED,PARTY_COUNT,PRIMARY_COLL_FACTOR,PCF_CODE_OF_VIOL,PCF_VIOL_CATEGORY,PCF_VIOLATION,PCF_VIOL_SUBSECTION,HIT_AND_RUN,TYPE_OF_COLLISION,MVIW,PED_ACTION,ROAD_SURFACE,ROAD_COND_1,ROAD_COND_2,LIGHTING,CONTROL_DEVICE,CHP_ROAD_TYPE,PEDESTRIAN_ACCIDENT,BICYCLE_ACCIDENT,MOTORCYCLE_ACCIDENT,TRUCK_ACCIDENT,NOT_PRIVATE_PROPERTY,ALCOHOL_INVOLVED,STWD_VEHTYPE_AT_FAULT,CHP_VEHTYPE_AT_FAULT,COUNT_SEVERE_INJ,COUNT_VISIBLE_INJ,COUNT_COMPLAINT_PAIN,COUNT_PED_KILLED,COUNT_PED_INJURED,COUNT_BICYCLIST_KILLED,COUNT_BICYCLIST_INJURED,COUNT_MC_KILLED,COUNT_MC_INJURED,PRIMARY_RAMP,SECONDARY_RAMP,LATITUDE,LONGITUDE,COUNTY,CITY,POINT_X,POINT_Y
94794958,2025,2025-08-08,9625,2025-07-27,"10  ",020996,,7,3,9,1300,0,1,3,,1,012,"SR-86 SOUTBOUND","NORM NIVER ROAD",293.00,N,N,A,-,Y,IMP,,86," "," ",62.444,H,,L,Y,2,0,1,1,A,-,08,22107,,N,E,8,A,A,H,-,C,D,0,,,,,Y,,D,22,1,0,0,0,0,0,0,0,0,"- ","- ",33.358268737792969,-116.01918029785156,IMPERIAL,UNINCORPORATED,-116.01911163330078,33.358283996582031
9480098,2022,2022-08-10,1304,2022-06-25,0230,E4302,EPTRL,6,5,4,1304,0,0,0,,0,WEST,"IMPERIAL AV","PEPPER ST",26.00,W,N,A,-,N,,,,,,,,,,Y,3,0,2,2,A,-,09,21801,A,N,D,C,A,A,H,-,C,A,0,,,,,Y,Y,A,01,0,2,0,0,0,0,0,0,0,"- ","- ",,,IMPERIAL,"EL CENTRO",-115.56957244873047,32.779411315917969
94801292,2025,2025-08-13,9625,2025-08-01,1030,017727,,5,1,9,1300,0,1,3,,2,055,SR-115,SR-78,12.00,S,N,A,-,Y,IMP,,115," "," ",21.164,H,,R,Y,3,0,1,2,A,-,09,21802,A,N,D,2,A,A,H,-,A,A,0,,,,,Y,,A,01,0,1,0,0,0,0,0,0,0,"- ","- ",32.974079132080078,-115.40792083740234,IMPERIAL,UNINCORPORATED,-115.40790557861328,32.974094390869141
94801311,2025,2025-08-13,9625,2025-08-05,1250,018773,,2,1,9,1300,0,1,3,,2,053,"SR-111 NORTHBOUND","HEBER ROAD",27.00,S,N,A,-,Y,IMP,,111," ",R,4.727,H,,R,N,4,0,1,2,A,-,21,22106,,N,C,C,A,A,H,-,A,A,0,,,,,Y,,A,07,0,0,1,0,0,0,0,0,0,"- ","- ",32.730480194091797,-115.50032043457031,IMPERIAL,UNINCORPORATED,-115.50032043457031,32.730480194091797
94801700,2025,2025-08-13,9625,2025-07-26,"435 ",022988,,6,3,9,1300,0,1,1,,2,005,"I-8 E/B","STATE ROUTE 98 (EAST)",750.00,W,N,A,-,Y,IMP,,8," ",R,65.604,H,,R,Y,3,0,2,2,A,-,08,22107,,F,C,C,A,A,H,-,D,D,0,,,,,Y,,A,01,0,2,0,0,0,0,0,0,0,"- ","- ",32.711200714111328,-115.09181213378906,IMPERIAL,UNINCORPORATED,-115.091796875,32.711235046386719
94803435,2025,2025-08-14,9625,2025-08-08,2207,022114,,5,3,9,1300,0,3,5,,2,050,SR-78,"GREEN RD",8448.00,E,N,A,-,Y,IMP,,78," "," ",27.609,H,,R,Y,4,0,1,1,A,-,03,22350,,N,E,8,A,A,H,-,D,D,0,,,,,Y,,D,22,0,0,1,0,0,0,0,0,0,"- ","- ",32.974689483642578,-115.29488372802734,IMPERIAL,UNINCORPORATED,-115.29489135742188,32.974658966064453
94804736,2025,2025-08-15,9625,2025-08-14,1515,020125,,4,2,9,1300,0,2,4,,2,057,"EVAN HEWES HIGHWAY","COOLEY ROAD",215.00,E,N,A,-,N,,,,,,,,,,Y,4,0,1,1,C,-,18,,,N,H,A,A,A,H,-,A,D,0,,,,,Y,,-,"- ",0,0,1,0,0,0,0,0,0,"- ","- ",32.795551300048828,-115.51777648925781,IMPERIAL,UNINCORPORATED,-115.51844024658203,32.795459747314453
94807450,2025,2025-08-18,9620,2025-08-12,"525 ",018247,T602,2,3,9,1300,0,2,4,,1,075,"WINTERHAVEN DR","I-8 E/B",0.00,,Y,A,-,Y,IMP,,8,U,T,96.633,H,,L,N,3,0,1,2,A,-,03,22350,,N,D,G,A,A,H,-,C,D,0,,Y,,Y,Y,,-,"- ",0,1,0,0,0,0,1,0,0,"- ","- ",32.731170654296875,-114.62442016601562,IMPERIAL,UNINCORPORATED,-114.62452697753906,32.731170654296875
94807730,2025,2025-08-19,9625,2025-08-11,1937,020516,,1,2,9,1300,0,3,5,,2,010,"BLACK SEA AVENUE","BEACHCOMBER AVENUE",81.00,W,N,A,-,N,,,,,,,,,,N,4,0,1,2,A,-,09,21804,A,N,D,C,A,A,H,-,B,D,0,,,Y,,Y,,C,02,0,0,1,0,0,0,0,0,1,"- ","- ",33.335830688476562,-115.97950744628906,IMPERIAL,UNINCORPORATED,-115.97952270507812,33.335819244384766
94808781,2025,2025-08-19,9625,2025-08-07,2235,021591,,4,3,9,1300,0,1,3,,1,054,"STATE ROUTE 111","ATEN ROAD",20.00,S,N,A,-,Y,IMP,,111," ",R,11.286,H,,L,N,3,0,2,2,A,-,03,22350,,N,C,C,A,A,H,-,C,A,0,,,,,Y,,A,07,0,2,0,0,0,0,0,0,0,"- ","- ",32.825611114501953,-115.50041961669922,IMPERIAL,UNINCORPORATED,-115.50035095214844,32.825607299804688
94809591,2025,2025-08-19,9625,2025-08-09,2125,022964,,6,2,9,1300,0,2,4,,2,046,"DOGWOOD ROAD","SCHARTZ ROAD",975.00,S,N,A,-,N,,,,,,,,,,Y,4,0,2,1,A,-,08,22107,,N,E,I,A,A,H,-,D,D,0,,,,,Y,,A,01,0,0,2,0,0,0,0,0,0,"- ","- ",32.939071655273438,-115.5355224609375,IMPERIAL,UNINCORPORATED,-115.53554534912109,32.939125061035156
94812675,2025,2025-08-21,9625,2025-08-07,1429,021107,,4,2,9,1300,0,1,3,,1,054,"STATE ROUTE 111 (NORTHBOUND)","WORTHINGTON ROAD",40.00,S,N,A,-,Y,IMP,,111," ",R,12.836,H,,R,Y,2,0,7,6,A,-,03,22350,,N,C,C,A,A,H,-,A,A,0,,,,,Y,,D,22,1,1,5,0,0,0,0,0,0,"- ","- ",32.846858978271484,-115.50729370117188,IMPERIAL,UNINCORPORATED,-115.50727844238281,32.84686279296875
94812749,2025,2025-08-21,9625,2025-08-16,"724 ",018773,,6,1,9,1300,0,1,1,,2,006,"I-8 WESTBOUND","BOWKER ROAD",2270.00,E,N,A,-,Y,IMP,,8," ",R,42.968,H,,L,Y,3,0,1,2,A,-,03,22350,,N,C,C,A,A,H,-,A,D,0,,,,Y,Y,,A,07,0,1,0,0,0,0,0,0,0,"- ","- ",32.773689270019531,-115.46646881103516,IMPERIAL,UNINCORPORATED,-115.46646881103516,32.773727416992188
94814643,2025,2025-08-25,9625,2025-08-18,1910,020111,,1,2,9,1300,0,1,3,,1,021,"STATE ROUTE 111","BROWNELL ROAD",110.00,S,N,A,-,Y,IMP,,111," "," ",30.563,H,,R,Y,3,0,1,1,A,-,08,22107,,N,E,8,A,A,H,-,B,D,0,,,,,Y,,D,22,0,1,0,0,0,0,0,0,0,"- ","- ",33.096290588378906,-115.51471710205078,IMPERIAL,UNINCORPORATED,-115.51479339599609,33.096290588378906
94814650,2025,2025-08-25,9625,2025-08-15,1900,020516,,5,2,9,1300,0,1,3,,1,011,"STATE ROUTE 86 (S/B)","HOSKINS ROAD",0.00,,Y,A,-,Y,IMP,,86," ",R,30.001,H,,L,Y,3,0,1,2,A,-,09,21802,A,N,C,C,A,A,H,-,A,A,0,,,,,Y,,A,07,0,1,0,0,0,0,0,0,0,"- ","- ",33.037078857421875,-115.66449737548828,IMPERIAL,UNINCORPORATED,-115.66449737548828,33.037071228027344
94816835,2025,2025-08-25,9620,2025-08-18,"905 ",018247,,1,1,9,1300,0,2,4,,1,075,S-24,"LEVEE RD",1056.00,W,N,A,-,N,,,,,,,,,,N,4,0,1,2,A,-,09,21804,A,N,C,C,A,A,H,-,A,D,0,,,,,Y,,D,22,0,0,1,0,0,0,0,0,0,"- ","- ",32.816310882568359,-114.51538848876953,IMPERIAL,UNINCORPORATED,,
94820908,2025,2025-08-28,9625,2025-08-08,"440 ",021232,,5,3,9,1300,0,2,4,,2,057,"EVAN HEWES HIGHWAY","MCCONNELL ROAD",50.00,E,N,A,-,Y,,,,,,,,,,N,3,0,1,2,A,-,03,22350,,N,B,C,A,A,H,-,D,D,0,,,,,Y,,A,01,0,1,0,0,0,0,0,0,0,"- ","- ",32.803409576416016,-115.48365783691406,IMPERIAL,UNINCORPORATED,-115.48384094238281,32.803356170654297
9482361,2022,2022-08-18,1301,2022-07-10,1145,9A10,BRAWL,7,5,3,1301,0,0,0,,0,002,"1ST ST","J ST",0.00,,Y,A,-,N,,,,,,,,,,Y,4,0,1,3,A,-,03,22350,,N,A,C,A,A,H,-,A,A,0,,,,,Y,,A,01,0,0,1,0,0,0,0,0,0,"- ","- ",,,IMPERIAL,BRAWLEY,-115.54164123535156,32.974208831787109
94825409,2025,2025-09-02,9625,2025-08-25,1426,021107,,1,2,9,1300,0,1,3,,2,055,"STATE ROUTE 115","GRAESER ROAD",1531.00,S,N,C,G,Y,IMP,,115," ",R,3.644,H,,R,N,4,0,1,1,C,-,18,,,N,E,I,A,B,H,-,A,D,0,,,,,Y,,-,"- ",0,0,1,0,0,0,0,0,0,"- ","- ",32.778118133544922,-115.28936767578125,IMPERIAL,UNINCORPORATED,-115.28936767578125,32.778121948242188
94830825,2025,2025-09-05,9625,2025-08-22,1817,020516,,5,2,9,1300,0,3,5,,2,040,"AUSTIN ROAD","BREWER ROAD",3000.00,S,N,A,-,N,,,,,,,,,,Y,4,0,1,1,A,-,08,22107,,N,H,A,A,A,H,-,A,D,0,,,,,Y,,A,01,0,0,1,0,0,0,0,0,0,"- ","- ",32.831729888916016,-115.59493255615234,IMPERIAL,UNINCORPORATED,-115.59498596191406,32.831951141357422
94831458,2025,2025-09-05,9625,2025-08-25,"521 ",022114,,1,3,9,1300,0,3,5,,2,040,"AUSTIN ROAD","EVAN HEWES HIGHWAY",0.00,,Y,A,-,N,,,,,,,,,,Y,3,0,2,2,A,-,12,22450,A,N,D,C,A,A,H,-,B,A,0,,,,,Y,,A,01,0,1,1,0,0,0,0,0,0,"- ","- ",32.796558380126953,-115.59497833251953,IMPERIAL,UNINCORPORATED,-115.594970703125,32.796566009521484
94832374,2025,2025-09-05,9625,2025-08-14,1300,021764,,4,1,4,1304,0,2,S,,2,901,"WEST BRIGHTON AVENUE (200 BLOCK)","2ND STREET",110.00,W,N,A,-,N,,,,,,,,,,N,3,0,1,2,A,-,09,21804,A,N,D,G,A,A,H,-,A,D,0,,Y,,,Y,,L,04,0,1,0,0,0,0,1,0,0,"- ","- ",32.789760589599609,-115.54691314697266,IMPERIAL,"EL CENTRO",-115.54682922363281,32.789768218994141
94832940,2025,2025-09-08,9625,2025-08-29,"930 ",018933,,5,1,9,1300,0,1,1,,2,002,"INTERSTATE 8 (W/B)","MOUNTAIN SPRINGS ROAD",73.00,E,N,A,-,Y,IMP,,8," ",R,3.083,H,,L,Y,3,0,1,1,A,-,08,22107,,N,D,8,A,A,H,-,A,D,0,,,,,Y,,A,01,0,1,0,0,0,0,0,0,0,"- ","- ",32.678699493408203,-116.09870147705078,IMPERIAL,UNINCORPORATED,-116.09873962402344,32.678779602050781
94834262,2025,2025-09-08,9625,2025-08-26,1716,020516,,2,2,9,1300,0,1,3,,2,014,"STATE ROUTE 78 (E/B)","HOVLEY ROAD",0.00,,Y,A,-,Y,IMP,,78," ",R,11.813,H,,R,Y,4,0,2,2,A,-,03,22350,,N,C,C,A,A,H,-,A,A,0,,,,,Y,,D,22,0,0,2,0,0,0,0,0,0,"- ","- ",33.001670837402344,-115.54443359375,IMPERIAL,UNINCORPORATED,-115.54443359375,33.001678466796875
94834688,2025,2025-09-08,9620,2025-08-30,1845,020771,,6,2,9,1300,0,3,5,,2,070,"MARLOWE RD.",SR-78,7128.00,E,N,A,-,N,,,,,,,,,,Y,3,0,1,1,A,-,01,23152,A,N,E,I,A,A,H,-,B,D,0,,,,,Y,Y,D,22,0,1,0,0,0,0,0,0,0,"- ","- ",33.345710754394531,-114.71192932128906,IMPERIAL,UNINCORPORATED,-114.71298980712891,33.350799560546875
94834985,2025,2025-09-08,9620,2025-09-02,1030,018247,T602,2,1,9,1300,0,1,1,,2,082,"I-8 E/B",SR-186,1300.00,E,N,B,C,Y,IMP,,8," ",R,91.007,H,,R,N,4,0,1,2,A,-,03,22350,,N,B,C,A,B,H,-,A,D,0,,,,,Y,,A,07,0,0,1,0,0,0,0,0,0,"- ","- ",32.742900848388672,-114.71566009521484,IMPERIAL,UNINCORPORATED,-114.71566009521484,32.742855072021484
94835000,2025,2025-09-08,9620,2025-09-04,2037,023218,T602,4,2,9,1300,0,2,4,,1,075,"PICACHO RD","SAN PASCUAL SCHOOL RD",105.00,S,N,C,G,N,,,,,,,,,,N,3,0,2,1,A,-,03,22350,,N,E,I,A,B,H,-,D,D,0,,,,,Y,,D,22,0,2,0,0,0,0,0,0,0,"- ","- ",32.745090484619141,-114.61602020263672,IMPERIAL,UNINCORPORATED,-114.61589050292969,32.745162963867188
94836937,2025,2025-09-09,9625,2025-09-06,"845 ",018773,,6,1,9,1300,0,1,1,,2,005,"INTERSTATE 8 (E/B)","DOGWOOD ROAD",1320.00,E,N,A,-,Y,IMP,,8," ",R,39.342,H,,R,N,4,0,1,1,C,-,18,,,N,E,J,A,A,H,-,A,D,0,,,,,Y,,-,"- ",0,0,1,0,0,0,0,0,0,"- ","- ",32.773750305175781,-115.52870941162109,IMPERIAL,UNINCORPORATED,-115.52870941162109,32.773712158203125
94836998,2025,2025-09-09,9625,2025-08-29,1215,019582,,5,1,9,1300,0,3,5,,2,010,"INTERNATIONAL BLVD","E THIRD ST.",0.00,,Y,A,-,N,,,,,,,,,,N,3,0,1,2,A,-,09,21802,A,N,D,C,A,A,H,-,A,A,0,,,,,Y,,A,07,0,1,0,0,0,0,0,0,0,"- ","- ",33.239078521728516,-115.51483917236328,IMPERIAL,UNINCORPORATED,-115.51483154296875,33.239078521728516
94839023,2025,2025-09-10,9625,2025-08-26,1617,021107,,2,2,9,1300,0,1,3,,2,053,"STATE ROUTE 111 S/B FROM E/B HEBER ROAD","HEBER ROAD",100.00,S,N,A,-,Y,,,,,,,,,,Y,3,0,1,1,A,-,01,23152,A,N,F,A,A,A,H,-,A,D,0,,,,,Y,Y,A,07,0,1,0,0,0,0,0,0,0,"- ","- ",32.730369567871094,-115.5009765625,IMPERIAL,UNINCORPORATED,-115.50051116943359,32.730396270751953
9484263,2022,2022-07-25,1301,2022-05-06,1948,410,BRAWL,5,5,3,1301,0,0,0,,0,0B4,"MAIN ST","SEABOLT WY",0.00,,Y,A,-,N,,,,,,,,,,N,4,0,1,2,A,-,09,21801,A,N,D,C,A,A,H,-,C,D,0,,,Y,,Y,,A,07,0,0,1,0,0,0,0,0,0,"- ","- ",,,IMPERIAL,BRAWLEY,-115.50439453125,32.978618621826172
94842744,2025,2025-09-12,9625,2025-09-02,1525,022132,,2,2,9,1300,0,1,3,,1,011,SR-86,"BAUGHMAN RD",0.00,,Y,A,-,Y,IMP,,86," ",R,26.488,H,,L,Y,4,0,3,3,A,-,09,21803,A,N,D,C,A,A,H,-,A,A,0,,,,,Y,,D,22,0,0,3,0,0,0,0,0,0,"- ","- ",33.030071258544922,-115.60952758789062,IMPERIAL,UNINCORPORATED,-115.60956573486328,33.030052185058594
94843922,2025,2025-09-15,9620,2025-09-13,2355,018028,,6,3,9,1300,0,1,1,,2,081,"INTERSTATE 8","BROCK RESEARCH CENTER RD.",528.00,W,N,A,-,Y,IMP,,8," ",R,68.687,H,,R,Y,3,0,1,2,A,-,03,22350,,N,C,C,A,A,H,-,D,D,0,,,,,Y,,D,22,0,1,0,0,0,0,0,0,0,"- ","- ",32.707729339599609,-115.03943634033203,IMPERIAL,UNINCORPORATED,-115.03944396972656,32.707767486572266
94843924,2025,2025-09-15,9620,2025-09-11,"935 ",018734,,4,1,9,1300,0,1,3,,1,063,SR-78,"OGILBY RD",3960.00,E,N,A,-,Y,IMP,,78," "," ",53.089,H,,R,Y,3,0,1,1,A,-,08,22107,,N,F,A,A,A,H,-,A,D,0,,,,,Y,,A,01,0,1,0,0,0,0,0,0,0,"- ","- ",33.092708587646484,-114.90251922607422,IMPERIAL,UNINCORPORATED,-114.90257263183594,33.092727661132812
94844534,2025,2025-09-15,9620,2025-08-30,"330 ",023748,,6,3,9,1300,0,1,1,,2,082,"INTERSTATE 8 E/B FROM WINTERHAVEN DRIVE","WINTERHAVEN DRIVE",125.00,E,N,A,-,Y,IMP,,8," ",R,96.583,H,,R,Y,3,0,1,1,A,-,03,22350,,N,F,A,A,A,H,-,C,D,0,,,,,Y,,A,01,0,1,0,0,0,0,0,0,0,"- ","- ",32.731369018554688,-114.62406158447266,IMPERIAL,UNINCORPORATED,-114.6240234375,32.731452941894531
9484489,2022,2022-08-29,1301,2022-08-01,1716,907,BRAWL,1,5,3,1301,0,0,0,,0,0B1,IMPERIAL,A,0.00,,Y,A,-,N,,,,,,,,,,Y,4,0,1,2,A,-,12,22450,,N,D,C,A,A,H,-,A,A,0,,,,,Y,,A,01,0,0,1,0,0,0,0,0,0,"- ","- ",32.984161376953125,-115.53495788574219,IMPERIAL,BRAWLEY,-115.53497314453125,32.984161376953125
94846807,2024,2025-09-16,9620,2024-10-05,1625,021051,T602,6,2,9,1300,0,1,1,,2,082,"I-8 W/B","WINTERHAVEN DR/4TH AVE",38.00,E,N,A,-,Y,IMP,,8," ",R,96.561,H,,L,Y,1,1,1,2,A,-,08,22107,,N,C,C,A,A,H,-,A,A,0,,,,,Y,Y,A,01,0,1,0,0,0,0,0,0,0,"- ","- ",32.731861114501953,-114.62433624267578,IMPERIAL,UNINCORPORATED,-114.62435150146484,32.731830596923828
94848888,2025,2025-09-17,9625,2025-09-05,"447 ",022114,,5,3,9,1300,0,1,3,,2,024,SR-78,"BUTTERS RD",0.00,,Y,A,-,Y,IMP,,78," "," ",23.141,H,,R,Y,3,0,3,2,A,-,08,22107,,N,D,C,A,A,H,-,B,D,0,,,,,Y,,D,22,0,1,2,0,0,0,0,0,0,"- ","- ",32.974651336669922,-115.37178039550781,IMPERIAL,UNINCORPORATED,-115.37178039550781,32.974662780761719
9484890,2022,2022-08-29,1304,2022-08-05,0401,335,E1,5,5,4,1304,0,0,0,,0,EAST,"N 8TH",BROADWAY,37.00,E,N,A,-,N,,,,,,,,,,Y,4,0,1,1,A,-,01,23152,A,N,A,I,A,A,H,-,A,A,0,,,,,Y,Y,A,01,0,0,1,0,0,0,0,0,0,"- ","- ",,,IMPERIAL,"EL CENTRO",-115.56144714355469,32.793758392333984
9484891,2022,2022-08-29,1304,2022-08-16,0849,368,E1,2,5,4,1304,0,0,0,,0,EAST,HOPE,HOLT,0.00,,Y,A,-,N,,,,,,,,,,Y,3,0,1,2,A,-,12,22450,A,N,D,C,A,A,H,-,A,A,0,,,,,Y,,A,01,0,1,0,0,0,0,0,0,0,"- ","- ",,,IMPERIAL,"EL CENTRO",-115.53971099853516,32.787738800048828
9484892,2022,2022-09-30,1304,2022-08-09,1544,368,E1,2,5,4,1304,0,0,0,,0,WEST,"MAIN ST","S 12TH STREET",0.00,,N,A,-,N,,,,,,,,,,N,4,0,1,2,A,-,09,21804,A,N,G,B,F,A,H,-,A,A,0,Y,,,,Y,,A,01,0,0,1,0,1,0,0,0,0,"- ","- ",,,IMPERIAL,"EL CENTRO",-115.56553649902344,32.792831420898438
94850008,2025,2025-09-18,9625,2025-09-06,2324,023324,,6,3,9,1300,0,1,1,,2,001,"INTERSTATE 8 (E/B)","IN-KO-PAH PARK ROAD",6336.00,E,N,A,-,Y,IMP,,8," ",R,1.719,H,,R,Y,4,0,1,1,A,-,08,22107,,N,E,I,A,A,H,-,D,D,0,,,,,Y,,A,07,0,0,1,0,0,0,0,0,0,"- ","- ",32.664268493652344,-116.10575866699219,IMPERIAL,UNINCORPORATED,-116.10562896728516,32.664295196533203
94850380,2025,2025-09-18,9625,2025-09-08,"706 ",019035,,1,1,9,1300,0,1,3,,1,011,"SR-86 NORTHBOUND","LACK ROAD",792.00,N,N,A,-,Y,IMP,,86," ",R,29.162,H,,R,N,3,0,1,1,A,-,08,22107,,N,F,J,A,A,H,-,A,D,0,,,,Y,Y,,G,25,0,1,0,0,0,0,0,0,0,"- ","- ",33.037368774414062,-115.65004730224609,IMPERIAL,UNINCORPORATED,-115.65004730224609,33.037395477294922
9485126,2022,2022-08-24,1301,2022-06-01,1129,901,BRAWL,3,5,3,1301,0,0,0,,0,0B3,"B ST","N 11TH ST",204.00,E,N,A,-,N,,,,,,,,,,Y,4,0,1,2,A,-,08,22107,,N,D,C,A,A,H,-,A,D,0,,,,,Y,,A,01,0,0,1,0,0,0,0,0,0,"- ","- ",,,IMPERIAL,BRAWLEY,-115.52352142333984,32.983070373535156
94851285,2025,2025-09-19,9625,2025-09-05,1440,022010,,5,2,9,1300,0,2,4,,2,046,"DOGWOOD ROAD","ATEN ROAD",220.00,N,N,A,-,N,,,,,,,,,,Y,3,0,4,3,A,-,03,22350,,N,C,C,A,A,H,-,A,A,0,,,,,Y,,A,07,0,1,3,0,0,0,0,0,0,"- ","- ",32.826099395751953,-115.53574371337891,IMPERIAL,UNINCORPORATED,-115.53569793701172,32.826030731201172
94851734,2025,2025-09-19,9625,2025-09-10,1441,021107,,3,2,9,1300,0,3,5,,2,010,"SOUTH MARINA DRIVE","HARBOR DRIVE",0.00,,Y,A,-,N,,,,,,,,,,N,4,0,1,2,A,-,09,21802,A,N,D,C,A,A,H,-,A,A,0,,,,,Y,,A,01,0,0,1,0,0,0,0,0,0,"- ","- ",33.287250518798828,-115.96298980712891,IMPERIAL,UNINCORPORATED,-115.96303558349609,33.287273406982422
94852921,2025,2025-09-22,9625,2025-09-11,1825,021994,,4,2,9,1300,0,3,5,,2,050,"HEBER AVE","E 7TH ST",100.00,N,N,A,-,N,,,,,,,,,,N,4,0,1,2,A,-,06,21755,A,N,B,C,A,A,H,-,A,D,0,,,,,Y,,A,01,0,0,1,0,0,0,0,0,0,"- ","- ",32.732040405273438,-115.53015899658203,IMPERIAL,UNINCORPORATED,-115.53008270263672,32.732002258300781
94852928,2025,2025-09-22,9625,2025-09-15,1815,021994,,1,2,9,1300,0,3,5,,2,050,"STATE ROUTE 7 (S/B)","MAGGIO RD",265.00,S,N,A,-,N,,,,,,,,,,N,3,0,1,2,A,-,07,21658,A,N,B,C,A,A,H,-,A,D,0,,,Y,,Y,,A,01,0,1,0,0,0,0,0,0,1,"- ","- ",32.683158874511719,-115.38819122314453,IMPERIAL,UNINCORPORATED,-115.38094329833984,32.686084747314453
94852932,2025,2025-09-22,9625,2025-09-18,1805,020054,,4,2,9,1300,0,1,1,,2,006,"I-8 W/B","BOWKER ROAD",1373.00,W,N,C,G,Y,IMP,,8," ",R,42.272,H,,L,Y,3,0,1,1,C,-,18,,,N,F,A,A,B,H,-,A,D,0,,,,Y,Y,,-,"- ",0,1,0,0,0,0,0,0,0,"- ","- ",32.773788452148438,-115.47843933105469,IMPERIAL,UNINCORPORATED,-115.47843933105469,32.773750305175781
94852952,2025,2025-09-22,9625,2025-09-17,1740,022934,,3,2,9,1300,0,2,4,,2,046,"DOGWOOD ROAD","BLACK HILLS ROAD",0.00,,Y,B,-,N,,,,,,,,,,Y,3,0,2,2,A,-,09,21802,A,N,D,C,A,A,H,-,A,A,0,,,,,Y,,A,01,0,2,0,0,0,0,0,0,0,"- ","- ",32.741561889648438,-115.53475952148438,IMPERIAL,UNINCORPORATED,-115.53466796875,32.741569519042969
94854587,2025,2025-09-22,9625,2025-09-10,1916,021107,,3,2,9,1300,0,3,5,,2,010,"SHORE LIFE AVENUE","SHORE TIME PLACE",80.00,E,N,A,-,N,,,,,,,,,,N,2,0,1,1,A,-,01,23152,F,N,F,A,A,A,H,-,B,D,0,,,Y,,Y,,C,02,1,0,0,0,0,0,0,0,1,"- ","- ",33.306240081787109,-115.95564270019531,IMPERIAL,UNINCORPORATED,-115.95574951171875,33.306156158447266
94854589,2025,2025-09-22,9625,2025-08-19,"542 ",019668,,2,3,9,1300,0,2,4,,2,046,"DOGWOOD ROAD","FAWCETT ROAD",1294.00,S,N,A,-,N,,,,,,,,,,Y,1,1,0,2,A,-,06,21750,A,N,D,C,A,A,H,-,B,D,0,,,Y,,Y,,C,02,0,0,0,0,0,0,0,1,0,"- ","- ",32.719760894775391,-115.53433227539062,IMPERIAL,UNINCORPORATED,-115.53427886962891,32.719814300537109
9485851,2022,2022-09-07,1304,2022-08-29,1049,363,EPTRL,1,5,4,1304,0,0,0,,0,EAST,DOGWOOD,MAIN,107.00,N,N,A,-,N,,,,,,,,,,Y,3,0,1,2,A,-,09,21804,A,N,B,C,A,A,H,-,A,D,0,,,,,Y,Y,-,,0,1,0,0,0,0,0,0,0,"- ","- ",32.793540954589844,-115.53569030761719,IMPERIAL,"EL CENTRO",-115.53565216064453,32.792819976806641
9485852,2022,2022-09-07,1304,2022-08-19,0920,322,EEAST,5,5,4,1304,0,0,0,,0,EAST,ORANGE,FAIRFIELD,0.00,,Y,A,-,N,,,,,,,,,,Y,3,0,3,2,A,-,09,21801,A,N,D,C,A,A,H,-,A,D,0,,,,,Y,,A,01,0,3,0,0,0,0,0,0,0,"- ","- ",32.788101196289062,-115.54190826416016,IMPERIAL,"EL CENTRO",-115.5418701171875,32.788764953613281
94861546,2025,2025-09-26,9625,2025-09-13,1225,021232,,6,1,9,1300,0,3,5,,2,020,"HOVLEY ROAD","ANDRE ROAD",1170.00,S,N,A,-,Y,,,,,,,,,,Y,4,0,1,2,A,-,03,22350,,N,C,C,A,A,H,-,A,D,0,,,,,Y,,D,22,0,0,1,0,0,0,0,0,0,"- ","- ",33.012241363525391,-115.54412078857422,IMPERIAL,UNINCORPORATED,-115.54408264160156,33.012252807617188