CASE_ID,ACCIDENT_YEAR,PROC_DATE,JURIS,COLLISION_DATE,COLLISION_TIME,OFFICER_ID,REPORTING_DISTRICT,DAY_OF_WEEK,CHP_SHIFT,POPULATION,CNTY_CITY_LOC,SPECIAL_COND,BEAT_TYPE,CHP_BEAT_TYPE,CITY_DIVISION_LAPD,CHP_BEAT_CLASS,BEAT_NUMBER,PRIMARY_RD,SECONDARY_RD,DISTANCE,DIRECTION,INTERSECTION,WEATHER_1,WEATHER_2,STATE_HWY_IND,CALTRANS_COUNTY,CALTRANS_DISTRICT,STATE_ROUTE,ROUTE_SUFFIX,POSTMILE_PREFIX,POSTMILE,LOCATION_TYPE,RAMP_INTERSECTION,SIDE_OF_HWY,TOW_AWAY,COLLISION_SEVERITY,NUMBER_KILLED,NUMBER_INJURED,PARTY_COUNT,PRIMARY_COLL_FACTOR,PCF_CODE_OF_VIOL,PCF_VIOL_CATEGORY,PCF_VIOLATION,PCF_VIOL_SUBSECTION,HIT_AND_RUN,TYPE_OF_COLLISION,MVIW,PED_ACTION,ROAD_SURFACE,ROAD_COND_1,ROAD_COND_2,LIGHTING,CONTROL_DEVICE,CHP_ROAD_TYPE,PEDESTRIAN_ACCIDENT,BICYCLE_ACCIDENT,MOTORCYCLE_ACCIDENT,TRUCK_ACCIDENT,NOT_PRIVATE_PROPERTY,ALCOHOL_INVOLVED,STWD_VEHTYPE_AT_FAULT,CHP_VEHTYPE_AT_FAULT,COUNT_SEVERE_INJ,COUNT_VISIBLE_INJ,COUNT_COMPLAINT_PAIN,COUNT_PED_KILLED,COUNT_PED_INJURED,COUNT_BICYCLIST_KILLED,COUNT_BICYCLIST_INJURED,COUNT_MC_KILLED,COUNT_MC_INJURED,PRIMARY_RAMP,SECONDARY_RAMP,LATITUDE,LONGITUDE,COUNTY,CITY,POINT_X,POINT_Y
9535396,2023,2023-02-16,1301,2023-01-09,1031,9A11,BRAWL,1,5,3,1301,0,0,0,,0,004,MAIN,"CESAR CHAVEZ",0.00,,N,A,-,N,,,,,,,,,,Y,2,0,2,2,A,-,08,22107,,N,B,E,A,A,H,-,A,A,0,,,,,Y,,D,22,1,1,0,0,0,0,0,0,0,"- ","- ",32.584300994873047,-115.31289672851562,IMPERIAL,BRAWLEY,-115.52639770507812,32.978626251220703
9537952,2022,2023-01-12,1304,2022-12-05,1100,368,E1,1,5,4,1304,0,0,0,,0,WEST,IMPERIAL,OCOTILLO,0.00,,Y,A,-,N,,,,,,,,,,N,3,0,1,2,A,-,05,21650,1,N,-,G,A,A,H,-,A,A,0,,Y,,,Y,,L,04,0,1,0,0,0,0,1,0,0,"- ","- ",,,IMPERIAL,"EL CENTRO",-115.56957244873047,32.777179718017578
9537953,2022,2023-01-12,1304,2022-12-04,1331,366,E1,7,5,4,1304,0,0,0,,0,WEST,ORANGE,"LA BRUCHERIE",344.00,E,N,A,-,N,,,,,,,,,,Y,3,0,1,2,A,-,08,22107,,N,A,E,A,A,H,-,A,D,0,,,,,Y,Y,A,07,0,1,0,0,0,0,0,0,0,"- ","- ",,,IMPERIAL,"EL CENTRO",-115.57746887207031,32.788761138916016
9538095,2022,2023-01-17,1304,2022-11-27,1806,E365,ELCE,7,5,4,1304,0,0,0,,0,ELCENT,"S 4TH ST","SOUTHWIND DR",0.00,,Y,A,-,N,,,,,,,,,,N,4,0,1,2,A,-,08,22107,,N,C,C,A,A,H,-,C,A,0,,,,,Y,,A,01,0,0,1,0,0,0,0,0,0,"- ","- ",,,IMPERIAL,"EL CENTRO",-115.55230712890625,32.774608612060547
9546236,2022,2023-02-17,1304,2022-11-16,1829,368,E1,3,5,4,1304,0,0,0,,0,WEST,IMPERIAL,EUCLID,0.00,,Y,A,-,Y,IMP,11,86,-,-,7.470,H,-,N,Y,2,0,1,2,A,-,11,21954,A,N,G,B,D,A,H,-,C,D,0,Y,,,,Y,Y,N,60,1,0,0,0,1,0,0,0,0,"- ","- ",,,IMPERIAL,"EL CENTRO",-115.56987762451172,32.798957824707031
9546269,2022,2023-02-17,1304,2022-12-29,1611,358,,4,5,4,1304,0,0,0,,0,WEST,IMPERIAL,LINCOLN,0.00,,Y,A,-,Y,IMP,11,86,-,-,8.040,H,-,S,N,3,0,1,2,A,-,09,21804,A,N,B,C,A,A,H,-,A,A,0,,,Y,,Y,,A,01,0,1,0,0,0,0,0,0,1,"- ","- ",,,IMPERIAL,"EL CENTRO",-115.56997680664062,32.8072509765625
9546273,2022,2023-02-17,1304,2022-12-16,0759,358,,5,5,4,1304,0,0,0,,0,EAST,4TH,SOUTHWIND,37.00,S,N,A,-,Y,IMP,11,86,-,-,6.040,H,-,N,Y,3,0,1,2,A,-,05,21650,,N,D,C,A,A,H,-,A,D,0,,,,,Y,,A,01,0,1,0,0,0,0,0,0,0,"- ","- ",,,IMPERIAL,"EL CENTRO",-115.55213928222656,32.774402618408203
9546277,2022,2023-02-17,1304,2022-12-31,1915,357,,6,5,4,1304,0,0,0,,0,EWEST,"IMPERIAL AV","CRUICKSHANK DR",0.00,,Y,A,-,Y,IMP,11,86,-,-,8.552,I,5,N,N,4,0,1,2,A,-,12,21453,A,N,A,B,B,A,H,-,C,A,0,Y,,,,Y,,A,01,0,0,1,0,1,0,0,0,0,"- ","- ",,,IMPERIAL,"EL CENTRO",-115.56980133056641,32.814891815185547
9547161,2022,2023-03-02,1301,2022-11-15,1129,9A5,BRAWL,2,5,3,1301,0,0,0,,0,001,"NORTH IMPERIAL AV","D ST",0.00,,Y,A,-,N,,,,,,,,,,N,3,0,2,2,A,-,09,21801,A,N,D,C,A,A,H,-,A,A,0,,,,,Y,,D,22,0,2,0,0,0,0,0,0,0,"- ","- ",,,IMPERIAL,BRAWLEY,-115.53498077392578,32.980869293212891
9547257,2022,2023-02-23,1301,2022-12-25,1740,907,BRAWL,7,5,3,1301,0,0,0,,0,0B2,"1ST ST","J ST",0.00,,Y,A,-,N,,,,,,,,,,Y,3,0,3,2,A,-,01,23153,,N,D,C,A,A,H,-,C,A,0,,,,,Y,Y,A,01,0,1,2,0,0,0,0,0,0,"- ","- ",32.974178314208984,-115.54157257080078,IMPERIAL,BRAWLEY,-115.54164123535156,32.974208831787109
9547258,2022,2023-02-23,1301,2022-12-30,1122,949,BRAWL,5,5,3,1301,0,0,0,,0,0B1,"2ND ST","E ST",0.00,,Y,A,-,N,,,,,,,,,,Y,4,0,1,2,A,-,09,21802,A,N,-,C,A,A,H,-,A,A,0,,,,,Y,,A,01,0,0,1,0,0,0,0,0,0,"- ","- ",,,IMPERIAL,BRAWLEY,-115.53943634033203,32.979770660400391
9548641,2022,2023-02-13,1304,2022-12-09,1355,368,E1,5,5,4,1304,0,0,0,,0,EAST,MAIN,1ST,0.00,,Y,A,-,N,,,,,,,,,,Y,3,0,3,2,A,-,09,21802,A,N,D,C,A,A,H,-,A,A,0,,,,,Y,,-,,0,2,1,0,0,0,0,0,0,"- ","- ",,,IMPERIAL,"EL CENTRO",-115.54415893554688,32.792831420898438
9548642,2022,2023-02-13,1304,2022-12-24,1452,341,EEAS,6,5,4,1304,0,0,0,,0,EAST,"E ROSS","INDUSTRY WY",0.00,,N,A,-,N,,,,,,,,,,N,3,0,1,1,A,-,08,22107,,N,E,I,A,A,H,-,A,D,0,,,,,Y,,A,01,0,1,0,0,0,0,0,0,0,"- ","- ",,,IMPERIAL,"EL CENTRO",-115.52776336669922,32.781501770019531
9548643,2022,2023-02-13,1304,2022-12-21,1454,358,,3,5,4,1304,0,0,0,,0,WEST,"LA BRUCHERIE",EUCLID,0.00,,Y,A,-,N,,,,,,,,,,Y,4,0,2,2,A,-,09,21802,A,N,D,C,A,A,H,-,A,A,0,,,,,Y,,A,01,0,0,2,0,0,0,0,0,0,"- ","- ",,,IMPERIAL,"EL CENTRO",-115.57868194580078,32.798374176025391
9548644,2022,2023-02-13,1304,2022-12-16,1137,358,,5,5,4,1304,0,0,0,,0,EAST,6TH,ORANGE,0.00,,Y,A,-,N,,,,,,,,,,Y,4,0,1,2,A,-,09,21802,A,N,D,C,A,A,H,-,A,A,0,,,,,Y,,A,07,0,0,1,0,0,0,0,0,0,"- ","- ",,,IMPERIAL,"EL CENTRO",-115.55693054199219,32.788791656494141
9551015,2023,2023-03-07,1301,2023-01-01,1401,907,BRAWL,7,5,3,1301,0,0,0,,0,0B4,"DOGWOOD RD","MEAD RD",680.00,S,N,A,-,N,,,,,,,,,,Y,4,0,2,2,A,-,08,22107,,N,D,C,A,A,H,-,A,A,0,,,,,Y,,A,01,0,0,2,0,0,0,0,0,0,"- ","- ",32.95452880859375,-115.53549194335938,IMPERIAL,BRAWLEY,-115.53550720214844,32.954498291015625
9554815,2023,2023-03-29,1304,2023-02-03,1739,355,ELCE,5,5,4,1304,0,0,0,,0,EAST,"4TH ST","HAMILTON AV",0.00,,Y,A,-,Y,IMP,11,86,-,-,6.825,I,5,S,Y,4,0,1,2,A,-,09,21802,A,N,D,C,A,A,H,-,B,-,0,,,,,Y,,A,01,0,0,1,0,0,0,0,0,0,"- ","- ",32.785869598388672,-115.55258941650391,IMPERIAL,"EL CENTRO",-115.55249786376953,32.785820007324219
9554866,2023,2023-03-23,1304,2023-02-12,"911 ",358,,7,5,4,1304,0,0,0,,0,EAST,"4TH ST","ROSS AV",94.00,,N,A,-,Y,IMP,11,86,-,-,6.520,H,-,N,Y,4,0,2,3,A,-,03,22350,,N,C,C,A,A,H,-,A,D,0,,,,,Y,,A,01,0,0,2,0,0,0,0,0,0,"- ","- ",,,IMPERIAL,"EL CENTRO",-115.55242919921875,32.781265258789062
9555011,2023,2023-03-20,1301,2023-02-12,"458 ",914,BRAWL,7,5,3,1301,0,0,0,,0,004,"MAIN ST","CESAR CHAVEZ AV",158.00,E,N,A,-,N,,,,,,,,,,Y,4,0,1,2,A,-,01,23152,A,N,C,E,A,A,H,-,C,A,0,,,,,Y,Y,A,01,0,0,1,0,0,0,0,0,0,"- ","- ",,,IMPERIAL,BRAWLEY,-115.52588653564453,32.978630065917969
9555228,2023,2023-04-24,1304,2023-03-04,1628,366,E1,6,5,4,1304,0,0,0,,0,EAST,"RT 86",BROADWAY,0.00,,Y,A,-,Y,IMP,11,86,-,L,7.360,H,-,N,Y,4,0,1,2,A,-,03,22350,,N,A,D,A,A,-,-,A,D,0,,,,,Y,,A,01,0,0,1,0,0,0,0,0,0,"- ","- ",32.793571472167969,-115.55243682861328,IMPERIAL,"EL CENTRO",-115.55247497558594,32.793617248535156
9555232,2023,2023-04-24,1304,2023-03-07,"828 ",E0187,EAST,2,5,4,1304,0,0,0,,0,EAST,4TH,ORANGE,150.00,S,N,A,-,Y,IMP,11,86,-,-,6.990,H,-,N,Y,3,0,1,2,A,-,03,22350,,N,C,C,A,A,H,-,B,A,0,,,,,Y,,A,01,0,1,0,0,0,0,0,0,0,"- ","- ",32.787979125976562,-115.55246734619141,IMPERIAL,"EL CENTRO",-115.55252075195312,32.788215637207031
9555236,2023,2023-04-24,1304,2023-03-07,1711,358,,2,5,4,1304,0,0,0,,0,WEST,IMPERIAL,CRUICKSHANK,0.00,,Y,A,-,Y,IMP,11,86,-,-,8.552,I,5,N,Y,3,0,3,3,A,-,12,21453,A,N,D,C,A,A,H,-,A,A,0,,,,,Y,,A,01,0,2,1,0,0,0,0,0,0,"- ","- ",,,IMPERIAL,"EL CENTRO",-115.56980133056641,32.814891815185547
9555240,2023,2023-04-24,1304,2023-03-06,1554,E4277,EPTRL,1,5,4,1304,0,0,0,,0,WEST,IMPERIAL,VILLA,197.00,N,N,B,-,Y,IMP,11,86,-,-,7.850,H,-,N,N,3,0,1,2,A,-,03,22350,,N,C,C,A,A,H,-,A,A,0,,,,,Y,,A,07,0,1,0,0,0,0,0,0,0,"- ","- ",,,IMPERIAL,"EL CENTRO",-115.56976318359375,32.804386138916016
9559121,2023,2023-03-17,1304,2023-02-14,1421,361,ELCE,2,5,4,1304,0,0,0,,0,WEST,"LA BRUCHERIE",EUCLID,0.00,,Y,B,-,N,,,,,,,,,,Y,4,0,1,2,A,-,09,21802,A,N,D,C,A,A,H,-,A,A,0,,,,,Y,,A,07,0,0,1,0,0,0,0,0,0,"- ","- ",,,IMPERIAL,"EL CENTRO",-115.57868194580078,32.798374176025391
9559122,2023,2023-03-17,1304,2023-02-03,"951 ",368,E1,5,5,4,1304,0,0,0,,0,WEST,STATE,11TH,0.00,,Y,A,-,N,,,,,,,,,,Y,3,0,2,2,A,-,09,21802,A,N,D,C,A,A,H,-,-,D,0,,,,,Y,,-,,0,2,0,0,0,0,0,0,0,"- ","- ",,,IMPERIAL,"EL CENTRO",-115.56440734863281,32.791751861572266
9559123,2023,2023-03-17,1304,2023-02-05,1056,366,E1,7,5,4,1304,0,0,0,,0,WEST,"19TH ST","VILLA AV",0.00,,N,A,-,N,,,,,,,,,,Y,2,0,1,2,A,-,08,22107,,N,C,E,A,A,H,-,A,D,0,,,,,Y,Y,A,01,1,0,0,0,0,0,0,0,0,"- ","- ",32.802150726318359,-115.57779693603516,IMPERIAL,"EL CENTRO",-115.57778167724609,32.80364990234375
9559124,2023,2023-08-25,1304,2023-02-05,"140 ",E4300,ELCE,7,5,4,1304,0,0,0,,0,WEST,"WESTWIND DR","S NINTH ST",0.00,,Y,A,-,N,,,,,,,,,,Y,4,0,1,2,A,-,01,23152,B,N,F,E,A,A,H,-,C,D,0,,,,,Y,Y,A,01,0,0,1,0,0,0,0,0,0,"- ","- ",32.777568817138672,-115.56170654296875,IMPERIAL,"EL CENTRO",-115.561767578125,32.777568817138672
9559915,2022,2023-03-20,1301,2022-12-21,1757,9A4,,3,5,3,1301,0,0,0,,0,0B2,"S IMPERIAL AV","K ST",57.00,S,N,A,-,N,,,,,,,,,,Y,3,0,1,2,A,-,21,22106,,N,D,C,A,A,H,-,C,D,0,,,,,Y,,A,01,0,1,0,0,0,0,0,0,0,"- ","- ",,,IMPERIAL,BRAWLEY,-115.53497314453125,32.972934722900391
9568572,2023,2023-05-16,1304,2023-04-23,"826 ",358,,7,5,4,1304,0,0,0,,0,EAST,ADAMS,8TH,0.00,,Y,A,-,Y,IMP,11,86,-,L,8.028,I,5,S,Y,3,0,2,2,A,-,12,21453,A,N,A,C,A,A,H,-,A,A,0,,,,,Y,,A,07,0,1,1,0,0,0,0,0,0,"- ","- ",,,IMPERIAL,"EL CENTRO",-115.56153106689453,32.796470642089844
9568595,2023,2023-05-16,1304,2023-02-15,1040,391,EPTRL,3,5,4,1304,0,0,0,,0,WEST,CRUICKSHANK,IMPERIAL,0.00,,Y,A,-,Y,IMP,11,86,-,-,8.552,I,5,S,Y,3,0,2,2,D,-,00,,,N,A,C,A,A,H,-,A,A,0,,,,,Y,,-,"- ",0,2,0,0,0,0,0,0,0,"- ","- ",,,IMPERIAL,"EL CENTRO",-115.56999969482422,32.814876556396484
9568741,2023,2023-05-16,1301,2023-04-08,1430,9A10,BRAWL,6,5,3,1301,0,0,0,,0,002,"S BRAWLEY AV","LEGION RD",0.00,,Y,A,-,Y,IMP,11,86,-,-,19.190,I,5,N,Y,4,0,1,3,A,-,12,21453,,N,B,C,A,A,H,-,A,A,0,,,,,Y,,A,07,0,0,1,0,0,0,0,0,0,"- ","- ",,,IMPERIAL,BRAWLEY,-115.55055236816406,32.959941864013672
9568971,2022,2023-06-16,1304,2022-12-09,1658,E0030,EAST,5,5,4,1304,0,0,0,,0,EAST,"ROSS AV","4TH ST",0.00,,Y,A,-,Y,IMP,11,86,-,L,6.534,I,6,N,N,3,0,1,2,A,-,10,21950,A,N,G,G,A,A,H,-,C,A,0,,Y,,,Y,,A,01,0,1,0,0,0,0,1,0,0,"- ","- ",,,IMPERIAL,"EL CENTRO",-115.55242919921875,32.781475067138672
9569020,2023,2023-06-14,1304,2023-05-30,1906,349,,2,5,4,1304,0,0,0,,0,WEST,"IMPERIAL AV","BRADSHAW AV",0.00,,Y,A,-,Y,IMP,11,86,-,-,8.270,H,-,N,N,3,0,1,2,A,-,03,22350,,N,C,C,A,A,H,-,A,A,0,,,,,Y,,A,07,0,1,0,0,0,0,0,0,0,"- ","- ",32.810661315917969,-115.56984710693359,IMPERIAL,"EL CENTRO",-115.56981658935547,32.810657501220703
9569024,2023,2023-06-16,1304,2023-05-17,"931 ",391,EPTRL,3,5,4,1304,0,0,0,,0,WEST,"N IMPERIAL",PICO,23.80,N,N,A,-,Y,IMP,11,86,-,-,7.930,I,5,N,Y,3,0,1,2,A,-,09,21453,C,N,D,C,A,A,H,-,A,A,0,,,,,Y,,A,01,0,1,0,0,0,0,0,0,0,"- ","- ",,,IMPERIAL,"EL CENTRO",-115.56975555419922,32.805633544921875
9569271,2023,2023-07-11,1304,2023-04-14,2142,349,1E,5,5,4,1304,0,0,0,,0,EAST,"E EVAN HEWES HWY","E EVAN HEWES HWY 1200",0.00,,-,A,-,N,,,,,,,,,,N,2,0,1,2,A,-,10,21950,,N,B,B,E,A,H,-,D,D,0,Y,,,,Y,,N,60,1,0,0,0,1,0,0,0,0,"- ","- ",32.79541015625,-115.51882171630859,IMPERIAL,"EL CENTRO",-115.51844024658203,32.795459747314453
9571282,2023,2023-04-29,1304,2023-03-13,1439,CX101,,1,5,4,1304,0,0,0,,0,WEST,"LA BRUCHERIE",ADAMS,154.00,N,N,A,-,N,,,,,,,,,,N,3,0,1,1,A,-,03,22350,,N,F,J,A,A,H,-,A,D,0,,,Y,,Y,,C,02,0,1,0,0,0,0,0,0,1,"- ","- ",,,IMPERIAL,"EL CENTRO",-115.57871246337891,32.796970367431641
9571283,2023,2023-04-29,1304,2023-03-08,1401,391,EPTRL,3,5,4,1304,0,0,0,,0,EAST,DANNENBERG,"HOTEL WY",0.00,,Y,A,-,N,,,,,,,,,,Y,3,0,1,2,D,-,00,,,N,D,C,A,A,H,-,A,A,0,,,,,Y,,-,"- ",0,1,0,0,0,0,0,0,0,"- ","- ",,,IMPERIAL,"EL CENTRO",,
9571284,2023,2023-04-29,1304,2023-03-02,1826,360,EAST,4,5,4,1304,0,0,0,,0,,"DOGWOOD RD","MAIN ST",0.00,,Y,A,-,N,,,,,,,,,,N,3,0,6,2,A,-,01,23153,F,N,C,J,A,A,H,-,C,A,0,,,,,Y,,D,22,0,6,0,0,0,0,0,0,0,"- ","- ",,,IMPERIAL,"EL CENTRO",-115.53565216064453,32.792823791503906
9571285,2023,2023-04-29,1304,2023-03-26,2134,325,ELCE,7,5,4,1304,0,0,0,,0,EAST,"8TH ST","ADAMS AV",0.00,,Y,A,-,N,,,,,,,,,,Y,3,0,1,2,A,-,12,21453,A,N,D,C,A,A,H,-,C,A,0,,,,,Y,,-,,0,1,0,0,0,0,0,0,0,"- ","- ",,,IMPERIAL,"EL CENTRO",-115.56147766113281,32.796550750732422
9571286,2023,2023-04-29,1304,2023-03-26,1108,358,,7,5,4,1304,0,0,0,,0,WEST,8TH,PARK,0.00,,Y,A,-,N,,,,,,,,,,Y,3,0,1,2,A,-,09,21802,A,N,D,C,A,A,H,-,A,A,0,,,,,Y,,A,01,0,1,0,0,0,0,0,0,0,"- ","- ",,,IMPERIAL,"EL CENTRO",-115.56147003173828,32.795783996582031
9571320,2023,2023-04-26,1304,2023-03-08,"412 ",E0145,ECSO,3,5,4,1304,0,0,0,,0,EAST,SOUTHWIND,"SOUTHWIND 400",0.00,,N,A,-,N,,,,,,,,,,Y,3,0,1,2,A,-,01,23152,A,N,B,E,A,A,H,-,C,D,0,,,,,Y,Y,A,07,0,1,0,0,0,0,0,0,0,"- ","- ",32.774650573730469,-115.55380249023438,IMPERIAL,"EL CENTRO",,
9571321,2023,2023-05-23,1304,2023-03-01,1123,391,EPTRL,3,5,4,1304,0,0,0,,0,WEST,IMPERIAL,OCOTILLO,223.00,N,N,A,-,N,,,,,,,,,,Y,3,0,1,1,A,-,08,22107,,N,E,I,A,A,H,-,A,D,0,,,,,Y,,A,01,0,1,0,0,0,0,0,0,0,"- ","- ",,,IMPERIAL,"EL CENTRO",-115.56965637207031,32.777774810791016
9571322,2023,2023-06-02,1304,2023-03-13,"700 ",361,ELCE,1,5,4,1304,0,0,0,,0,EAST,MAIN,DOGWOOD,182.00,W,N,A,-,N,,,,,,,,,,Y,4,0,2,2,A,-,09,21804,A,N,D,C,A,A,H,-,B,D,0,,,,,Y,,A,07,0,0,2,0,0,0,0,0,0,"- ","- ",,,IMPERIAL,"EL CENTRO",-115.53623962402344,32.792819976806641
9576523,2023,2023-05-11,1301,2023-03-02,1515,911,BRAWL,4,5,3,1301,0,0,0,,0,0B1,"N 8TH ST","E ST",120.00,N,N,A,-,N,,,,,,,,,,Y,4,0,2,2,A,-,03,22350,,N,C,C,A,A,H,-,A,A,0,,,,,Y,,A,08,0,0,2,0,0,0,0,0,0,"- ","- ",32.980140686035156,-115.53008270263672,IMPERIAL,BRAWLEY,-115.53003692626953,32.980087280273438
9576531,2023,2023-05-22,1301,2023-04-05,1843,9A2,BRAWL,3,5,3,1301,0,0,0,,0,002,"S BRAWLEY AV","W LEGION RD",0.00,,Y,A,F,Y,IMP,11,86,-,-,19.190,I,5,N,N,4,0,1,2,A,-,05,21650,1,N,H,G,A,A,H,-,A,A,0,,Y,,,Y,,L,04,0,0,1,0,0,0,1,0,0,"- ","- ",,,IMPERIAL,BRAWLEY,-115.55055236816406,32.959941864013672
9576851,2023,2023-05-22,1301,2023-03-09,1557,9A2,BRAWL,4,5,3,1301,0,0,0,,0,004,"RT 111","RT 78",0.00,,Y,A,-,Y,IMP,11,78,-,-,15.499,I,5,E,Y,4,0,1,3,A,-,12,21453,A,N,D,C,A,A,H,-,A,A,0,,,,Y,Y,,A,07,0,0,1,0,0,0,0,0,0,"- ","- ",,,IMPERIAL,BRAWLEY,-115.5013427734375,32.978641510009766
9576870,2023,2023-05-16,1301,2023-02-21,1929,910,,2,5,3,1301,0,0,0,,0,0B4,"RT 111","WILDCAT RD",0.00,,-,A,G,Y,IMP,11,111,-,R,20.940,H,-,N,Y,3,0,6,2,A,-,09,21801,A,N,C,C,A,A,H,-,C,A,0,,,,,Y,,A,01,0,1,5,0,0,0,0,0,0,"- ","- ",32.964099884033203,-115.50695037841797,IMPERIAL,BRAWLEY,-115.50676727294922,32.964076995849609
9577278,2023,2023-05-19,1304,2023-04-01,"135 ",326,EAST,6,5,4,1304,0,0,0,,0,1304,7TH,RAILROAD,0.00,,Y,A,-,N,,,,,,,,,,Y,3,0,2,1,A,-,01,23153,A,N,A,I,A,A,H,-,D,D,0,,,,,Y,Y,A,07,0,2,0,0,0,0,0,0,0,"- ","- ",32.800071716308594,-115.55921936035156,IMPERIAL,"EL CENTRO",-122.27139282226562,38.099483489990234
9577279,2023,2023-05-19,1304,2023-04-19,1437,358,,3,5,4,1304,0,0,0,,0,WEST,8TH,OLEANDER,129.00,N,N,A,-,N,,,,,,,,,,Y,4,0,1,2,A,-,01,23153,F,F,C,C,A,A,H,-,A,D,0,,,,,Y,,A,01,0,0,1,0,0,0,0,0,0,"- ","- ",,,IMPERIAL,"EL CENTRO",-115.56146240234375,32.803581237792969
9581274,2023,2023-06-30,1301,2023-05-05,"944 ",9A10,BRAME,5,5,3,1301,0,0,0,,0,002,"MALAN ST","9TH ST",0.00,,Y,A,-,N,,,,,,,,,,Y,4,0,1,2,A,-,09,21802,A,F,-,C,A,A,H,-,A,A,0,,,,,Y,,A,07,0,0,1,0,0,0,0,0,0,"- ","- ",,,IMPERIAL,BRAWLEY,-115.53037261962891,32.970760345458984
9581469,2023,2023-06-29,1301,2023-04-22,"644 ",904,BRAWL,6,5,3,1301,0,0,0,,0,002,"CATTLE CALL DR",WILLARD,1880.00,W,N,A,-,N,,,,,,,,,,Y,4,0,1,1,A,-,08,22107,,N,E,I,A,A,H,-,A,D,0,,,,,Y,,A,01,0,0,1,0,0,0,0,0,0,"- ","- ",,,IMPERIAL,BRAWLEY,-115.55359649658203,32.967075347900391
9583562,2023,2023-08-02,1304,2023-06-15,1623,322,EPTRL,4,5,4,1304,0,0,0,,0,EAST,"4TH ST",SMOKETREE,0.00,,Y,A,-,Y,IMP,11,86,-,-,6.114,I,5,S,Y,3,0,1,2,A,-,09,21801,A,N,B,C,A,A,H,-,A,D,0,,,,,Y,Y,A,01,0,1,0,0,0,0,0,0,0,"- ","- ",,,IMPERIAL,"EL CENTRO",-115.5523681640625,32.775379180908203
9584377,2023,2023-05-16,1304,2023-02-15,"640 ",358,WEST,3,5,4,1304,0,0,0,,0,,12TH,CRUICKSHANK,437.00,N,N,B,-,N,,,,,,,,,,N,2,0,1,2,A,-,11,21954,A,F,G,B,E,A,H,-,C,D,0,Y,,,,Y,,N,60,1,0,0,0,1,0,0,0,0,"- ","- ",,,IMPERIAL,"EL CENTRO",-115.56564331054688,32.815944671630859
9586516,2023,2023-06-07,1304,2023-03-24,2101,364,,5,5,4,1304,0,0,0,,0,,DOGWOOD,"MCCABE RD",0.00,,N,A,-,N,,,,,,,,,,N,4,0,1,2,A,-,08,22107,,N,B,C,A,A,H,-,C,A,0,,,,,Y,,J,48,0,0,1,0,0,0,0,0,0,"- ","- ",32.760410308837891,-115.53488922119141,IMPERIAL,"EL CENTRO",-115.53492736816406,32.752368927001953
9586663,2022,2023-06-27,1304,2022-12-17,1751,E0145,ELCE,6,5,4,1304,0,0,0,,0,WEST,"N IMPERIAL","W EUCLID AV",0.00,,N,A,-,Y,IMP,11,86,-,-,7.510,H,-,S,Y,3,0,1,2,A,-,03,22350,,N,C,C,A,A,H,-,A,D,0,,,,,Y,,A,07,0,1,0,0,0,0,0,0,0,"- ","- ",32.799461364746094,-115.57006072998047,IMPERIAL,"EL CENTRO",-115.57004547119141,32.799510955810547
9587655,2023,2023-06-07,1304,2023-05-17,"223 ",358,,3,5,4,1304,0,0,0,,0,WEST,HOLT,"LA BRUCHERIE",243.00,W,N,A,-,N,,,,,,,,,,Y,3,0,1,2,A,-,01,23152,A,N,F,E,A,A,H,-,C,-,0,,,,,Y,Y,A,01,0,1,0,0,0,0,0,0,0,"- ","- ",,,IMPERIAL,"EL CENTRO",-115.57936859130859,32.787918090820312
9587656,2023,2023-06-07,1304,2023-05-18,"334 ",359,,4,5,4,1304,0,0,0,,0,EAST,"STATE ST","4TH ST",573.00,E,N,A,-,N,,,,,,,,,,Y,3,0,1,2,A,-,01,23152,A,N,F,F,A,A,H,-,D,D,0,,,,,Y,Y,A,01,0,1,0,0,0,0,0,0,0,"- ","- ",,,IMPERIAL,"EL CENTRO",-115.55113983154297,32.791770935058594
9587657,2023,2023-06-07,1304,2023-05-05,1144,391,EPTRL,5,5,4,1304,0,0,0,,0,EAST,3RD,ROSS,37.00,N,N,A,-,N,,,,,,,,,,Y,3,0,1,2,A,-,08,22107,,N,D,C,A,A,H,-,A,A,0,,,,,Y,,A,01,0,1,0,0,0,0,0,0,0,"- ","- ",,,IMPERIAL,"EL CENTRO",-115.55030822753906,32.781562805175781
9587658,2023,2023-06-15,1306,2023-05-27,2130,342,,6,5,2,1306,0,0,0,,0,WEST,"IMPERIAL AV","VINE ST",0.00,,Y,A,-,N,,,,,,,,,,N,3,0,1,2,A,-,10,21950,A,F,G,G,A,A,H,-,C,D,0,,Y,,,Y,,-,99,0,1,0,0,0,0,1,0,0,"- ","- ",32.784900665283203,-115.56964874267578,IMPERIAL,IMPERIAL,-115.56976318359375,32.784904479980469
9588490,2023,2023-06-08,1304,2023-04-25,"827 ",391,EPTRL,2,5,4,1304,0,0,0,,0,WEST,VALLEYVIEW,CYPRESS,147.00,W,N,A,-,N,,,,,,,,,,Y,2,0,1,2,A,-,08,22107,,N,C,C,A,A,H,-,A,D,0,,,,,Y,,A,01,1,0,0,0,0,0,0,0,0,"- ","- ",,,IMPERIAL,"EL CENTRO",-115.56526184082031,32.759723663330078
9590564,2023,2023-06-12,1304,2023-02-28,2230,349,1E,2,5,4,1304,0,0,0,,0,EAST,4TH,DANNENBERG,0.00,,Y,A,-,N,,,,,,,,,,Y,3,0,1,1,A,-,01,23152,A,N,E,I,A,A,H,-,C,A,0,,,,,Y,Y,-,,0,1,0,0,0,0,0,0,0,"- ","- ",32.767139434814453,-115.55225372314453,IMPERIAL,"EL CENTRO",-115.55217742919922,32.766983032226562
9594435,2023,2023-06-30,1301,2023-05-31,1344,9A2,BRAWL,3,5,3,1301,0,0,0,,0,002,"K ST","S 3RD ST",0.00,,Y,A,-,N,,,,,,,,,,Y,3,0,2,2,A,-,08,22107,,N,C,E,A,A,H,-,A,D,0,,,,,Y,,A,01,0,2,0,0,0,0,0,0,0,"- ","- ",,,IMPERIAL,BRAWLEY,-115.53720855712891,32.973110198974609
9595303,2023,2023-07-19,1304,2023-06-20,1138,391,EPTRL,2,5,4,1304,0,0,0,,0,EAST,8TH,ORANGE,0.00,,Y,A,-,N,,,,,,,,,,Y,3,0,1,2,A,-,09,21802,A,N,D,C,A,A,H,-,A,A,0,,,,,Y,,A,01,0,1,0,0,0,0,0,0,0,"- ","- ",,,IMPERIAL,"EL CENTRO",-115.56137847900391,32.788780212402344