CASE_ID,ACCIDENT_YEAR,PROC_DATE,JURIS,COLLISION_DATE,COLLISION_TIME,OFFICER_ID,REPORTING_DISTRICT,DAY_OF_WEEK,CHP_SHIFT,POPULATION,CNTY_CITY_LOC,SPECIAL_COND,BEAT_TYPE,CHP_BEAT_TYPE,CITY_DIVISION_LAPD,CHP_BEAT_CLASS,BEAT_NUMBER,PRIMARY_RD,SECONDARY_RD,DISTANCE,DIRECTION,INTERSECTION,WEATHER_1,WEATHER_2,STATE_HWY_IND,CALTRANS_COUNTY,CALTRANS_DISTRICT,STATE_ROUTE,ROUTE_SUFFIX,POSTMILE_PREFIX,POSTMILE,LOCATION_TYPE,RAMP_INTERSECTION,SIDE_OF_HWY,TOW_AWAY,COLLISION_SEVERITY,NUMBER_KILLED,NUMBER_INJURED,PARTY_COUNT,PRIMARY_COLL_FACTOR,PCF_CODE_OF_VIOL,PCF_VIOL_CATEGORY,PCF_VIOLATION,PCF_VIOL_SUBSECTION,HIT_AND_RUN,TYPE_OF_COLLISION,MVIW,PED_ACTION,ROAD_SURFACE,ROAD_COND_1,ROAD_COND_2,LIGHTING,CONTROL_DEVICE,CHP_ROAD_TYPE,PEDESTRIAN_ACCIDENT,BICYCLE_ACCIDENT,MOTORCYCLE_ACCIDENT,TRUCK_ACCIDENT,NOT_PRIVATE_PROPERTY,ALCOHOL_INVOLVED,STWD_VEHTYPE_AT_FAULT,CHP_VEHTYPE_AT_FAULT,COUNT_SEVERE_INJ,COUNT_VISIBLE_INJ,COUNT_COMPLAINT_PAIN,COUNT_PED_KILLED,COUNT_PED_INJURED,COUNT_BICYCLIST_KILLED,COUNT_BICYCLIST_INJURED,COUNT_MC_KILLED,COUNT_MC_INJURED,PRIMARY_RAMP,SECONDARY_RAMP,LATITUDE,LONGITUDE,COUNTY,CITY,POINT_X,POINT_Y
9634121,2023,2023-12-22,1304,2023-11-22,"545 ",358,,3,5,4,1304,0,0,0,,0,EAST,MAIN,3RD,0.00,,Y,A,-,N,,,,,,,,,,Y,3,0,1,2,A,-,09,21801,A,N,D,C,A,A,H,-,B,D,0,,,,,Y,,A,01,0,1,0,0,0,0,0,0,0,"- ","- ",,,IMPERIAL,"EL CENTRO",-115.54879760742188,32.792842864990234
9637360,2023,2024-02-16,1301,2023-10-13,1438,910,BRAWL,5,5,3,1301,0,0,0,,0,0B2,"RT 86","PANNO RD",341.00,S,N,A,-,Y,IMP,11,86,-,-,19.410,H,-,N,Y,3,0,2,2,A,-,03,22350,,N,C,C,A,A,H,-,A,A,0,,,,,Y,,A,01,0,1,1,0,0,0,0,0,0,"- ","- ",,,IMPERIAL,BRAWLEY,-115.54888916015625,32.962779998779297
9637744,2023,2024-01-16,1304,2023-10-30,1052,391,EPTRL,1,5,4,1304,0,0,0,,0,EAST,"RT 86",STATE,0.00,,Y,A,-,Y,IMP,11,86,-,-,7.240,I,5,S,Y,4,0,1,2,A,-,08,22107,,N,D,C,A,A,H,-,A,A,0,,,,,Y,,A,07,0,0,1,0,0,0,0,0,0,"- ","- ",,,IMPERIAL,"EL CENTRO",-115.55252075195312,32.791854858398438
9638830,2023,2023-12-05,1301,2023-10-24,1317,913,BRAWL,2,5,3,1301,0,0,0,,0,0B3,"MAIN ST","EASTERN AV",0.00,,Y,A,-,N,,,,,,,,,,Y,3,0,1,2,A,-,12,21453,A,N,A,C,A,A,H,-,A,A,0,,,,,Y,,A,07,0,1,0,0,0,0,0,0,0,"- ","- ",,,IMPERIAL,BRAWLEY,-115.51778411865234,32.978626251220703
9640534,2023,2025-06-30,1304,2023-10-13,1929,358,,5,5,4,1304,0,0,0,,0,EAST,"4TH ST","STATE ST",89.00,S,N,A,-,Y,IMP,11,86,-,-,7.220,H,-,S,Y,1,2,1,3,A,-,03,22350,,N,G,B,D,A,H,-,C,D,0,Y,,,,Y,,A,01,0,1,0,2,0,0,0,0,0,"- ","- ",,,IMPERIAL,"EL CENTRO",-115.55252075195312,32.79156494140625
9642331,2023,2024-01-19,1304,2023-11-26,1635,E4276,,7,5,4,1304,0,0,0,,0,EWEST,STATE,"STATE 1400",0.00,,N,A,-,N,,,,,,,,,,N,4,0,1,2,A,-,17,21200,A,N,D,G,A,A,H,-,D,D,0,,Y,,,Y,,L,04,0,0,1,0,0,0,1,0,0,"- ","- ",,,IMPERIAL,"EL CENTRO",,
9642332,2023,2024-03-01,1304,2023-11-23,1931,339,,4,5,4,1304,0,0,0,,0,,"MAIN ST","S HOPE ST",0.00,,Y,A,-,N,,,,,,,,,,N,3,0,1,2,A,-,03,22350,,N,D,C,A,A,B,-,C,D,0,,,,,Y,,A,01,0,1,0,0,0,0,0,0,0,"- ","- ",32.790000915527344,-115.54000091552734,IMPERIAL,"EL CENTRO",-115.53973388671875,32.792831420898438
9642333,2023,2024-01-19,1304,2023-11-09,1354,391,EPTRL,4,5,4,1304,0,0,0,,0,WEST,CRUICKSHANK,IMPERIAL,324.00,E,N,A,-,N,,,,,,,,,,Y,3,0,2,2,A,-,03,22350,,N,D,C,A,A,H,-,A,D,0,,,,,Y,,A,01,0,2,0,0,0,0,0,0,0,"- ","- ",,,IMPERIAL,"EL CENTRO",-115.56893157958984,32.814731597900391
9642334,2023,2024-01-19,1304,2023-11-11,1940,339,EPTRL,6,5,4,1304,0,0,0,,0,,"WAKE AV","4TH ST",287.00,W,N,A,-,N,,,,,,,,,,N,3,0,1,2,A,-,11,21955,,M,G,B,D,A,H,-,D,D,0,Y,,,,Y,Y,N,60,0,1,0,0,1,0,0,0,0,"- ","- ",,,IMPERIAL,"EL CENTRO",-115.55324554443359,32.771190643310547
9642335,2023,2024-01-19,1304,2023-11-10,1322,342,EPTRL,5,5,4,1304,0,0,0,,0,EAST,8TH,MAIN,0.00,,Y,-,-,N,,,,,,,,,,N,4,0,1,3,A,-,12,21453,A,N,-,C,A,A,H,-,A,A,0,,,,,Y,,-,,0,0,1,0,0,0,0,0,0,"- ","- ",,,IMPERIAL,"EL CENTRO",-115.56143188476562,32.792831420898438
9642336,2023,2024-01-19,1304,2023-11-06,"600 ",325,ELCE,1,5,4,1304,0,0,0,,0,EAST,"S 5TH",MAIN,189.00,S,N,A,-,N,,,,,,,,,,N,3,0,1,2,A,-,10,21952,,N,G,A,E,A,H,-,C,D,0,Y,,,,Y,,-,,0,1,0,0,1,0,0,0,0,"- ","- ",,,IMPERIAL,"EL CENTRO",-115.55471801757812,32.792312622070312
9642338,2023,2024-01-19,1304,2023-11-06,1041,335,E1,1,5,4,1304,0,0,0,,0,EAST,5TH,ROSS,0.00,,Y,A,-,N,,,,,,,,,,Y,3,0,1,2,A,-,08,22107,,N,D,C,A,A,H,-,A,A,0,,,,,Y,,A,01,0,1,0,0,0,0,0,0,0,"- ","- ",,,IMPERIAL,"EL CENTRO",-115.55461883544922,32.781448364257812
9642485,2023,2023-12-21,1304,2023-10-18,1114,357,,3,5,4,1304,0,0,0,,0,EEAST,STATE,7TH,0.00,,Y,A,-,N,,,,,,,,,,N,4,0,1,2,A,-,10,21950,A,N,-,B,B,A,H,-,A,A,0,Y,,,,Y,,-,,0,0,1,0,1,0,0,0,0,"- ","- ",,,IMPERIAL,"EL CENTRO",-115.55912017822266,32.791778564453125
9642488,2023,2023-12-21,1304,2023-10-05,1909,331,EPTRL,4,5,4,1304,0,0,0,,0,WEST,"LA BRUCHERIE",ORANGE,0.00,,Y,A,-,N,,,,,,,,,,N,2,0,1,2,A,-,10,21954,B,N,G,B,B,A,H,-,C,-,0,Y,,,,Y,,-,,1,0,0,0,1,0,0,0,0,"- ","- ",,,IMPERIAL,"EL CENTRO",-115.57858276367188,32.788772583007812
9643281,2023,2023-11-28,1301,2023-10-27,1421,910,BRAWL,5,5,3,1301,0,0,0,,0,0BL,"W LEGION RD","EVELYN AV",224.00,W,N,A,-,N,,,,,,,,,,Y,4,0,1,1,A,-,03,22350,,N,E,I,A,A,H,-,A,A,0,,,,,Y,,D,22,0,0,1,0,0,0,0,0,0,"- ","- ",,,IMPERIAL,BRAWLEY,-115.55572509765625,32.959930419921875
9650101,2023,2024-02-20,1304,2023-12-07,"756 ",363,EPTRL,4,5,4,1304,0,0,0,,0,WEST,"8TH ST","HOLT AV",0.00,,Y,A,-,N,,,,,,,,,,N,3,0,1,3,A,-,09,21802,A,N,D,C,A,A,H,-,A,D,0,,,,,Y,Y,A,01,0,1,0,0,0,0,0,0,0,"- ","- ",32.787761688232422,-115.56143188476562,IMPERIAL,"EL CENTRO",-115.56135559082031,32.787792205810547
9650102,2023,2024-02-20,1304,2023-12-06,2343,339,EPTRL,3,5,4,1304,0,0,0,,0,WEST,ADAMS,"ADAMS 1751",0.00,,N,A,-,N,,,,,,,,,,Y,3,0,1,2,A,-,07,21658,A,N,C,E,A,A,H,-,D,D,0,,,,,Y,Y,A,01,0,1,0,0,0,0,0,0,0,"- ","- ",32.796611785888672,-115.57377624511719,IMPERIAL,"EL CENTRO",-115.55448150634766,32.796550750732422
9650133,2023,2024-02-16,1304,2023-12-01,"935 ",391,EPTRL,5,5,4,1304,0,0,0,,0,WEST,MAIN,14TH,0.00,,Y,A,-,N,,,,,,,,,,N,3,0,1,2,A,-,08,22107,,F,G,B,D,A,H,-,A,D,0,Y,,,,Y,,-,99,0,1,0,0,1,0,0,0,0,"- ","- ",,,IMPERIAL,"EL CENTRO",-115.56770324707031,32.792831420898438
9650134,2023,2024-02-16,1304,2023-12-08,1816,327,E1,5,5,4,1304,0,0,0,,0,WEST,"LABRUCHERIE AV","BRADSHAW AV",0.00,,Y,A,-,N,,,,,,,,,,Y,4,0,2,2,A,-,12,21453,A,N,A,C,A,A,H,-,C,A,0,,,,,Y,,A,01,0,0,2,0,0,0,0,0,0,"- ","- ",,,IMPERIAL,"EL CENTRO",-115.57866668701172,32.811065673828125
9650135,2023,2024-02-16,1304,2023-12-24,1648,335,EPTRL,7,5,4,1304,0,0,0,,0,0E1,IMPERIAL,ROSS,0.00,,Y,A,-,N,,,,,,,,,,Y,3,0,1,3,A,-,08,22107,,N,C,E,A,A,H,-,C,D,0,,,,,Y,,A,01,0,1,0,0,0,0,0,0,0,"- ","- ",32.782440185546875,-115.56961059570312,IMPERIAL,"EL CENTRO",-115.56968688964844,32.781482696533203
9650136,2023,2024-02-16,1304,2023-12-21,1800,327,E1,4,5,4,1304,0,0,0,,0,WEST,"S IMPERIAL AV","S IMPERIAL AV 1800 BLOCK",0.00,,-,B,-,N,,,,,,,,,,Y,4,0,1,3,A,-,22,23123,A,N,C,C,A,A,H,-,C,A,0,,,,,Y,,A,01,0,0,1,0,0,0,0,0,0,"- ","- ",32.774829864501953,-115.56964874267578,IMPERIAL,"EL CENTRO",-115.56957244873047,32.777179718017578
9650137,2023,2024-07-01,1304,2023-12-23,1607,E4276,,6,5,4,1304,0,0,0,,0,EWEST,"LA BRUCHERIE",ROSS,0.00,,Y,A,-,N,,,,,,,,,,Y,4,0,1,2,A,-,12,21453,A,N,B,C,A,A,H,-,A,A,0,,,,,Y,,A,01,0,0,1,0,0,0,0,0,0,"- ","- ",,,IMPERIAL,"EL CENTRO",-115.57848358154297,32.781475067138672
9650138,2023,2024-02-21,1304,2023-12-17,"359 ",358,,7,5,4,1304,0,0,0,,0,EAST,COMMERCIAL,6TH,0.00,,Y,A,-,N,,,,,,,,,,Y,2,0,2,4,A,-,03,22350,,F,H,E,A,A,H,-,C,D,0,,,,,Y,,A,01,1,1,0,0,0,0,0,0,0,"- ","- ",,,IMPERIAL,"EL CENTRO",-115.55694580078125,32.794883728027344
9650139,2023,2024-02-21,1304,2023-12-16,"223 ",E0038,6,6,5,4,1304,0,0,0,,0,EAST,GILLETT,"EVAN HEWES",0.00,,N,A,-,N,,,,,,,,,,Y,3,0,2,2,A,-,01,23152,B,N,A,C,A,A,H,-,C,A,0,,,,,Y,Y,A,01,0,2,0,0,0,0,0,0,0,"- ","- ",32.792858123779297,-115.52742767333984,IMPERIAL,"EL CENTRO",-115.52696990966797,32.792949676513672
9650140,2023,2024-02-21,1304,2023-12-21,1140,362,,4,5,4,1304,0,0,0,,0,WEST,"COTTONWOOD DR",CRUICKSHANK,13.00,E,N,A,-,N,,,,,,,,,,N,3,0,1,2,A,-,05,21202,,N,G,B,B,A,H,-,A,D,0,Y,,,,Y,,N,60,0,1,0,0,1,0,0,0,0,"- ","- ",,,IMPERIAL,"EL CENTRO",-115.57084655761719,32.814708709716797
9650233,2023,2024-01-16,1304,2023-11-20,1042,391,EPTRL,1,5,4,1304,0,0,0,,0,WEST,"LA BRUCHLERIE",ADAMS,213.00,S,N,A,-,N,,,,,,,,,,N,3,0,1,3,A,-,03,22350,,N,C,C,A,A,H,-,A,A,0,,,,Y,Y,,A,01,0,1,0,0,0,0,0,0,0,"- ","- ",,,IMPERIAL,"EL CENTRO",-115.57871246337891,32.795967102050781
9650677,2023,2024-01-17,1304,2023-10-31,"623 ",368,E1,2,5,4,1304,0,0,0,,0,WEST,"NORTH IMPERIAL AV","BARBARA WORTH DR",0.00,,Y,A,-,N,,,,,,,,,,Y,2,0,1,2,A,-,10,21950,A,N,G,B,B,A,H,-,C,B,0,Y,,,,Y,Y,A,01,1,0,0,0,1,0,0,0,0,"- ","- ",,,IMPERIAL,"EL CENTRO",-115.5699462890625,32.794631958007812
9651064,2023,2024-01-04,1301,2023-10-05,1030,9A5,BRAWL,4,5,3,1301,0,0,0,,0,002,"LEGION RD","LA VALENCIA",0.00,,N,A,-,N,,,,,,,,,,Y,4,0,1,2,A,-,03,22350,,N,C,E,A,A,H,-,A,D,0,,,,,Y,,D,22,0,0,1,0,0,0,0,0,0,"- ","- ",,,IMPERIAL,BRAWLEY,-115.56313323974609,32.95989990234375
9651349,2023,2024-01-05,1301,2023-11-28,1957,914,BRAWL,2,5,3,1301,0,0,0,,0,001,"7TH ST","ADLER ST",0.00,,Y,A,-,N,,,,,,,,,,N,3,0,1,2,A,-,00,20001,A,F,D,G,A,A,H,-,C,A,0,,Y,,,Y,,D,22,0,1,0,0,0,0,1,0,0,"- ","- ",32.986000061035156,-115.53115081787109,IMPERIAL,BRAWLEY,-115.53114318847656,32.986045837402344
9652393,2024,2025-03-27,1301,2024-01-14,1224,4022,BRAWL,7,5,3,1301,0,0,0,,0,0B3,"COLEGROVE RD","TRAIL ST",0.00,,Y,A,-,N,,,,,,,,,,Y,2,0,2,2,A,-,09,21800,A,N,D,C,A,A,H,-,A,D,0,,,,,Y,,A,01,1,0,1,0,0,0,0,0,0,"- ","- ",,,IMPERIAL,BRAWLEY,-115.52001953125,32.98760986328125
9652394,2024,2024-03-23,1301,2024-01-03,1314,919,BPD,3,5,3,1301,0,0,0,,0,0B1,"N 9TH ST","N 9TH ST 100",0.00,,N,C,-,N,,,,,,,,,,N,4,0,1,2,A,-,03,22350,,N,C,C,A,B,H,-,A,D,0,,,,,Y,,-,,0,0,1,0,0,0,0,0,0,"- ","- ",32.979171752929688,-115.52839660644531,IMPERIAL,BRAWLEY,-115.52864837646484,32.9786376953125
9652997,2023,2024-02-05,1301,2023-12-12,"941 ",9A4,BRAWL,2,5,3,1301,0,0,0,,0,0B4,"MALAN ST","9TH ST",0.00,,Y,A,-,N,,,,,,,,,,N,3,0,1,3,A,-,00,21703,A,N,C,C,A,A,H,-,A,D,0,,,,,Y,,A,01,0,1,0,0,0,0,0,0,0,"- ","- ",,,IMPERIAL,BRAWLEY,-115.53037261962891,32.970760345458984
9656066,2023,2024-01-11,1304,2023-10-23,"826 ",391,EPTRO,1,5,4,1304,0,0,0,,0,WEST,IMPERIAL,PICO,44.00,S,N,A,-,Y,IMP,11,86,-,-,7.910,H,-,N,N,3,0,1,4,A,-,03,22350,,F,C,C,A,A,H,-,A,A,0,,,,,Y,,-,,0,1,0,0,0,0,0,0,0,"- ","- ",,,IMPERIAL,"EL CENTRO",-115.56975555419922,32.805320739746094
9656419,2023,2024-03-08,1304,2023-12-30,1340,338,ELCE,6,5,4,1304,0,0,0,,0,WEST,"IMPERIAL AV","PICO AV",325.00,N,N,A,-,Y,IMP,11,86,-,-,7.990,H,-,N,Y,4,0,2,3,A,-,03,22350,,N,C,C,A,A,H,-,A,D,0,,,,,Y,,A,01,0,0,2,0,0,0,0,0,0,"- ","- ",,,IMPERIAL,"EL CENTRO",-115.56975555419922,32.8065185546875
9656802,2023,2024-01-26,1301,2023-11-13,1752,913,BRAWL,1,5,3,1301,0,0,0,,0,0B1,"NORTH IMPERIAL AV","D ST",0.00,,Y,A,-,N,,,,,,,,,,N,2,0,1,2,A,-,10,21950,A,N,G,B,B,A,H,-,C,A,0,Y,,,,Y,,-,"- ",1,0,0,0,1,0,0,0,0,"- ","- ",,,IMPERIAL,BRAWLEY,-115.53498077392578,32.980869293212891
9656803,2023,2024-01-26,1301,2023-11-24,1820,DSACRABI,BRAWL,5,5,3,1301,0,0,0,,0,0B3,"9TH ST",GST2,0.00,,Y,A,-,N,,,,,,,,,,,3,0,1,2,A,-,09,21802,A,N,D,C,A,A,H,-,C,A,0,,,,,Y,,A,07,0,1,0,0,0,0,0,0,0,"- ","- ",,,IMPERIAL,BRAWLEY,,
9664742,2023,2024-03-04,1304,2023-12-22,1649,343,ELCE,5,5,4,1304,0,0,0,,0,WEST,"8TH ST","EL CENTRO",0.00,,Y,A,-,N,,,,,,,,,,N,4,0,1,2,A,-,09,21804,A,N,D,G,A,A,H,-,B,D,0,,Y,,,Y,,L,04,0,0,1,0,0,0,1,0,0,"- ","- ",32.797351837158203,-115.56150054931641,IMPERIAL,"EL CENTRO",-115.56147003173828,32.797458648681641
9664743,2023,2024-07-02,1304,2023-12-04,1442,352,ELCE,1,5,4,1304,0,0,0,,0,EAST,"ROSS AV","DOGWOOD RD",10.00,E,N,A,-,N,,,,,,,,,,N,4,0,1,2,A,-,04,21703,,N,C,C,A,A,H,-,A,A,0,,,,,Y,,A,08,0,0,1,0,0,0,0,0,0,"- ","- ",32.781509399414062,-115.53504943847656,IMPERIAL,"EL CENTRO",-115.53534698486328,32.781490325927734
9665272,2024,2024-03-30,1304,2024-01-29,2008,363,ECPD,1,5,4,1304,0,0,0,,0,WEST,"MAIN ST","12TH ST",0.00,,Y,A,-,N,,,,,,,,,,N,3,0,1,2,A,-,12,22450,A,N,H,G,A,B,H,-,C,D,0,,Y,,,Y,Y,L,04,0,1,0,0,0,0,1,0,0,"- ","- ",32.792999267578125,-115.56564331054688,IMPERIAL,"EL CENTRO",-115.56553649902344,32.792831420898438
9668869,2024,2024-04-18,1301,2024-02-19,1907,9A10,BRAWL,1,5,3,1301,0,0,0,,0,001,"K ST","2ND ST",0.00,,Y,A,-,N,,,,,,,,,,Y,3,0,2,2,A,-,09,21801,,N,A,C,A,A,H,-,C,A,0,,,,,Y,,A,07,0,2,0,0,0,0,0,0,0,"- ","- ",,,IMPERIAL,BRAWLEY,-115.53945159912109,32.973110198974609
9670110,2024,2024-04-12,1301,2024-01-30,"809 ",9A5,BRAWL,2,5,3,1301,0,0,0,,0,002,"RT 86","LEGION RD",0.00,S,N,A,-,Y,IMP,11,86,-,-,19.120,H,-,S,N,4,0,1,2,A,-,03,22350,,N,C,C,A,A,H,-,A,D,0,,,,,Y,,D,22,0,0,1,0,0,0,0,0,0,"- ","- ",,,IMPERIAL,BRAWLEY,-115.55108642578125,32.959030151367188
9675274,2024,2024-05-17,1301,2024-01-15,1159,9A13,BRAWL,1,5,3,1301,0,0,0,,0,0B4,"RT 111","RT 78",1.00,S,N,A,-,Y,IMP,11,111,-,R,22.000,H,-,N,Y,4,0,2,2,A,-,04,21703,,N,C,C,A,A,H,-,A,D,0,,,,,Y,,-,,0,0,2,0,0,0,0,0,0,"- ","- ",,,IMPERIAL,BRAWLEY,-115.50119781494141,32.978446960449219
9676659,2024,2024-05-20,1304,2024-03-11,1531,355,ECPD,1,5,4,1304,0,0,0,,0,WEST,"8TH ST","CENTINELA AV",0.00,,Y,A,-,N,,,,,,,,,,N,4,0,1,2,A,-,03,22350,,N,C,C,A,A,H,-,A,D,0,,,,,Y,,A,01,0,0,1,0,0,0,0,0,0,"- ","- ",32.776981353759766,-115.56118774414062,IMPERIAL,"EL CENTRO",-115.56117248535156,32.776981353759766
9683289,2024,2024-04-03,1304,2024-02-13,1235,362,ECPD,2,5,4,1304,0,0,0,,0,EAST,8TH,"EL CENTRO",0.00,,Y,A,-,N,,,,,,,,,,Y,3,0,1,2,A,-,09,21802,A,N,D,C,A,A,H,-,A,A,0,,,,,Y,,A,01,0,1,0,0,0,0,0,0,0,"- ","- ",,,IMPERIAL,"EL CENTRO",-115.56147003173828,32.797458648681641
9683309,2024,2024-05-20,1304,2024-03-03,2005,339,ECPD,7,5,4,1304,0,0,0,,0,,"ADAMS AV","N LA BRUCHERIE RD",0.00,,N,G,-,N,,,,,,,,,,Y,4,0,1,7,A,-,01,23152,A,N,B,E,A,A,H,-,C,D,0,,,,,Y,Y,-,,0,0,1,0,0,0,0,0,0,"- ","- ",32.796611785888672,-115.57379150390625,IMPERIAL,"EL CENTRO",-115.57872009277344,32.796550750732422
9683324,2024,2024-06-03,1304,2024-03-24,1351,325,ECPD,7,5,4,1304,0,0,0,,0,EAST,ORANGE,NEW,0.00,,Y,A,-,N,,,,,,,,,,N,3,0,1,2,A,-,12,22450,A,F,D,C,A,A,H,-,A,D,0,,,,,Y,,A,01,0,1,0,0,0,0,0,0,0,"- ","- ",32.776031494140625,-115.55339050292969,IMPERIAL,"EL CENTRO",-115.54763031005859,32.788764953613281
9683325,2024,2024-05-17,1304,2024-03-14,1211,328,ECPD,4,5,4,1304,0,0,0,,0,WEST,OCOTILLO,COTTONWOOD,0.00,,Y,A,-,N,,,,,,,,,,Y,3,0,1,2,A,-,09,21801,A,N,D,C,A,A,H,-,A,D,0,,,,,Y,,A,01,0,1,0,0,0,0,0,0,0,"- ","- ",,,IMPERIAL,"EL CENTRO",-115.57099151611328,32.777179718017578
9683326,2024,2024-05-13,1304,2024-03-18,2154,363,ECPD,1,5,4,1304,0,0,0,,0,WEST,"ADAMS AV","12TH ST",0.00,,Y,A,-,N,,,,,,,,,,Y,4,0,1,2,A,-,09,21801,A,N,D,C,A,A,H,-,C,D,0,,,,,Y,,-,,0,0,1,0,0,0,0,0,0,"- ","- ",32.796581268310547,-115.56558990478516,IMPERIAL,"EL CENTRO",-115.56558227539062,32.796504974365234
9683327,2024,2024-05-17,1304,2024-03-19,"650 ",325,ECKC,2,5,4,1304,0,0,0,,0,EAST,BROADWAY,7TH,0.00,,Y,A,-,N,,,,,,,,,,Y,3,0,1,2,A,-,12,22450,A,N,D,B,A,A,H,-,B,D,0,,,,,Y,,A,01,0,1,0,0,0,0,0,0,0,"- ","- ",,,IMPERIAL,"EL CENTRO",-115.55911254882812,32.793865203857422
9683912,2024,2024-04-17,1304,2024-02-05,1800,352,E1,1,5,4,1304,0,0,0,,0,WEST,"SOUTH 4TH ST","ROSS RD",0.00,,-,A,-,N,,,,,,,,,,N,4,0,1,2,A,-,03,22350,A,N,C,C,A,A,H,-,C,A,0,,,,,Y,,A,01,0,0,1,0,0,0,0,0,0,"- ","- ",32.780849456787109,-115.55236053466797,IMPERIAL,"EL CENTRO",-115.55242919921875,32.781448364257812
9683913,2024,2024-04-17,1304,2024-02-15,1614,325,ECPD,4,5,4,1304,0,0,0,,0,EAST,DOGWOOD,COMMERCIAL,105.00,,N,A,-,N,,,,,,,,,,Y,3,0,1,2,A,-,08,22107,,F,E,I,A,A,H,-,A,D,0,,,,,Y,,-,99,0,1,0,0,0,0,0,0,0,"- ","- ",,,IMPERIAL,"EL CENTRO",-115.53565216064453,32.794883728027344
9695618,2024,2024-10-09,1304,2024-05-02,1320,395,ECPD,4,5,4,1304,0,0,0,,0,EAST,SIXTH,WENSLEY,0.00,,Y,A,-,N,,,,,,,,,,Y,4,0,1,2,A,-,09,21802,A,N,D,C,A,A,H,-,A,A,0,,,,,Y,,A,01,0,0,1,0,0,0,0,0,0,"- ","- ",,,IMPERIAL,"EL CENTRO",-115.55686950683594,32.784030914306641
9695634,2024,2024-10-09,1304,2024-05-12,"811 ",352,ECPD,7,5,4,1304,0,0,0,,0,WEST,"IMPERIAL AV","BRADSHAW AVE",0.00,,Y,A,-,N,,,,,,,,,,Y,4,0,2,2,A,-,12,21453,A,N,D,C,A,A,H,-,A,A,0,,,,,Y,,A,01,0,0,2,0,0,0,0,0,0,"- ","- ",,,IMPERIAL,"EL CENTRO",-115.56999969482422,32.811092376708984
9695638,2024,2024-10-09,1304,2024-05-24,1230,328,ECPD,5,5,4,1304,0,0,0,,0,WEST,IMPERIAL,BRIGHTON,0.00,,Y,A,-,N,,,,,,,,,,Y,3,0,2,2,A,-,09,21802,A,N,D,D,A,A,H,-,A,A,0,,,,,Y,,A,01,0,2,0,0,0,0,0,0,0,"- ","- ",,,IMPERIAL,"EL CENTRO",-115.56983947753906,32.789627075195312
9695681,2023,2024-05-17,1301,2023-01-28,1925,B910,,6,5,3,1301,0,0,0,,0,0B2,1ST,"K ST",88.00,N,N,A,-,N,,,,,,,,,,Y,2,0,1,1,A,-,03,22350,,N,E,I,A,A,H,-,C,A,0,,,,,Y,Y,A,07,1,0,0,0,0,0,0,0,0,"- ","- ",,,IMPERIAL,BRAWLEY,-115.54166412353516,32.973342895507812
9695816,2024,2024-06-27,1304,2024-04-03,1113,358,,3,5,4,1304,0,0,0,,0,WEST,EIGHTH,"OLEANDER AV",0.00,,Y,A,-,N,,,,,,,,,,Y,4,0,2,2,A,-,12,22450,A,N,D,C,A,A,H,-,A,A,0,,,,,Y,,A,01,0,0,2,0,0,0,0,0,0,"- ","- ",,,IMPERIAL,"EL CENTRO",-115.56147003173828,32.803226470947266
9695819,2024,2024-06-27,1304,2024-03-30,1311,334,ECPD,6,5,4,1304,0,0,0,,0,EASTT,SEVENTH,SANDY,0.00,,Y,B,G,N,,,,,,,,,,N,3,0,1,2,A,-,09,21800,B,N,D,J,A,A,H,-,A,D,0,,,,,Y,,M,94,0,1,0,0,0,0,0,0,0,"- ","- ",,,IMPERIAL,"EL CENTRO",-115.55922698974609,32.804801940917969
9695820,2024,2024-09-25,1304,2024-04-29,"817 ",352,ECPD,1,5,4,1304,0,0,0,,0,WEST,"4TH ST","RT 8",0.00,,Y,A,-,Y,IMP,11,86,-,-,5.990,H,-,S,N,4,0,1,2,A,-,03,22350,A,N,C,C,A,A,H,-,A,A,0,,,,,Y,,A,01,0,0,1,0,0,0,0,0,0,"- ","- ",33.773448944091797,-115.55227661132812,IMPERIAL,"EL CENTRO",-115.55233001708984,32.773532867431641
9695831,2024,2024-09-26,1304,2024-03-30,1659,327,ECPD,6,5,4,1304,0,0,0,,0,WEST,FOURTH,MAIN,0.00,,Y,B,C,Y,IMP,11,86,-,L,7.308,I,5,S,Y,4,0,1,2,A,-,12,21453,A,N,D,C,A,B,H,-,A,A,0,,,,,Y,,A,01,0,0,1,0,0,0,0,0,0,"- ","- ",32.792831420898438,-115.55274200439453,IMPERIAL,"EL CENTRO",-115.55252075195312,32.792842864990234
9696341,2024,2024-05-13,1301,2024-04-09,"845 ",914,BRAWL,2,5,3,1301,0,0,0,,0,003,"BEST RD","C ST",0.00,,Y,A,-,N,,,,,,,,,,N,4,0,1,2,A,-,09,21803,A,F,A,B,B,A,B,-,A,A,0,Y,,,,Y,,A,01,0,0,1,0,1,0,0,0,0,"- ","- ",,,IMPERIAL,BRAWLEY,-115.50933837890625,32.982334136962891
9696398,2024,2024-05-20,1304,2024-03-28,1207,343,ELCE,4,5,4,1304,0,0,0,,0,WEST,IMPERIAL,"W EL DORADO AV",0.00,,N,A,-,Y,IMP,11,86,-,-,8.210,H,-,N,N,4,0,1,2,A,-,03,22350,,M,C,C,A,A,H,-,A,D,0,,,,,Y,,A,01,0,0,1,0,0,0,0,0,0,"- ","- ",,,IMPERIAL,"EL CENTRO",-115.56980133056641,32.809772491455078
9699132,2024,2024-06-03,1304,2024-04-19,1633,334,ECPD,5,5,4,1304,0,0,0,,0,WEST,"MAIN ST",2ND,0.00,,Y,A,G,N,,,,,,,,,,Y,3,0,3,3,A,-,09,21802,A,N,D,C,A,A,H,-,A,D,0,,,,,Y,,A,01,0,3,0,0,0,0,0,0,0,"- ","- ",32.811939239501953,-115.57660675048828,IMPERIAL,"EL CENTRO",-115.54647827148438,32.792831420898438
9699149,2024,2024-07-29,1304,2024-03-29,1957,362,ECPD,5,5,4,1304,0,0,0,,0,EAST,"EVAN HEWES","GILLETTE RD",0.00,,Y,A,-,N,,,,,,,,,,Y,3,0,7,1,A,-,08,22107,,N,F,J,A,A,H,-,C,D,0,,,,,Y,,A,07,0,6,1,0,0,0,0,0,0,"- ","- ",,,IMPERIAL,"EL CENTRO",-115.52696990966797,32.792949676513672